,sta0_datasz,sta2_datasz,sta3_datasz,sta4_datasz,sta5_datasz,sta6_datasz,sta7_datasz,sta8_datasz,sta10_datasz,sta1_datasz,sta9_datasz,T,host_consumption_sta4,training_time_sta4,host_consumption_sta8,training_time_sta8,host_consumption_sta0,training_time_sta0,host_consumption_sta1,training_time_sta1,host_consumption_sta6,training_time_sta6,host_consumption_sta7,training_time_sta7,host_consumption_sta10,training_time_sta10,host_consumption_sta3,training_time_sta3,host_consumption_sta2,training_time_sta2,host_consumption_sta5,training_time_sta5,consumption_sta8,consumption_sta4,consumption_sta10,consumption_sta2,consumption_sta9,consumption_sta6,consumption_sta5,consumption_sta3,consumption_sta0,consumption_sta7,consumption_sta1,mean_acc,host_consumption_sta9,training_time_sta9
0,747441792.0,1127121216.0,1047892992.0,436739904.0,1134796608.0,996387072.0,1025018304.0,352007616.0,748451712.0,683362368.0,1101267264.0,3.9507975416723125e-08,107844572.0,1.0487792491912842,103339518.0,0.9715211391448975,140963018.0,1.3654046058654785,141796146.0,1.3483903408050537,168255063.0,1.5742762088775635,174892375.0,1.631225347518921,174082196.0,1.6024837493896484,189463932.0,1.8159477710723877,192400081.0,1.8554725646972656,194315055.0,1.8871231079101562,799.6591698270233,715.7923225930928,768.9586092687001,714.0912634079913,759.6464648829493,756.8277153167105,803.058009878851,775.9537224609586,1060.8157397419104,791.405127207062,828.9403975590676,0.8508825396949594,,
1,,,,,,,,,,,,8.677727457891708e-08,61293484.0,0.6840600967407227,67533091.0,0.7149097919464111,120324399.0,1.5704827308654785,76744677.0,0.8724813461303711,121229182.0,1.5992896556854248,103327677.0,1.200080394744873,106390658.0,1.2848875522613525,134552085.0,2.012568712234497,,,132120328.0,1.9423203468322754,1110.5206077088885,1265.9546231172806,1068.4933230190923,1254.004472524009,1063.0538930888724,1281.0846345525383,1302.4523994961241,1279.4399978929862,1307.1301207069025,1273.975232565095,1290.3089113974706,0.34398992495103314,,
2,,,,,,,,,,,,4.103121040952097e-08,50688407.0,0.5990383625030518,67700205.0,0.7646698951721191,128625037.0,1.6125776767730713,124005420.0,1.525052547454834,133553308.0,1.6951754093170166,110532249.0,1.290266990661621,,,148244249.0,2.036850929260254,135331319.0,1.7212355136871338,146232231.0,2.005012035369873,1465.8530781295583,1526.4184452233853,1490.4715408360544,1561.5991265358964,1443.072107811661,1490.8267092299195,1505.8201775380505,1558.2011831297514,1557.0563722727572,1440.8110207413674,1575.3985769940543,0.3648788427764719,147666492.0,2.171765089035034
3,,,,,,,,,,,,4.1725182014926246e-08,83485931.0,0.7352609634399414,93979984.0,0.7756295204162598,169203180.0,1.4979057312011719,115974251.0,1.0268495082855225,153007238.0,1.2868852615356445,184617020.0,2.008467674255371,161847975.0,1.3589446544647217,167989438.0,1.4558403491973877,169476068.0,1.482884407043457,168688533.0,1.4497556686401367,1811.9897448146223,1963.7986502159733,1853.4826451976896,1976.8518998862744,1806.2807139436484,1809.746584866017,1829.30907312635,1754.4006903489499,1794.6844511452232,1782.0651092643554,1836.0663314504473,0.44951337575912476,,
4,,,,,,,,,,,,3.488086539812256e-08,50417107.0,0.5838160514831543,54400618.0,0.5853524208068848,124270312.0,1.5392606258392334,120418515.0,1.4715473651885986,128878211.0,1.5937378406524658,138795971.0,1.9137451648712158,,,142181154.0,1.9926707744598389,131761016.0,1.6742095947265625,118516237.0,1.4080467224121094,2111.943860326314,2377.652459418294,2123.954480947882,2276.764217518557,2022.746088352551,2176.9643776389958,2193.2119619765913,2127.890069528314,1953.0368484978703,2010.1043286212084,2064.945147436306,0.4283267991109328,,
5,,,,,,,,,,,,4.1610248960972226e-08,77723800.0,0.708920955657959,84875393.0,0.7337887287139893,112624651.0,1.0389399528503418,106077121.0,0.9738855361938477,165518192.0,1.6884136199951172,174609416.0,2.0177829265594482,146252067.0,1.334620475769043,149650373.0,1.3843276500701904,166779785.0,1.6830418109893799,155891202.0,1.4528110027313232,2330.461240220816,2847.602745307814,2517.2759870853415,2672.870021343963,2401.4498420293367,2385.251492330073,2421.042672340657,2409.948496796281,2216.4581735558545,2164.7131376950156,2320.1145797128634,0.7122209451415322,,
6,,,,,,,,,,,,7.917438145573404e-08,82625154.0,0.7857990264892578,76850389.0,0.7036283016204834,111009359.0,1.062474012374878,108241483.0,1.030013084411621,170346976.0,1.6899769306182861,161332106.0,1.4788246154785156,148814255.0,1.3254969120025635,157867271.0,1.4623267650604248,158956746.0,1.481410264968872,165825930.0,1.542433500289917,2771.187430265958,3255.3071194771856,2976.2460370796866,3062.6663487439396,2846.6281339180355,2862.963757715101,2888.342151101041,2707.1963015867177,2550.8845767655444,2468.5587280742225,2683.3247122703783,0.8252705850384452,,
7,,,,,,,,,,,,5.0683254154471175e-08,,,49295284.0,0.5233590602874756,71734069.0,0.8317859172821045,105964023.0,1.2997779846191406,,,,,90659314.0,1.0226964950561523,119347656.0,1.6889185905456543,101437668.0,1.2028007507324219,,,3196.952081691185,3555.0833245545696,3394.3515948477275,3401.703295715872,3235.0207927502315,3107.949533923631,3181.50562390439,2977.231709861383,2914.6441180424026,2861.6719241238807,2919.262754708921,0.7598082775419409,107838836.0,1.3871269226074219
8,,,,,,,,,,,,1.3557032509852685e-07,,,76867662.0,0.6557137966156006,168160946.0,1.5780713558197021,105222386.0,0.9654490947723389,174053387.0,1.6444790363311768,153908236.0,1.3522374629974365,145074214.0,1.2475440502166748,187309701.0,1.9990010261535645,177849460.0,1.7280070781707764,163155588.0,1.472715139389038,3465.36407770151,3904.0765593671886,3664.208466990938,3803.633120438054,3555.28038316345,3416.9982056566237,3460.3971973711596,3276.022386273703,3096.6834174946293,3109.1578186083666,3166.5254716659133,0.8531945158134807,173302230.0,1.644712209701538
9,,,,,,,,,,,,1.186066017726149e-07,69549870.0,0.6501586437225342,73542353.0,0.6488864421844482,154230745.0,1.533151626586914,98554191.0,0.9320454597473145,138088147.0,1.271695613861084,135641132.0,1.2410874366760254,,,170815969.0,1.9828426837921143,,,148192553.0,1.406902551651001,3825.7169079512164,4253.126553528562,4084.4839292965817,4208.17215095591,3957.883309194928,3623.9842587788,3873.392916757094,3571.4972529966362,3382.6365434804416,3283.2366125214903,3497.2387403109465,0.8463646363128315,154224458.0,1.547135591506958
10,,,,,,,,,,,,9.758976068342511e-08,62758384.0,0.6086621284484863,79139813.0,0.7303013801574707,97298884.0,0.9635787010192871,140243049.0,1.4662210941314697,143137451.0,1.5532119274139404,125743880.0,1.2458810806274414,,,159411518.0,1.9790198802947998,,,135867389.0,1.3796591758728027,4219.077159694744,4561.020913106208,4472.959470227004,4518.878181360001,4406.84791786994,4027.9412764435842,4141.893971717949,3877.262694410942,3619.3600705049225,3640.466789758379,3797.095834912516,0.8150228566744111,149226547.0,1.8077425956726074
11,,,,,,,,,,,,6.96973805341475e-08,64512713.0,0.6518242359161377,78136519.0,0.7452435493469238,95115052.0,0.9769165515899658,139975105.0,1.5299181938171387,127602090.0,1.3177597522735596,157361108.0,1.9931821823120117,129097082.0,1.3579003810882568,158040672.0,1.965017557144165,146791372.0,1.6654129028320312,160883804.0,2.0627198219299316,4590.127673270764,5071.699182161113,4869.882476260588,4751.588775038455,4806.795890119931,4406.570396662096,4581.5747439631805,4085.5744077232866,3880.713449160121,3992.836522602308,3962.683899831018,0.9247502738779242,,
12,,,,,,,,,,,,9.184998525772688e-08,68667915.0,0.627692461013794,86363305.0,0.739048957824707,144345700.0,1.3795206546783447,95973571.0,0.8947947025299072,152842626.0,1.5845332145690918,139024608.0,1.2587625980377197,,,140622504.0,1.3081741333007812,145122981.0,1.3687751293182373,,,4858.714415430732,5546.27474121639,5143.98175858986,5200.432926052815,5047.467121388047,4779.512950081614,4908.499351585992,4393.280498253901,4158.347572912736,4151.646998709306,4248.075687747145,0.8696252215992321,157240015.0,1.8039333820343018
13,,,,,,,,,,,,1.0843961668385687e-07,80071511.0,0.7425181865692139,80297584.0,0.7082750797271729,117315740.0,1.0996654033660889,156659145.0,1.4362003803253174,175637490.0,1.6850779056549072,154548676.0,1.3626062870025635,,,155567472.0,1.4058361053466797,163714852.0,1.4969244003295898,169409539.0,1.5583775043487549,5227.29839732847,5803.215310578761,5543.2975153553625,5488.160705970869,5405.318225202811,4985.6607870065955,5104.599827820245,4581.009956191683,4398.533292906156,4385.272301042656,4546.962371982581,0.9000874541022561,172281297.0,1.6693077087402344
14,,,,,,,,,,,,7.612366183205892e-08,52285267.0,0.6411652565002441,55292766.0,0.6411471366882324,115484995.0,1.5817923545837402,113612808.0,1.5432648658752441,126345013.0,1.7646031379699707,137408401.0,2.103440999984741,91523020.0,1.1322126388549805,135994586.0,2.0224359035491943,123735401.0,1.72102689743042,138253430.0,2.111405849456787,5621.429381928011,6291.366384433212,5957.61627023484,5895.223227378548,5830.492699772938,5363.468922536747,5542.867222028637,4851.106256666609,4649.187054097398,4779.0497665005605,4697.76555270611,0.9445229985497214,,
15,,,,,,,,,,,,1.0089208449563887e-07,44425423.0,0.5412240028381348,52202076.0,0.5960235595703125,119942198.0,1.7013366222381592,116458565.0,1.6222412586212158,96220945.0,1.1900763511657715,129930515.0,1.9515719413757324,,,138001051.0,2.183751106262207,,,131578093.0,1.9842309951782227,5977.569278977535,6716.798626917509,6360.819346921176,6268.028660368371,6231.934143679183,5658.000363415481,5819.155980553309,5149.3593987903605,4906.411818968583,5009.126418073471,5016.776984162345,0.9095893502235413,121523675.0,1.7399003505706787
16,,,,,,,,,,,,1.414371690999195e-07,51727163.0,0.5851821899414062,57914464.0,0.6164805889129639,119641417.0,1.5291874408721924,118180972.0,1.49434232711792,103487406.0,1.2051663398742676,138989940.0,2.0469188690185547,,,136010882.0,1.9173974990844727,126425275.0,1.6562011241912842,,,6358.729445896518,7152.297289436057,6724.275985189784,6726.89430378138,6601.83792888738,6034.709015704096,6103.365020032654,5512.5253282751055,5142.0432506647285,5268.504438005281,5260.631285661997,0.8743548203598369,129110692.0,1.7533690929412842
17,,,,,,,,,,,,1.0222893242822423e-07,70407229.0,0.6524155139923096,74247308.0,0.644505500793457,105575657.0,0.993262767791748,156356899.0,1.49477219581604,164805181.0,1.667891263961792,147580372.0,1.3483259677886963,132879177.0,1.1778113842010498,151305704.0,1.4174103736877441,165376590.0,1.6681036949157715,175068217.0,1.981203556060791,6712.522556470619,7607.444981096876,7070.424477962977,6991.645929565006,6960.781924612188,6423.969168847045,6403.182249060889,5710.884553376167,5447.166746288073,5524.42594719623,5396.727535790076,0.9543722542849454,,
18,,,,,,,,,,,,1.798054802507729e-07,65129289.0,0.6084656715393066,73406551.0,0.6424703598022461,151706581.0,1.4842123985290527,93967350.0,0.8842520713806152,135633137.0,1.2357656955718994,140808355.0,1.289687156677246,131464995.0,1.17771577835083,,,156057461.0,1.6004772186279297,147374989.0,1.3899147510528564,6967.599505248164,8040.961132942076,7366.347485895765,7445.046307330828,7238.539430759709,6734.0607504522,6718.522629763776,6137.529305733555,5728.652963981546,5872.972124985217,5710.475823250947,0.9469617821953513,,
19,,,,,,,,,,,,9.09287862086469e-08,83133637.0,0.7377476692199707,96403379.0,0.8054018020629883,167263732.0,1.4965214729309082,102204206.0,0.9201748371124268,155445037.0,1.3266654014587402,160343889.0,1.3676550388336182,160097124.0,1.3783762454986572,162069226.0,1.410505771636963,,,166684632.0,1.4571874141693115,7357.886594967424,8329.859021866743,7791.615586585425,7829.504872256189,7579.100905913831,6931.705014241837,6960.4148103779125,6296.509156413851,6021.978520158621,6035.713308207049,6049.920212399701,0.9552178707989779,176209449.0,1.8531174659729004
20,,,,,,,,,,,,1.1930638432920257e-07,73863764.0,0.6754796504974365,77613021.0,0.674170970916748,118166506.0,1.085418939590454,164252631.0,1.486229419708252,151627176.0,1.3155717849731445,156480129.0,1.354753017425537,149741926.0,1.280761480331421,159026448.0,1.4088091850280762,162074903.0,1.448866844177246,,,7740.3954672283135,8734.67934664826,8057.547474294943,8075.789234222735,7967.188869038503,7326.1706088252995,7253.5669334956965,6546.414726131452,6184.35732443353,6387.709773478624,6200.040485531455,0.94499825889414,169028010.0,1.7453227043151855
21,,,,,,,,,,,,1.2595964608613545e-07,64616900.0,0.5904312133789062,72552244.0,0.6264700889587402,140823492.0,1.3940792083740234,92755316.0,0.8680188655853271,150243939.0,1.6101293563842773,159818927.0,1.9724078178405762,,,,,136702286.0,1.330918550491333,140519782.0,1.3602521419525146,7956.009589936627,9089.877877028148,8432.674413568813,8552.82810873948,8365.176261798299,7624.139625837488,7515.799730469814,6959.604816701137,6427.115779000553,6585.567380760052,6493.794198637913,0.9389664368195967,152028725.0,1.7346539497375488
22,,,,,,,,,,,,8.835462955264436e-08,76903856.0,0.71030592918396,90711132.0,0.7887132167816162,161344313.0,1.4915556907653809,101683639.0,0.94980788230896,154947906.0,1.3749775886535645,157794213.0,1.3950974941253662,148830735.0,1.2944347858428955,176266272.0,1.9063222408294678,164364753.0,1.5016059875488281,161021500.0,1.4408047199249268,8320.420939532629,9618.66276616062,8842.058369588627,8939.80032618111,8604.627793366537,8010.901694324449,7705.957118822196,7233.522251598228,6657.241036301552,6892.139626273935,6698.7906088157915,0.9571298523382707,,
23,,,,,,,,,,,,1.1232452718349242e-07,88038837.0,0.8423466682434082,78549054.0,0.7217535972595215,99376394.0,0.9837143421173096,148287096.0,1.4964797496795654,164745794.0,1.844109296798706,173508467.0,2.1312918663024902,,,139767037.0,1.3842458724975586,145072993.0,1.447500467300415,176355323.0,2.176448106765747,8661.474828581711,9881.934720629468,9294.7328773296,9358.553847613119,9004.334347817145,8321.769130170755,7986.569536408044,7573.0901285832815,6899.231013576087,7186.964408481201,7009.1265307963695,0.9458166415041144,153368443.0,1.6113548278808594
24,,,,,,,,,,,,9.720500840339758e-08,72960628.0,0.6796727180480957,71883910.0,0.62823486328125,159176289.0,1.5087330341339111,158480795.0,1.4910292625427246,173011153.0,1.7107181549072266,182359274.0,2.0460009574890137,,,153034642.0,1.416943073272705,170972951.0,1.671386480331421,159224996.0,1.4645593166351318,9008.403877253026,10314.911951040085,9656.490641741058,9682.550314813521,9406.588244603787,8675.63917810655,8299.329113962369,7832.012864179162,7315.3591237241035,7465.154047273808,7254.893637778821,0.9393120299686085,167163818.0,1.6095411777496338
25,,,,,,,,,,,,1.0309576809316933e-07,73567988.0,0.6867837905883789,72207762.0,0.6431078910827637,99090628.0,0.9583303928375244,93312993.0,0.8924744129180908,,,153795383.0,1.960749864578247,119293579.0,1.15903639793396,153652194.0,1.9109301567077637,,,130895905.0,1.3364551067352295,9268.031917341264,10749.077053652009,9919.876139245704,10104.875697100748,9684.397335695061,8989.554853871008,8636.514196239206,8200.812581273314,7516.227151768076,7700.926082304756,7438.487415622181,0.9557600021362305,141569462.0,1.6339471340179443
26,,,,,,,,,,,,1.3836388563622917e-07,66684216.0,0.6566507816314697,68092355.0,0.6250288486480713,151138407.0,1.5243797302246094,149347213.0,1.490314245223999,158315146.0,1.7193825244903564,140827948.0,1.3411359786987305,127674234.0,1.1803321838378906,168463680.0,1.9950416088104248,149349715.0,1.4826269149780273,168084958.0,2.000852346420288,9630.44440166507,11165.286146108367,10323.433896789173,10479.249286654587,10065.154259612453,9168.560287604409,8905.382607409134,8485.077995551364,7903.303535197728,7861.84387878806,7822.425176270564,0.9642034552314065,,
27,,,,,,,,,,,,1.5857359337051707e-07,84599454.0,0.7679786682128906,77784896.0,0.6751840114593506,112310504.0,1.0376458168029785,105235570.0,0.9674422740936279,144765865.0,1.3514518737792969,176695043.0,2.008819341659546,,,177443881.0,1.950009822845459,165862003.0,1.675325870513916,156880885.0,1.5085537433624268,10022.488826932997,11431.986202307782,10590.94936874668,10707.3762369528,10497.041023767975,9500.2609153793,9210.253254639303,8663.264964420752,8144.591986261036,8213.302158581484,7961.973785218005,0.9528507102619518,168844477.0,1.832946538925171
28,,,,,,,,,,,,1.207856847456506e-07,,,67943552.0,0.6389675140380859,93096380.0,0.9324185848236084,86484764.0,0.8622980117797852,148650560.0,1.8088762760162354,157591088.0,2.1000852584838867,114008741.0,1.1577966213226318,116210213.0,1.1906027793884277,,,158781453.0,2.0969948768615723,10334.188157827073,11900.165073709692,11008.61072650299,11147.192621809332,10948.500735817846,9937.085275074827,9623.705944584335,8948.347487405457,8307.421182355065,8475.351064775112,8327.017228781195,0.9455948255278848,135324971.0,1.534308910369873
29,,,,,,,,,,,,1.4653467173914584e-07,71528626.0,0.6638808250427246,86569176.0,0.7531046867370605,161156203.0,1.4835970401763916,106101840.0,0.992302417755127,169466851.0,1.6484932899475098,155475859.0,1.3631870746612549,146730582.0,1.2644245624542236,160183733.0,1.4435863494873047,164862493.0,1.5062098503112793,163683114.0,1.4686315059661865,10673.071708637895,12248.299902966333,11452.862255344031,11525.69911948345,11243.359549244104,10242.14808121839,9892.570137122906,9345.656370280238,8704.127721204391,8710.374334933944,8688.898084667042,0.9644286849282004,,
30,,,,,,,,,,,,1.3061100581825894e-07,73031002.0,0.653611421585083,78943340.0,0.6683235168457031,103956399.0,0.9587104320526123,98382439.0,0.8999660015106201,150675518.0,1.6231379508972168,136498552.0,1.2726867198944092,127694559.0,1.168142557144165,,,139242747.0,1.3351936340332031,158547934.0,1.8934659957885742,10901.906526300414,12553.245608150475,11847.866046901549,11986.942122889212,11652.182060751476,10448.88798563882,10149.42817017511,9722.672849644987,8992.690684382624,8881.484457754534,9027.983665332229,0.963369678367268,,
31,,,,,,,,,,,,1.423802009744313e-07,66756971.0,0.7077052593231201,,,89959669.0,0.9717929363250732,130659211.0,1.465574026107788,140095223.0,1.6416683197021484,151724832.0,2.0007739067077637,,,149907575.0,1.883108377456665,139826913.0,1.6379432678222656,124699693.0,1.3511993885040283,11321.391479627559,12932.449730308821,12126.267221702223,12244.164704656132,12082.636074531243,10825.63861436427,10473.20053430513,9910.406289200002,9224.267253655024,9273.933156599553,9166.262094182224,0.9569987763058055,145132014.0,1.830941915512085
32,,,,,,,,,,,,1.472103699195824e-07,81814366.0,0.7345094680786133,,,159596332.0,1.429664134979248,107224274.0,0.9690439701080322,171201161.0,1.6362171173095703,154363679.0,1.3108291625976562,,,155880521.0,1.3614013195037842,163344003.0,1.4503734111785889,163127634.0,1.4281353950500488,11545.420368686713,13362.58105129168,12490.07029860057,12703.12302706586,12343.885418183581,11074.358557379317,10891.183189255691,10243.82101098175,9665.3070088777,9464.45262993518,9455.926461689009,0.9485341743989424,176692907.0,1.8615217208862305
33,,,,,,,,,,,,9.724722004217836e-08,72630125.0,0.693899393081665,,,113669264.0,1.0984125137329102,100147876.0,0.9689857959747314,146798575.0,1.3577237129211426,167861997.0,1.9707047939300537,138095411.0,1.2534937858581543,146153191.0,1.3705060482025146,147103383.0,1.3885061740875244,154043185.0,1.4718108177185059,11899.203329054373,13789.128913283008,12853.531304043507,13122.349215187443,12752.135323835202,11388.379014530396,11240.726112083916,10507.713319696259,9912.266141574388,9701.92244474216,9797.860333115555,0.9667544798417524,,
34,,,,,,,,,,,,1.102560348331219e-07,78386702.0,0.7099184989929199,72417967.0,0.622164249420166,103561868.0,0.9646453857421875,149076217.0,1.381380558013916,,,141984622.0,1.2570726871490479,,,148835922.0,1.357548713684082,162962474.0,1.578819990158081,154801545.0,1.4186644554138184,12246.944883326745,14091.266285371805,13344.645230188067,13439.36328693422,13106.213920093107,11849.341541843527,11490.788706123853,10710.661699405015,10150.551421221708,10011.94560946658,10039.783093755848,0.9589998126029968,157925621.0,1.5240564346313477
35,,,,,,,,,,,,9.80452713684483e-08,83904632.0,0.7845501899719238,76327320.0,0.6732451915740967,158999654.0,1.4743616580963135,163581979.0,1.4939618110656738,170780630.0,1.6763763427734375,180816065.0,2.024906635284424,141101262.0,1.2018518447875977,157958152.0,1.4313061237335205,165582096.0,1.52089524269104,160791947.0,1.4419665336608887,12613.06178550991,14540.093589944934,13632.23146150307,13884.217534138263,13501.181679810974,12193.73556618881,11907.219147398706,11262.167703849871,10420.544538390417,10397.145370174338,10284.607136764282,0.9707448482513428,,
36,,,,,,,,,,,,1.1183774982911724e-07,57374853.0,0.6088237762451172,59950225.0,0.6022257804870605,110275414.0,1.4255545139312744,78930645.0,0.8869509696960449,123651722.0,1.7162151336669922,133348353.0,2.057769775390625,98494865.0,1.1970176696777344,129374059.0,1.870098352432251,120324582.0,1.6283085346221924,,,12919.833685436559,14883.61294742698,14237.55096126288,14274.382085406376,13889.46179569449,12502.444540287976,12260.018239680667,11510.827926041009,10801.714176324778,10651.345883080156,10672.383510361933,0.9611060619354248,,
37,,,,,,,,,,,,1.334995903270945e-07,79147624.0,0.7290084362030029,79615763.0,0.6924130916595459,170890066.0,1.5560364723205566,162918223.0,1.4654350280761719,173250839.0,1.6523799896240234,158768026.0,1.364208459854126,158064292.0,1.3397228717803955,159491230.0,1.413231611251831,168026059.0,1.5030245780944824,167468260.0,1.470121145248413,13154.667995455278,15324.675777565279,14518.172298995523,14650.83472256268,14141.139830045171,12806.902832473546,12517.495699360981,11795.90677021384,10988.629350022306,10811.855655065554,10904.455798717385,0.9717627709562128,,
38,,,,,,,,,,,,1.208113418488626e-07,67620798.0,0.6989808082580566,63186850.0,0.6222455501556396,87718037.0,0.93753981590271,128230750.0,1.4800853729248047,114833447.0,1.2281088829040527,148316209.0,1.9540331363677979,,,149720686.0,1.9634568691253662,,,150473308.0,1.989851713180542,13500.06479434598,15591.58115284108,14967.659290130334,14926.823284842712,14561.786931817387,13017.594440710014,12704.019391128733,12034.537535544147,11274.830632009778,11053.10720134001,11084.921758910117,0.9547627026384528,130018405.0,1.5192852020263672
39,,,,,,,,,,,,1.2178660716496677e-07,71761352.0,0.7017979621887207,78880902.0,0.7282617092132568,156857142.0,1.4914298057556152,106480013.0,1.0373647212982178,153685764.0,1.40049147605896,159243489.0,1.4455366134643555,,,160640824.0,1.4903464317321777,164625128.0,1.540874719619751,161125991.0,1.4780676364898682,13808.196165640717,16071.061999143436,15257.335508208178,15323.943724812507,14884.97782623568,13429.81332666377,13062.514048782525,12413.488940922363,11449.241076339926,11236.89136601723,11311.458562237163,0.9414826956662264,169190301.0,1.691204309463501
40,,,,,,,,,,,,1.2938656257271198e-07,66874889.0,0.6071150302886963,78681073.0,0.6742310523986816,101456588.0,0.9484560489654541,142231264.0,1.3594579696655273,,,134599082.0,1.2270219326019287,,,137257400.0,1.2820348739624023,154040316.0,1.5582222938537598,166502259.0,1.901496410369873,14162.615989051368,16336.155430294923,15649.636071095574,15764.776402819083,15329.126736876144,13630.590115238507,13248.879121879198,12832.092637466843,11736.11632538112,11486.38779685005,11581.570292974695,0.9537637992338701,153353001.0,1.6103847026824951
41,,,,,,,,,,,,1.0553277519715282e-07,65745804.0,0.657646656036377,73685175.0,0.6879544258117676,147639758.0,1.498711109161377,151626565.0,1.5139496326446533,163831429.0,1.7551305294036865,174518718.0,2.1006686687469482,,,174050946.0,2.003002166748047,149018906.0,1.483158826828003,153303745.0,1.5177271366119385,14577.49831607704,16835.83334392369,16011.304350698845,16200.191432415408,15718.477171816281,13963.412979196084,13599.209961156012,13041.391290056179,12097.500803956807,11866.546371287768,11820.586502723596,0.9588929089632902,164906377.0,1.8252854347229004
42,,,,,,,,,,,,1.2844598365504346e-07,64694048.0,0.6498184204101562,62883384.0,0.6044116020202637,85863549.0,0.8978102207183838,124576647.0,1.4013946056365967,,,,,107818267.0,1.1200129985809326,,,130443392.0,1.5212140083312988,116473152.0,1.2391893863677979,14933.49886457977,17274.206756016763,16389.127257804725,16505.06721216552,16103.045310150845,14297.779471260228,13975.307071622114,13348.919811105567,12337.615911510327,12101.73470522894,12068.290326060483,0.9718326275998895,126463666.0,1.471435785293579
43,,,,,,,,,,,,1.553120707265054e-07,50041010.0,0.5590436458587646,,,,,123965992.0,1.4139559268951416,,,111373677.0,1.1856260299682617,115548288.0,1.242692470550537,147425160.0,2.0225815773010254,118702882.0,1.313887596130371,143856321.0,1.9232895374298096,15156.412962429786,17689.851341230056,16671.199608102303,16960.20795161459,16369.29839846567,14537.019883877421,14311.839568380361,13629.097839738648,12502.600755868383,12331.864169517152,12253.229316002944,0.9667131413112987,134495322.0,1.7005746364593506
44,,,,,,,,,,,,1.1034584603688294e-07,83081941.0,0.7519736289978027,79115215.0,0.68467116355896,113870375.0,1.0472164154052734,103925943.0,0.9523072242736816,154293062.0,1.3794376850128174,150705607.0,1.333773136138916,144759456.0,1.2629051208496094,152254981.0,1.3752269744873047,,,176696203.0,1.967064380645752,15501.336893722113,18107.14764173878,17082.09111913949,17398.39930938829,16745.78079657369,14886.40856089087,14580.983810499303,13884.677147639559,12748.022396127457,12489.952658221395,12507.644472784117,0.9642737778750333,166937256.0,1.7729358673095703
45,,,,,,,,,,,,1.24464479851041e-07,78133345.0,0.6988131999969482,81049658.0,0.6909012794494629,111225179.0,1.0295941829681396,101625899.0,0.9303231239318848,156865870.0,1.63895845413208,140021553.0,1.3279211521148682,130348909.0,1.208705186843872,171458729.0,1.9646942615509033,,,170978810.0,1.9699058532714844,15937.15097449365,18576.197948173176,17521.809420213704,17744.250841308625,17188.892503357518,15145.841688261718,14917.059208352463,14312.52010741884,13096.156187184068,12886.50445104714,12856.960264978772,0.9678326465866782,158592917.0,1.7240006923675537
46,,,,,,,,,,,,9.146084475489431e-08,69677311.0,0.695519208908081,,,156214932.0,1.4751806259155273,159768389.0,1.4827637672424316,144157590.0,1.29789137840271,149499556.0,1.3365943431854248,,,179902676.0,1.9704222679138184,160506425.0,1.4903581142425537,161803968.0,1.489675760269165,16275.76447905295,18877.82889425165,17974.23338360423,17937.249312580887,17629.299686449194,15527.419223045357,15133.499705225893,14491.375668650404,13461.383174899553,13266.497204028748,13115.304212828598,0.9546039537949995,172597336.0,1.8388242721557617
47,,,,,,,,,,,,1.3856162973840137e-07,68559211.0,0.642829179763794,72524289.0,0.6321799755096436,155742339.0,1.51885986328125,152639197.0,1.4751365184783936,162689159.0,1.6391713619232178,172792404.0,2.001258611679077,140870917.0,1.2698590755462646,145593560.0,1.3747804164886475,163465218.0,1.6509051322937012,153975680.0,1.4546754360198975,16597.239455155566,19296.6749919323,18211.49888148308,18308.420758623244,17879.858914804798,15923.032622723333,15515.87725593798,14800.398754564414,13714.72331614857,13611.165744898275,13388.116176334823,0.9762169393626127,,
48,,,,,,,,,,,,1.5707665683091179e-07,64714556.0,0.6246187686920166,,,147521595.0,1.4873900413513184,92494392.0,0.8989737033843994,,,134790182.0,1.2838964462280273,139518991.0,1.3255431652069092,165646670.0,1.8984580039978027,155886808.0,1.6284711360931396,144193478.0,1.4075284004211426,16927.295878902736,19699.969295964966,18582.507104579363,18710.42868774991,18397.92422054316,16209.851840680865,15852.571136395016,15177.461485300179,13901.365972982467,13847.23398336012,13667.98338876067,0.9774448113007979,159994098.0,1.7968642711639404
49,,,,,,,,,,,,1.5798009509736394e-07,73137386.0,0.7129576206207275,83454376.0,0.7669696807861328,,,89221878.0,0.886746883392334,128517676.0,1.2460453510284424,135974139.0,1.3621435165405273,,,155408050.0,1.8387353420257568,134684043.0,1.3511254787445068,160470475.0,1.9705305099487305,17145.044901818826,19984.65945682224,18986.005390464947,19119.973517452676,18656.48624593544,16386.471077662485,16101.602161509654,15369.95616634471,14182.902150971662,14017.637991868181,14008.692273253728,0.960384255105799,155519683.0,1.889650583267212
50,,,,,,,,,,,,1.2083334037176027e-07,65426956.0,0.612337589263916,68241891.0,0.6042544841766357,96102904.0,0.947293758392334,131461516.0,1.4101409912109375,144639217.0,1.692601203918457,,,114896190.0,1.1261703968048096,121258113.0,1.2306809425354004,,,154605805.0,2.004945993423462,17499.152398203438,20369.25935584038,19243.933477189552,19377.038024029884,18914.97074249695,16771.1049547713,16448.01448653164,15649.97464579983,14335.619012407411,14346.205900939753,14149.071074856705,0.9709643396464261,135242330.0,1.4969375133514404
51,,,,,,,,,,,,9.062641152542582e-08,,,,,150965311.0,1.5307023525238037,148701829.0,1.4808471202850342,128993017.0,1.2020397186279297,133301111.0,1.235780954360962,127158793.0,1.1471829414367676,,,157273340.0,1.6431586742401123,143098877.0,1.3631680011749268,17735.871026150406,20660.027194205755,19642.875909191684,19764.457120574887,19309.963523000835,17007.775038063563,16675.338094593877,16006.521932839125,14720.79908120349,14525.284758178896,14445.564972808581,0.9692795818502252,151331155.0,1.5343842506408691
52,,,,,,,,,,,,8.697927362831375e-08,,,48587583.0,0.5502405166625977,63839253.0,0.7790670394897461,,,85360011.0,1.0312435626983643,114124464.0,1.9073617458343506,84783901.0,1.023796558380127,,,,,,,18115.28228562691,21068.153953074434,20074.517917993602,20009.266921625025,19729.078220318406,17359.84068631841,16953.744076746807,16181.414510966728,14954.16095929813,14877.162179630435,14657.8732189551,0.9572717384858564,98736442.0,1.3569860458374023
53,,,,,,,,,,,,1.2825134070139478e-07,84283659.0,0.7670905590057373,94370364.0,0.8070814609527588,110999045.0,1.025705337524414,107332733.0,0.9829730987548828,164590277.0,1.667365550994873,146777700.0,1.3534579277038574,148318895.0,1.3780322074890137,173550825.0,1.9177381992340088,166124087.0,1.693007469177246,156945582.0,1.4996821880340576,18366.845496644768,21456.190623761806,20339.036640093032,20393.106034170574,20019.148282279155,17668.64582944936,17198.826256856657,16447.23441730861,15113.123554731123,15065.138129316852,14805.93229883963,0.9779992807995189,,
54,,,,,,,,,,,,1.4414513323862107e-07,45406744.0,0.5848352909088135,50585869.0,0.6172366142272949,,,111808857.0,1.6417388916015625,115875374.0,1.7025647163391113,127078776.0,2.0124917030334473,85545618.0,1.1467278003692627,134001244.0,2.212852716445923,,,128813147.0,2.0514073371887207,18764.224097207385,21854.6963134539,20795.55264572938,20699.369419756287,20467.00494102753,18020.07840589208,17494.70904559672,16650.62135736559,15499.271631152973,15382.142053841604,15149.238523983768,0.965522359717976,107529144.0,1.5252583026885986
55,,,,,,,,,,,,1.2334004069938426e-07,73554743.0,0.6807262897491455,81227514.0,0.7079432010650635,112862870.0,1.0516698360443115,108896328.0,1.007140874862671,165808718.0,1.6441876888275146,176184424.0,2.0258049964904785,146547110.0,1.3366146087646484,149554671.0,1.3974754810333252,167521971.0,1.6671020984649658,159354084.0,1.5041890144348145,19124.605259791457,22132.332720776012,21191.431740828044,21024.116675388108,20866.81681512131,18346.675952890404,17771.970996922737,16911.656691260818,15653.369937855945,15615.73397927779,15297.754693842811,0.9794125773689963,,
56,,,,,,,,,,,,1.207464748315935e-07,68310067.0,0.6530876159667969,73164668.0,0.6605772972106934,106135593.0,1.017385482788086,148497545.0,1.3972418308258057,140440314.0,1.2721571922302246,,,,,143452331.0,1.3270378112792969,151698159.0,1.4264280796051025,150691631.0,1.392395257949829,19346.621389584816,22660.308749371525,21474.71887379505,21495.913678910925,21120.747523451842,18553.60456067158,18189.03541351111,17305.651779516058,15896.078755872082,15767.827261773715,15664.504931163781,0.9678893089294434,157171717.0,1.6008780002593994
57,,,,,,,,,,,,1.460319627442816e-07,59093293.0,0.7009148597717285,,,108932888.0,1.4367704391479492,71153871.0,0.8624377250671387,120605892.0,1.6906263828277588,,,88609880.0,1.066150188446045,125920760.0,1.8537380695343018,116267646.0,1.5577468872070312,,,19737.283534119215,22917.231061118317,21966.71704851353,21831.545678878832,21601.85759028982,18868.274109573485,18379.492547292088,17559.923001090287,16280.238278483936,15996.92154780867,15899.391034652399,0.9690319299697876,111460103.0,1.4544968605041504
58,,,,,,,,,,,,1.0444551787411361e-07,,,46967531.0,0.5187773704528809,,,107159455.0,1.3731765747070312,,,95559814.0,1.0776245594024658,93471379.0,1.0451624393463135,92958136.0,1.0695815086364746,,,,,19947.322560237164,23186.79332231092,22248.10271968169,22262.86745466285,21876.664990004883,19090.253184385132,18566.462690091663,17894.822083382103,16441.380857903918,16163.916285919551,16047.026995867813,0.9400142377073114,106831758.0,1.3802604675292969
59,,,,,,,,,,,,1.1435707902028893e-07,75261588.0,0.7620081901550293,73223568.0,0.6992576122283936,147197133.0,1.5608465671539307,146379325.0,1.5292448997497559,130500826.0,1.2656848430633545,162872447.0,2.02447247505188,130244845.0,1.2322371006011963,139244211.0,1.3875231742858887,,,164444098.0,2.047231435775757,20338.97311369198,23599.26925530505,22528.83156907728,22528.070950137757,22166.80799583954,19365.531933829094,18843.176329329766,18068.861229705948,16591.242352402296,16510.96944305136,16196.609460569649,0.9784787188876759,153697360.0,1.7780895233154297
60,,,,,,,,,,,,1.4509189944095198e-07,68949775.0,0.6348366737365723,72437742.0,0.6283259391784668,105720494.0,0.9959979057312012,146076591.0,1.4245340824127197,132172331.0,1.213042974472046,137829847.0,1.2759530544281006,,,,,154452913.0,1.5750830173492432,165864566.0,1.930786371231079,20579.01445770043,24018.16758549934,22915.0340885026,22894.673640143843,22542.505301254812,19825.305445012753,19157.68997563014,18436.846693399893,16880.76760070981,16669.47612226674,16466.34978212137,0.9626158042387529,151101419.0,1.542924165725708
61,,,,,,,,,,,,1.276714523641605e-07,82066135.0,0.7595481872558594,78390485.0,0.6967058181762695,118226687.0,1.1076176166534424,108067899.0,1.0108447074890137,173763594.0,1.728297472000122,182825704.0,2.046571731567383,,,152464820.0,1.4269092082977295,169405938.0,1.6419425010681152,163945503.0,1.5514030456542969,21013.853851046337,24343.499800112928,23325.648130503476,23317.359832162652,23004.267407160583,20102.515203551837,19406.767261884434,18765.67557529756,17207.409436709793,17051.673507402265,16690.890454040877,0.9664458903399381,167526061.0,1.651498556137085
62,,,,,,,,,,,,1.6587792444855785e-07,58201023.0,0.5797293186187744,69550970.0,0.6485564708709717,138926219.0,1.4386374950408936,138632580.0,1.4270529747009277,126243756.0,1.227088212966919,,,,,158557944.0,1.9007911682128906,135452351.0,1.3698289394378662,159426472.0,1.9523944854736328,21428.115157076743,24856.633010290963,23736.07419128856,23538.111308333675,23467.908444148103,20496.646461579003,19822.156253334957,19014.88442061114,17607.65512002385,17311.434401667077,17055.95635630383,0.9648619890213013,142907776.0,1.5213799476623535
63,,,,,,,,,,,,1.3985266477435424e-07,77590988.0,0.6960666179656982,82613253.0,0.6967792510986328,106647371.0,0.9818718433380127,151594583.0,1.3949244022369385,138647533.0,1.2066287994384766,146000969.0,1.2812256813049316,137148819.0,1.1730074882507324,144527829.0,1.2910237312316895,152044472.0,1.395207405090332,,,21662.55758700383,25313.531652655034,23984.914332927732,23922.921860400264,23751.951558252455,20904.861262162114,20132.65353664021,19321.243255594065,17761.73154383155,17465.415353997694,17210.697531230508,0.970941879532554,,
64,,,,,,,,,,,,1.1099652032589188e-07,84308988.0,0.7454307079315186,76300403.0,0.6393709182739258,113242142.0,1.0395433902740479,152990575.0,1.420238971710205,164637457.0,1.6534504890441895,174046429.0,2.0220584869384766,143647582.0,1.266610860824585,148195727.0,1.352264404296875,163688057.0,1.5957715511322021,155291412.0,1.4198191165924072,22005.76814736329,25622.660622430467,24445.721100554125,24274.734704335442,24210.275793391393,21114.79063714941,20348.164504018736,19797.993393552246,18033.957474713363,17711.45775562111,17389.303566530616,0.9825631976127625,,
65,,,,,,,,,,,,1.1045622252080749e-07,81451757.0,0.7534730434417725,75384512.0,0.6641461849212646,113331436.0,1.052687644958496,169374322.0,1.615257978439331,151569131.0,1.3487603664398193,154709626.0,1.372879981994629,145309930.0,1.2587125301361084,185410353.0,2.0532166957855225,,,163885566.0,1.5081908702850342,22419.88950266147,26089.591954469215,24844.723385520847,24746.35881544572,24625.67993644546,21461.324609257128,20781.82554310574,20042.45558927751,18395.137875854143,17975.47290087601,17592.59361834958,0.9769541458650068,169750359.0,1.6526570320129395
66,,,,,,,,,,,,1.3335217919307203e-07,,,77176438.0,0.6476008892059326,,,97234736.0,0.8778464794158936,147882800.0,1.2730977535247803,177648532.0,2.0016255378723145,140174201.0,1.175678014755249,145205500.0,1.2754778861999512,153300022.0,1.3646860122680664,178485139.0,1.9875123500823975,22702.42341987729,26422.539538497127,25112.87030270124,25103.31447059076,24914.45731404544,21788.216469447594,21081.29527386555,20355.376961302,18558.191410188178,18371.79721677452,17796.522098914244,0.9641969745809381,161559462.0,1.5516736507415771
67,,,,,,,,,,,,1.308471004860266e-07,107975920.0,0.9502434730529785,89524123.0,0.7650432586669922,114095899.0,1.0414764881134033,162932261.0,1.4783258438110352,173456770.0,1.6616456508636475,159373676.0,1.3916993141174316,158622762.0,1.3711912631988525,155418303.0,1.3824129104614258,173982770.0,1.6395046710968018,168424739.0,1.5113584995269775,23104.258693333122,26932.880630980002,25555.37645786646,25470.00971354548,25346.596601575948,22234.11242914255,21495.860925319,20620.938465527484,18777.554589336414,18561.335457214598,18031.40125034074,0.9828823533925143,,
68,,,,,,,,,,,,1.0428535117361265e-07,82694673.0,0.757117509841919,74964285.0,0.6506164073944092,106286288.0,1.0022311210632324,154563448.0,1.4586551189422607,165036870.0,1.7091193199157715,148137621.0,1.341123104095459,135779560.0,1.1957201957702637,151748818.0,1.4097895622253418,162939280.0,1.6274664402008057,175200357.0,2.0160672664642334,23470.91382166492,27227.55479520487,25987.157720469146,25768.254931498057,25763.777233016284,22439.130066008885,21680.8939944755,20907.457798226904,19157.21795341376,18792.963862797893,18298.07687954261,0.9821006168018688,,
69,,,,,,,,,,,,1.1045837479289082e-07,70309940.0,0.6699016094207764,71529968.0,0.6426851749420166,139086924.0,1.4786114692687988,95921080.0,0.9496810436248779,152843481.0,1.7686827182769775,162871959.0,2.058032751083374,119107178.0,1.164984941482544,160559404.0,1.9480154514312744,138297620.0,1.4506008625030518,165725955.0,2.1094205379486084,23904.59338832408,27654.308744188413,26450.60431505108,26137.729670469642,26116.081360011536,22794.371308809725,22020.60547288926,21187.142850848453,19427.149922024077,19191.43187891575,18567.688552023043,0.9821469946341082,,
