,time_sta0,time_sta1,time_sta2,time_sta3,time_sta4,time_sta5,round_time,consumption_sta1,consumption_sta0,consumption_sta3,consumption_sta4,consumption_sta5,consumption_sta2,mean_acc
0,12.384028673171997,18.29078698158264,24.3291597366333,24.07900619506836,16.39567995071411,10.664118528366089,24.3291597366333,0.46052743369948357,0.2149189244287557,0.5992392203595109,0.31325353651777776,0.1935405498568059,0.6003881980487729,0.9069943924744924
1,13.443182945251465,19.683567762374878,22.72520637512207,24.767735958099365,18.235250234603882,10.748780012130737,24.767735958099365,0.9725233174815904,0.4231425189047231,1.1569888324686985,0.5940320152650895,0.3128966721005284,1.188610877701865,0.8759161233901978
2,10.849847555160522,16.572332859039307,23.924391508102417,25.8143630027771,15.834085464477539,12.68973970413208,25.8143630027771,1.4549507863289082,0.594806942202367,1.7475262786986274,0.8309191988045659,0.5057042689707565,1.7421294373740885,0.9168285330136617
3,11.260433673858643,18.31871461868286,22.35000705718994,24.0792179107666,19.472187757492065,12.66028380393982,24.0792179107666,1.9247722360158763,0.840863599616271,2.3502986165398045,1.0728640256335216,0.6637591180066025,2.2920561119008065,0.9301244914531708
4,11.050800561904907,17.961613416671753,21.15074396133423,24.727648496627808,15.092018842697144,12.62911319732666,24.727648496627808,2.380274235702675,1.048614898926222,2.863305410322626,1.3114712303331797,0.7812758287446471,2.8544962597504204,0.9423023462295532
5,13.042425870895386,18.044200658798218,24.115264177322388,24.70305609703064,18.681697845458984,11.18226933479309,24.70305609703064,2.8894879520005894,1.2169037604499708,3.3799159918845465,1.5443396171204182,0.9389255368027349,3.448429459949037,0.9501712421576182
6,10.314466953277588,16.62814688682556,21.49137043952942,23.352256536483765,20.142340183258057,11.084071397781372,23.352256536483765,3.3651340161609475,1.4323704269733222,3.9423834324984437,1.8281978212441143,1.0536946005552394,4.0402702350208,0.957173635562261
7,10.541791915893555,17.23194193840027,22.13541889190674,25.388344764709473,18.10648822784424,10.925443887710571,25.388344764709473,3.8386625909948506,1.641507287890069,4.509841980552823,2.066564298040426,1.2083615862037504,4.649589274082197,0.9611714581648508
8,10.298501253128052,16.9534432888031,22.712451219558716,27.17345380783081,16.73553204536438,11.967465162277222,27.17345380783081,4.314939504273376,1.8957766957264086,5.07420551960074,2.307162896952278,1.3588503611953158,5.200377776852137,0.9651302595933279
9,10.431524276733398,17.88797664642334,24.46854066848755,24.845078945159912,15.641578197479248,12.538755416870117,24.845078945159912,4.789123305734648,2.0606772853456166,5.632886485766592,2.5816654037591324,1.4714568222874789,5.802001847537874,0.9674353202184042
10,10.834187746047974,17.040976762771606,23.373578786849976,25.14218783378601,16.758020162582397,10.945237398147583,25.14218783378601,5.2452310521905545,2.312150221237329,6.1499805609525655,2.8186456513329863,1.6228971641947965,6.360862936410592,0.9688454369703928
11,10.242898225784302,19.06092643737793,23.084735870361328,24.722618103027344,15.709001064300537,10.912046432495117,24.722618103027344,5.72441100635929,2.5276843455551203,6.711673699326697,3.134886750473918,1.7396784803804053,6.907310977252281,0.9716761509577433
12,11.002055168151855,17.09476923942566,23.138376474380493,24.238105058670044,20.234381437301636,11.287006616592407,24.238105058670044,6.192485723901164,2.771130605048069,7.227205452120758,3.4166333784384837,1.8580061947347062,7.50136039344286,0.9729889531930288
13,11.06857419013977,15.475907325744629,22.68199324607849,24.35407543182373,16.807590007781982,11.906265020370483,24.35407543182373,6.669754617097134,3.0199937136712593,7.783395469524907,3.6567934810222273,2.006915928330592,8.09382609333852,0.9746133287747701
14,11.25907301902771,15.67057991027832,21.346526622772217,25.103947639465332,16.471111059188843,13.497908115386963,25.103947639465332,7.1444535317320685,3.230425788720358,8.296847076551702,3.8978920445903644,2.1546226184951465,8.64948753080727,0.9752941826979319
15,11.055412292480469,15.423596382141113,22.664814710617065,24.13184642791748,15.762050151824951,12.110959768295288,24.13184642791748,7.65652239226479,3.440431759659771,8.855836198213675,4.138889877670884,2.2723551359974437,9.20485273607779,0.9765682816505432
16,10.721041679382324,16.875184297561646,26.163583993911743,24.163137435913086,16.984569549560547,10.113565921783447,26.163583993911743,8.133617749895137,3.6469631598323717,9.418528046706998,4.379383656154381,2.387182751233482,9.811098334887426,0.9770739873250326
17,11.379882574081421,17.600502014160156,22.751638412475586,23.381040334701538,15.634283542633057,12.151846170425415,23.381040334701538,8.642667472762781,3.861110508118675,9.969716031617127,4.620349359436183,2.5069267915603177,10.399923990704572,0.9776963690916697
18,11.977399110794067,16.564576387405396,23.60546636581421,26.339236736297607,16.857572317123413,10.794923782348633,26.339236736297607,9.159761846786239,4.113987860991064,10.564203278109703,4.85666191504442,2.626786672742682,10.96049282296746,0.9785135785738627
19,11.872984409332275,18.020278930664062,23.41792130470276,24.03694725036621,16.582237005233765,13.363820791244507,24.03694725036621,9.641197429500224,4.3663633512712225,11.086563345128669,5.137740320129971,2.7844618264950327,11.548361391323148,0.9783190190792084
20,11.024484872817993,18.226004600524902,21.695449352264404,25.46738052368164,16.58168387413025,9.896328449249268,25.46738052368164,10.120531235699332,4.577384102792682,11.612309004052152,5.373403288873682,2.9033501059333986,12.09975628304489,0.9794182578722636
21,11.731919050216675,19.468611478805542,21.722073554992676,26.85089111328125,18.44509792327881,11.298217535018921,26.85089111328125,10.596812707839135,4.781430340206005,12.162657764278068,5.6487104792018314,3.062422502977171,12.701139778425123,0.9794569412867228
22,13.233556985855103,19.822206497192383,24.248690605163574,25.95885467529297,18.455459356307983,13.993322610855103,25.95885467529297,11.063790663184676,4.953093633325698,12.759776649996711,5.919742700698627,3.217965974211907,13.301424650232995,0.9798267384370168
23,11.231551170349121,16.05453658103943,23.326839923858643,23.883168935775757,17.850486040115356,13.0180082321167,23.883168935775757,11.524278938046209,5.16410087516724,13.300313194133809,6.20053847069169,3.337289993679434,13.880322179165141,0.9793014228343964
24,11.948809385299683,16.157207250595093,22.31855320930481,23.66763997077942,15.79456090927124,13.433839321136475,23.66763997077942,12.038151424295322,5.379634246033068,13.814456862687566,6.440313651515005,3.490730025718392,14.432646142333773,0.9803423682848612
25,11.553903102874756,16.46513080596924,23.73807430267334,24.59593629837036,18.60733652114868,10.722977876663208,24.59593629837036,12.519306959722343,5.590838712669471,14.329897830877885,6.678818331112545,3.610894969110973,14.993213723612051,0.9805467625459036
26,10.722344636917114,18.24103617668152,22.33016538619995,23.597546815872192,15.98915719985962,9.720792293548584,23.597546815872192,12.997832094191338,5.803800739541264,14.845362470812278,6.923443742933323,3.7276572359962046,15.550139172128574,0.9812565545241038
27,10.730416297912598,16.916872262954712,22.76618242263794,23.568450450897217,16.184917211532593,14.009748935699463,23.568450450897217,13.475334481198061,5.971023212202415,15.358176293465776,7.204670495399135,3.846355429358667,16.181895166700336,0.9817429979642233
28,11.316892623901367,19.922418355941772,21.068031549453735,25.403884410858154,19.045726537704468,12.062682151794434,25.403884410858154,13.951352946145988,6.186021296774503,15.879746240522353,7.474524221056832,3.966520167697851,16.77422328531315,0.9815776248772939
29,11.40307903289795,19.3475661277771,24.45207715034485,25.646295070648193,15.786437273025513,13.810736656188965,25.646295070648193,14.424476076395962,6.440211595333456,16.430467482603447,7.709478181962545,4.118214750367528,17.407940459719505,0.9813342690467834
30,12.257244110107422,19.49088406562805,21.863577604293823,26.6832537651062,18.375669717788696,11.77176570892334,26.6832537651062,14.90297444901411,6.689416152810229,16.951022917713857,7.984476003959436,4.269410539887446,18.008194505168753,0.9822097520033518
31,12.942279577255249,18.353575706481934,23.21680760383606,23.248748779296875,16.553624153137207,11.72186541557312,23.248748779296875,15.32318303708756,6.897510336347456,17.512093536270058,8.268676942891652,4.424106097896924,18.56134391470588,0.9831533829371134
32,11.937196016311646,18.22907781600952,23.225676774978638,26.211503982543945,17.146074533462524,12.461286306381226,26.211503982543945,15.797590777507736,7.108379113110179,18.027837911937453,8.507608653313035,4.576123938482823,19.116942181426516,0.9834159016609192
33,11.181507587432861,17.29950785636902,20.923219203948975,24.861290216445923,15.714927196502686,12.99139952659607,24.861290216445923,16.27781747038462,7.311716568403203,18.53821517743134,8.742252994736837,4.763815292893213,19.678839799352424,0.9829587340354919
34,10.4730064868927,18.125849962234497,21.914116382598877,26.30307126045227,16.930142879486084,11.77872920036316,26.30307126045227,16.752620701557007,7.527172462470891,19.059069715487325,8.981026491372141,4.9573914425606915,20.32382361918956,0.9829879999160767
35,10.278226852416992,18.03538155555725,23.643113374710083,23.980037927627563,19.518292903900146,12.41971206665039,23.980037927627563,17.229345238423562,7.737839682884716,19.574008463434197,9.258873367995214,5.106935094717244,20.897568383905757,0.9833090007305145
36,11.677879095077515,17.29711413383484,21.82860827445984,23.926141262054443,17.366714477539062,12.1772620677948,23.926141262054443,17.738744152896984,7.905656913678986,20.087156135249657,9.502568764169773,5.265810553087135,21.486873905968558,0.9830367068449656
37,12.164631605148315,17.7100191116333,21.84855580329895,25.479320764541626,15.952243328094482,10.562947750091553,25.479320764541626,18.219160475645694,8.12053051654134,20.602695198435285,9.773091675980503,5.38572204096053,22.075098176772308,0.9833284219106039
38,10.932173013687134,15.897921085357666,21.551839351654053,27.673664093017578,15.946534633636475,10.680418968200684,27.673664093017578,18.730265995383505,8.285142093748892,21.15321586174754,10.019799714873464,5.501781931656723,22.663808602125435,0.9830754001935323
39,19.331698894500732,16.43385601043701,25.427863121032715,23.952274560928345,15.678699254989624,13.14063310623169,25.427863121032715,19.20821114033167,8.495439558404843,21.705047726997847,10.324655139068504,5.618291677684738,23.211670632284886,0.9828032851219177
40,10.697987794876099,17.847364902496338,21.056394338607788,25.393534660339355,15.886784553527832,12.56786036491394,25.393534660339355,19.724541281984997,8.70539379389881,22.27379207739331,10.569595398437677,5.736411329616516,23.768740171337008,0.9823458592096964
41,10.91188907623291,17.05595302581787,24.077502489089966,22.48368787765503,16.685588836669922,10.092597007751465,24.077502489089966,20.203397779542385,8.914537539204748,22.79363696279141,10.846996694058753,5.853559279661965,24.412574562049592,0.982579360405604
42,10.695092916488647,18.265336751937866,21.518255710601807,22.708006858825684,14.864362955093384,12.799606561660767,22.708006858825684,20.681727734981664,9.123686326598477,23.316297857429774,11.088818296520792,5.9693824799400375,25.056088624406947,0.9828322231769562
43,11.007896900177002,18.06281352043152,23.250173330307007,21.843503952026367,16.796464681625366,14.689274072647095,23.250173330307007,21.152136715067414,9.379072200830695,23.831762560946643,11.330942449686482,6.1213283261241145,25.64481540157518,0.9827736616134644
44,10.695361137390137,16.730173587799072,20.910264015197754,25.15436887741089,15.66395354270935,8.745894432067871,25.15436887741089,21.661396401472686,9.5475166295213,24.348783624411695,11.64232569111578,6.2392522840084155,26.200393239256435,0.983464519182841
45,13.010713338851929,19.075955152511597,23.613365173339844,27.94002103805542,16.643166303634644,10.797168016433716,27.94002103805542,22.135269642431908,9.761077593482401,24.89539219820908,11.88975945208184,6.353891669775919,26.803529214634743,0.9832700391610464
46,10.61034083366394,17.238293170928955,21.400946140289307,23.002766847610474,17.85145616531372,13.252177953720093,23.002766847610474,22.607527536419653,10.0121207549678,25.4616004292847,12.163433234845165,6.50732295287051,27.355267278294313,0.9840579728285471
47,10.905951499938965,17.596190452575684,20.831206798553467,24.777886390686035,15.239449977874756,13.687493085861206,24.777886390686035,23.084550243159427,10.180221290059752,25.983040893872314,12.440662349206711,6.623389152534742,27.954245863087145,0.9840774039427439
48,10.787441968917847,17.607102870941162,21.727970600128174,24.545421361923218,18.200075387954712,13.004866361618042,24.545421361923218,23.556676920466984,10.430956424803515,26.506826636662268,12.677889965870257,6.741114757035746,28.551572819176094,0.9836589892705282
49,11.37091064453125,17.534019947052002,23.36378264427185,25.344186305999756,17.90744423866272,10.087751865386963,25.344186305999756,24.03468046747993,10.635639751951931,27.020961462487534,12.957298308111795,6.890356006317859,29.100457433072982,0.9838827351729075
50,10.629068374633789,16.095478057861328,23.476227045059204,23.709847927093506,15.65134334564209,13.596025943756104,23.709847927093506,24.512373541416636,10.847336836293142,27.578294604816918,13.198832306513332,7.042988180481984,29.653665365481537,0.9837855199972788
51,12.614453554153442,16.95937967300415,23.064854860305786,25.90635061264038,17.337446451187134,11.66154670715332,25.90635061264038,24.986353583397303,11.102666713466522,28.094901056699044,13.478819843495152,7.161073108451291,30.247735822692555,0.983882745107015
52,11.790541410446167,18.000450372695923,23.92211127281189,26.56476354598999,18.219473361968994,11.196218013763428,26.56476354598999,25.49455703187722,11.310119424848683,28.69321499353579,13.753678799843833,7.317877534007749,30.833702366730442,0.9839023550351461
53,12.093859195709229,18.12171769142151,22.11905312538147,27.538884162902832,20.13719630241394,11.845471143722534,27.538884162902832,25.972291234118146,11.475328545100428,29.20382302197443,14.0306449547003,7.473767461213583,31.379397476981488,0.9839801589647929
54,11.368282556533813,16.11031413078308,22.70112442970276,26.514240503311157,15.064619779586792,10.558892011642456,26.514240503311157,26.44103552407644,11.687365261426908,29.79500083879354,14.268766154269393,7.631187495176306,31.923669697962218,0.9845150510470072
55,10.560207843780518,18.61410140991211,22.648237466812134,25.396222352981567,16.257134914398193,13.236886501312256,25.396222352981567,26.866757549371485,11.855313777252452,30.353938981641093,14.547046974717539,7.74722738283549,32.519473760722626,0.9837564130624136
56,11.336806535720825,18.755178928375244,22.381247520446777,26.362231731414795,16.41563630104065,12.899002075195312,26.362231731414795,27.33937633731385,12.06135600429916,30.864768680734883,14.787559885158565,7.8670968172801565,33.10874349063783,0.9846027890841166
57,11.039998054504395,17.554811716079712,21.74178457260132,24.67680025100708,15.813226461410522,10.178754568099976,24.67680025100708,27.816324129628,12.274169612260426,31.375399295247306,15.069303793384073,8.026690911459724,33.66624754098833,0.9842231770356497
58,13.476541519165039,18.290244579315186,27.46566343307495,26.765450954437256,18.4517183303833,14.230995416641235,27.46566343307495,28.284393946552925,12.442486019288669,31.933813253295952,15.349168161633678,8.179279832076475,34.26075371597465,0.9841748178005219
59,11.873350143432617,16.1722891330719,20.94210457801819,27.14229917526245,15.788484811782837,11.823067665100098,27.14229917526245,28.766697172124694,12.649927263576974,32.49718969555816,15.59010174465407,8.333438166117247,34.84129205664723,0.9839899142583212
