,sta0_datasz,sta10_datasz,sta2_datasz,sta1_datasz,sta3_datasz,sta4_datasz,sta5_datasz,sta8_datasz,sta9_datasz,sta6_datasz,sta7_datasz,host_consumption_sta8,training_time_sta8,host_consumption_sta6,training_time_sta6,host_consumption_sta9,training_time_sta9,host_consumption_sta5,training_time_sta5,host_consumption_sta7,training_time_sta7,consumption_sta8,consumption_sta4,consumption_sta10,consumption_sta2,consumption_sta9,consumption_sta6,consumption_sta5,consumption_sta3,consumption_sta0,consumption_sta7,consumption_sta1,mean_acc,host_consumption_sta1,training_time_sta1,host_consumption_sta0,training_time_sta0,host_consumption_sta3,training_time_sta3,host_consumption_sta2,training_time_sta2,host_consumption_sta4,training_time_sta4
0,747441792.0,748451712.0,1127121216.0,683362368.0,1047892992.0,436739904.0,1134796608.0,352007616.0,1101267264.0,996387072.0,1025018304.0,151031596.0,4.149170398712158,377701426.0,10.97120976448059,383378414.0,11.16243839263916,426529487.0,12.909008741378784,428021549,12.984130382537842,584.0213514993006,600.1021571707859,557.893931458517,535.354353278058,619.1339540851526,503.6408571398442,457.9340866614296,389.4497083543139,360.9885800371713,436.8179486099279,343.50025022168876,0.4867809201506051,,,,,,,,,,
1,,,,,,,,,,,,,,,,,,466019742.0,13.439298868179321,463765232,13.347873449325562,911.4427377780335,882.5397404625355,1051.2911477278722,778.1156861923798,974.38576480431,849.3337345801569,833.4753413302169,676.4921041390986,634.5605460740665,781.1048461950608,602.466654088521,0.5306172303178094,373417013.0,10.226624727249146,385714955.0,10.596626281738281,477216979.0,13.99047303199768,,,,
2,,,,,,,,,,,,,,,,,,,,505687488,14.440621852874756,1423.8717084384018,1127.3797831447243,1485.4015430973693,1180.0796799384293,1473.694512251525,1159.3907666998275,1142.2431752169452,1060.8594752624429,1003.6673712537621,1093.8312864286906,945.185685558851,0.6495194261660799,420492759.0,10.360265254974365,376952038.0,8.893359422683716,445441609.0,11.402414798736572,403674138.0,9.670118808746338,,
3,,,,,,,,,,,,,,600703479.0,10.990680932998657,,,786651551.0,20.68266224861145,659077781,13.069695711135864,1929.0776949280298,1768.9963550413706,2131.3379303727033,1949.7510696838149,2006.7128572076524,1704.0112793563778,1673.4670588233148,1656.5674361889007,1542.5038296092534,1612.954803492448,1489.8456631114527,0.836138816846704,523273501.0,9.151158809661865,545734626.0,9.608054876327515,640031260.0,12.322588205337524,571274051.0,10.175936937332153,265644889.0,4.365921974182129
4,,,,,,,,,,,,,,483943952.0,10.682614803314209,,,543623791.0,12.756420135498047,546816654,12.876733779907227,2457.494024246896,2291.294946415886,2529.562363776525,2310.7387624452554,2439.9832143239623,2132.570254296319,2087.058323040507,1998.4818341072203,1848.7583804554272,1984.5623905916016,1773.7533632712764,0.8183799927884882,456885610.0,9.977144241333008,474106391.0,10.418161630630493,566799758.0,13.826664686203003,,,199442849.0,3.827800989151001
5,,,,,,,,,,,,,,456384025.0,11.058209896087646,,,508559428.0,12.840698719024658,514626124,13.070463180541992,2786.524527863901,2718.2157707390093,2977.3164653373337,2594.923593921223,2873.6880694510146,2554.9443386305397,2475.43893791198,2346.5076179732373,2173.658736164394,2364.9140631618307,2080.695226228586,0.7778306698257272,414874671.0,9.937246799468994,432745780.0,10.382539510726929,529442615.0,13.77777886390686,,,,
6,,,,,,,,,,,,,,,,,,461856910.0,13.455206632614136,459675948,13.380859375,3176.421933791466,2995.5571370241832,3388.861592142623,2879.4794884977096,3288.1082006863494,2856.6309276140755,2859.5560359312735,2697.762573239931,2501.633400953083,2633.4866041063683,2389.4867449059,0.7710973166606643,352655470.0,9.7413809299469,368511325.0,10.214564800262451,462955846.0,13.499564409255981,,,,
7,,,,,,,,,,,,,,455506036.0,11.049383878707886,,,509294045.0,12.89449167251587,515528221,13.129703044891357,3586.010308979304,3274.261339113609,3789.8038469098638,3145.613243671244,3684.0827071543276,3200.2515636437947,3165.960346626563,3046.159986714675,2825.836510222373,2963.6652695108096,2693.1037922769137,0.7969194731929086,411184861.0,9.88786768913269,430307309.0,10.366522789001465,528724110.0,13.787200212478638,,,,
8,,,,,,,,,,,,,,560532562.0,11.192137718200684,,,613303850.0,13.118632316589355,617763617,13.35168743133545,4014.261384496358,3717.183829528867,4193.496440169768,3548.332432417668,4065.508192889681,3617.8475527579976,3539.989327290093,3430.9888376488866,3187.1707286382125,3313.8646507150943,3033.2085890361113,0.8508659289641813,471298720.0,8.994264841079712,490626552.0,9.411158084869385,587727500.0,12.084770441055298,520826609.0,10.068376064300537,,
9,,,,,,,,,,,,,,,,,,556154399.0,13.590519666671753,554485580,13.523518800735474,4398.756970846248,4006.202742279531,4586.161934920317,4081.691346457175,4477.973947462766,3984.4237133645056,3909.2361478111675,3806.17283153615,3581.6998100789465,3650.4115243439173,3384.225251942617,0.8843389261852611,416798738.0,8.830755233764648,428191470.0,9.085196733474731,510914403.0,11.72535228729248,453782591.0,9.762386798858643,,
10,,,,,,,,,,,,,,455202936.0,11.03115439414978,,,511329196.0,12.930641412734985,514863306,13.0673246383667,4773.522673325037,4348.798481056522,4951.972437002005,4457.571817513549,4874.266253416216,4333.239515794235,4279.479261481428,4184.011172380559,3921.259959591912,3997.583880092414,3688.3167431765582,0.8743090250275352,413448892.0,9.918728351593018,433337025.0,10.413788795471191,527982047.0,13.67504358291626,,,,
11,,,,,,,,,,,,,,456120536.0,11.051177740097046,,,512201691.0,12.95671796798706,515616417,13.09756064414978,5226.428479722135,4711.399258285351,5358.646209910683,4804.610506707001,5279.015247242774,4755.313800989581,4665.65991404728,4462.2932462762055,4241.893858979174,4353.68087186139,3986.784503771338,0.8451818525791168,414925451.0,9.905754804611206,433544789.0,10.4111647605896,528153799.0,13.675267696380615,,,,
12,,,,,,,,,,,,,,,,,,488975433.0,12.885451316833496,489021331,12.895926713943481,5626.090464158331,5121.093645400967,5761.090071285551,5083.634882385232,5671.856093950157,5127.357039540263,5061.093556815697,4814.789748429781,4563.181624392922,4704.474388885031,4286.0724294413185,0.8664970397949219,396964987.0,9.783512830734253,410201038.0,10.194510459899902,503105462.0,13.532901048660278,,,170657400.0,3.6729302406311035
13,,,,,,,,,,,,,,,,,,468024192.0,13.460385084152222,465327178,13.36172342300415,6025.724190015693,5513.8339320372825,6139.74194986553,5427.823496123203,6087.028990493385,5421.73811174142,5431.534973468469,5165.077604978491,4885.433924867153,5043.087265329427,4521.125693968244,0.8849586790258234,356811586.0,9.729553937911987,370429593.0,10.133965969085693,467480492.0,13.438808679580688,,,,
14,,,,,,,,,,,,,,397174826.0,10.747325658798218,,,,,453097290,13.050863981246948,6415.593090970129,5820.590897804825,6558.454733181085,5760.03999631661,6466.213458544101,5771.657311090165,5762.186068648755,5518.911694397271,5142.261615128417,5392.987065835774,4835.96745259433,0.8599279062314467,362200855.0,9.679030656814575,380801210.0,10.199204683303833,462703528.0,13.476215600967407,,,,
15,,,,,,,,,,,,,,,,,,553588243.0,13.579846382141113,552377981,13.53603482246399,6828.761457711062,6111.60733967497,6921.754271702822,6176.87891046835,6895.100002682474,6129.367794214658,6091.987376505955,5913.958836005465,5484.825782066966,5724.422231677941,5156.155208041645,0.9033926969224756,410757554.0,8.799377679824829,466079862.0,10.32107663154602,506886031.0,11.738960266113281,450213141.0,9.779248237609863,,
16,,,,,,,,,,,,,,488513276.0,10.639615297317505,,,551112054.0,12.757248640060425,552242788,12.802184104919434,7214.089634877639,6532.0954265947585,7351.621249028925,6582.178472546037,7345.87695913207,6481.013501476745,6478.221339006422,6286.680963539517,5816.7797574178885,6085.894711209411,5473.309243960754,0.9137983972376044,463272190.0,9.984801054000854,482906051.0,10.488558530807495,572800902.0,13.771456480026245,,,199382119.0,3.8034653663635254
17,,,,,,,,,,,,,,639988413.0,20.617037057876587,,,512199983.0,12.933293342590332,514672877,13.027655839920044,7763.618935412255,7094.968491675805,7983.87394576866,6994.5266620160955,7868.431771976747,6987.271262186988,7058.343803739955,6810.160978422351,6296.932959254083,6508.99951018413,5927.958602852191,0.8935007019476457,415321080.0,9.903425216674805,437395669.0,10.47079610824585,528572805.0,13.659235000610352,,,,
18,,,,,,,,,,,,,,489876188.0,10.89883041381836,,,,,542698379,13.266986846923828,8148.580419236334,7371.309628980015,8382.80743074463,7385.780652386902,8253.261498662558,7378.419235872716,7329.579806201885,7186.225295451135,6659.588772083207,6842.019033680155,6243.4966451753735,0.9070655107498169,414878637.0,8.754589080810547,430400449.0,9.103760242462158,510136694.0,11.698973655700684,453283996.0,9.698856115341187,,
19,,,,,,,,,,,,,,493937578.0,10.702648639678955,,,551691215.0,12.637642621994019,556632913,12.820574045181274,8607.699039245046,7796.5288834212015,8769.869210723298,7788.894467302369,8701.989703110854,7791.118972955321,7674.467950242525,7535.838861102355,7015.069464047509,7196.185901838056,6544.24033764232,0.9210322770205411,464618440.0,9.956975221633911,485351235.0,10.481464147567749,578186813.0,13.844911336898804,,,200092627.0,3.776158571243286
20,,,,,,,,,,,,,,,,,,460843181.0,13.363455772399902,459573653,13.323601722717285,9025.214020396728,8268.154709301285,9159.317594405265,8057.250803553931,9127.243475420071,8179.7525073912075,8060.295823843417,7798.5495752580355,7344.416229067921,7541.626100099695,6846.848914355602,0.8952660127119585,352483351.0,9.683777809143066,364882184.0,10.084058046340942,464836456.0,13.533538579940796,,,,
21,,,,,,,,,,,,,,,,,,558274511.0,13.598543167114258,555679364,13.491528034210205,9425.790107987945,8585.302700603499,9546.031597761335,8401.941431170495,9509.313141591336,8467.50805772985,8430.170624774344,8166.899302286049,7699.104741273872,7877.5027556378245,7180.033489014929,0.9252983331680298,470550858.0,10.365030288696289,426232978.0,9.067505836486816,511408664.0,11.743922710418701,449836678.0,9.664101123809814,,
22,,,,,,,,,,,,,,564188009.0,11.34238600730896,,,618108098.0,13.285081624984741,617301520,13.256506204605103,9795.087282887409,8885.83908053056,9964.83377189122,9032.340064781774,9916.541437287988,8824.298287335838,8814.646213010781,8563.016868652003,8057.904186717913,8223.156881590086,7520.517759607175,0.9444273818622936,470550065.0,8.98259449005127,488156526.0,9.354796886444092,586948205.0,12.095219850540161,518720657.0,10.03130555152893,,
23,,,,,,,,,,,,,,457878283.0,10.992947340011597,,,514172268.0,12.982863426208496,516136130,13.055120468139648,10158.070537451345,9258.80273048743,10357.069551390696,9373.308851704138,10319.231216711532,9236.694126566998,9202.132153904433,8933.606168532373,8381.818764248927,8573.904089902735,7827.659452356498,0.9179114861921831,417130096.0,9.868961811065674,433668262.0,10.310733556747437,529578417.0,13.689230680465698,,,,
24,,,,,,,,,,,,,,456130668.0,11.062358617782593,,,510692723.0,12.896140098571777,516401327,13.119787454605103,10545.495434208691,9567.25775568282,10799.646825939373,9718.125975864059,10737.171528003179,9644.743870819702,9589.122191108183,9287.119938238828,8695.926831976903,8930.421520775217,8140.876222274071,0.893538545478474,414866796.0,9.910755634307861,434752488.0,10.426246881484985,528850147.0,13.72138786315918,,,,
25,,,,,,,,,,,,,,,,,,492579122.0,12.810309410095215,492470786,12.814733266830444,10929.534615553002,9971.138170501445,11223.01279348854,10063.96134627864,11136.35377015399,10020.592513525968,9989.050137642153,9638.811701191178,8936.524551893397,9289.09667343246,8371.872927351578,0.907317887653004,400687573.0,9.69446325302124,418211881.0,10.246732950210571,507865765.0,13.538897275924683,,,174497417.0,3.6739888191223145
26,,,,,,,,,,,,,,,,,,,,410923630,14.271342277526855,11323.045473008142,10351.000024466306,11661.769931790335,10350.646098499314,11548.665648127158,10294.36613080939,10312.140247173014,9991.192522470279,9262.044573430516,9616.82598811114,8665.239525150027,0.9052818742665377,299994838.0,9.53650689125061,314180348.0,10.03019094467163,389843912.0,13.19690489768982,,,,
27,,,,,,,,,,,,,,573994990.0,20.576460599899292,,,,,448892466,12.968015909194946,11827.123536446636,10767.612056590646,12218.849365948403,10768.884401887211,12051.918556992809,10740.653607073116,10742.00085834354,10512.812978949432,9749.486303210828,10029.30244726278,9118.508514909003,0.8998135978525336,362081471.0,9.710684061050415,378346261.0,10.184392929077148,460557720.0,13.507620573043823,,,,
28,,,,,,,,,,,,,,595033999.0,10.948373079299927,,,653017310.0,13.009125709533691,656511747,13.163588523864746,12293.907698617451,11226.03435894451,12605.18831812249,11156.948568674485,12436.71779831614,11280.161884659501,11096.450292603537,10900.470078986205,10109.14778363963,10362.840810985675,9442.21230397828,0.946838915348053,521144967.0,9.198364496231079,540270101.0,9.583685159683228,634885033.0,12.284728288650513,571606813.0,10.291380167007446,248190283.0,4.067146301269531
29,,,,,,,,,,,,,,,,,,556427469.0,13.604525327682495,553768174,13.483235359191895,12726.878556385032,11621.134394399403,13033.239225625664,11699.265854303238,12830.743503195195,11579.956980747314,11474.024775798216,11311.469630666978,10494.896607235281,10714.090892641534,9806.928425231985,0.9525816223838113,410886582.0,8.726953506469727,422603471.0,9.023239135742188,508555216.0,11.687430620193481,450156989.0,9.72301435470581,,
30,,,,,,,,,,,,,,,,,,461310464.0,13.377426147460938,460131390,13.332698583602905,13102.942386377814,11909.15771321582,13439.139946948308,12107.002334307237,13289.207910087964,11894.138332274579,11759.202724897337,11653.744758806228,10839.824294048874,11049.345558046878,10125.598361173208,0.9453569596463983,352970715.0,9.713724374771118,368242344.0,10.191601276397705,463223118.0,13.456748962402344,,,,
31,,,,,,,,,,,,,,487911837.0,10.639620542526245,,,685223038.0,20.659804582595825,552711658,12.830796241760254,13695.364899953049,12590.45743638569,14029.431520107992,12526.547563892376,13935.446094125291,12465.81791057952,12348.249867683386,12106.114771418219,11312.411029352135,11582.819438173494,10494.997863907032,0.9119172692298889,460019757.0,9.928985118865967,482830002.0,10.497357845306396,570936709.0,13.717360734939575,,,200800511.0,3.859440326690674
32,,,,,,,,,,,,,,,,,,462847753.0,13.517662286758423,458582750,13.376172542572021,14079.234844508266,12978.65340158157,14375.82342147193,12794.37621752564,14354.217851620368,12828.96916621194,12728.839666390302,12449.448168407254,11544.486409762656,11908.649219211897,10779.45732068012,0.9130855744535272,353676768.0,9.780694246292114,365809305.0,10.143673658370972,462224586.0,13.48753046989441,,,,
33,,,,,,,,,,,,,,,,,,563509788.0,13.669402599334717,559446261,13.49979567527771,14369.646592573199,13274.374349859101,14811.727915594363,13212.205609797003,14688.792944713687,13093.273890143359,13102.008746770249,12842.892011740323,11873.728183022904,12240.6721714528,11119.993523022804,0.9314200607213107,416563081.0,8.761788129806519,430137754.0,9.078083038330078,515303002.0,11.713105916976929,458207994.0,9.768151998519897,,
34,,,,,,,,,,,,,,455398004.0,11.11849308013916,,,508443706.0,13.021571636199951,510454931,13.096005201339722,14820.721070208883,13579.901283958883,15227.724783709265,13618.98385817426,15161.248369092351,13426.723855729051,13487.645194033084,13209.31948432618,12213.474126111789,12579.985817530298,11442.530881326475,0.9422284147956155,412393293.0,9.925960540771484,429282654.0,10.37224531173706,523338443.0,13.688145875930786,,,,
35,,,,,,,,,,,,,,461166971.0,11.096731901168823,,,513189116.0,12.91210389137268,517048909,13.048047542572021,15261.002721261299,13880.550761197239,15637.299495967285,13907.369349546057,15593.3593805154,13847.127435483746,13874.206587509952,13562.466078311512,12538.672847162297,12841.489345691136,11748.79723038454,0.9129978580908342,415585972.0,9.874444246292114,435760298.0,10.39663028717041,531198347.0,13.70305585861206,,,,
36,,,,,,,,,,,,,,684579424.0,20.610363721847534,,,684877214.0,20.62423872947693,551663871,12.852029800415039,15887.948855333743,14434.33608411477,16214.448867090836,14333.353136416983,16177.783715669177,14391.096869667505,14377.072895568366,14082.762374113987,13021.694581888241,13381.401870234768,12202.578541944738,0.9166460633277893,460439251.0,9.944890022277832,481766040.0,10.484192848205566,568978463.0,13.670310974121094,,,200089759.0,3.816883087158203
37,,,,,,,,,,,,,,736817633.0,20.623521327972412,,,612848468.0,13.143737554550171,615625316,13.27627968788147,16469.913064129803,15055.791761448958,16787.399279424193,14928.291117779256,16746.733501726296,14991.963893971084,14936.533980042193,14585.85496385722,13562.514523132983,13896.653000705604,12682.837074298717,0.9465857364914634,468960042.0,8.94048547744751,489147978.0,9.393502235412598,736948797.0,20.629409790039062,530124620.0,10.372685670852661,,
38,,,,,,,,,,,,,,,,,,558462316.0,13.576431512832642,556488322,13.500461101531982,16849.63253763594,15323.932594061689,17194.826896228602,15436.915675062313,17158.413294467973,15326.723053998945,15286.842315177897,14962.905303474472,13913.359095901758,14225.136541012333,12947.193462776977,0.9583248875357888,412561261.0,8.755917310714722,430473691.0,9.16074275970459,512099214.0,11.718841075897217,453491454.0,9.713515996932983,,
39,,,,,,,,,,,,,,488281648.0,10.59385061264038,,,547869264.0,12.633643627166748,554332260,12.87776780128479,17241.219468745,15743.009656309192,17661.475860072693,15906.128693117678,17545.372769369533,15705.773986464228,15690.41302495095,15334.821222041359,14244.15329635551,14591.488699116298,13359.062215862928,0.9570865143429149,463886141.0,9.961108684539795,483882856.0,10.456116199493408,573020506.0,13.755770683288574,,,197275374.0,3.7776336669921875
40,,,,,,,,,,,,,,455811150.0,11.118464946746826,,,510292273.0,12.97104287147522,515939353,13.171623468399048,17622.6888344908,16164.977952714238,18090.976486467138,16243.056658530078,17951.487183520065,16127.525132600353,16090.08094333621,15685.534994008736,14595.077725507681,14939.75546750506,13586.797040513562,0.922321693463759,412552167.0,9.895020246505737,429939207.0,10.352469205856323,527591118.0,13.731505632400513,,,,
41,,,,,,,,,,,,,,,,,,463575290.0,13.425715446472168,457597583,13.197893857955933,18011.212322193493,16456.453830978193,18438.7078164117,16593.613355045876,18380.560284973824,16480.72297309605,16469.007254958662,16035.841853950966,14858.940424729748,15278.913445835635,13889.329352859195,0.9162138375368986,358575376.0,9.802120447158813,369301545.0,10.124526739120483,466461209.0,13.537862062454224,,,,
42,,,,,,,,,,,,,,,,,,,,411650436,14.383479356765747,18420.008881044752,16733.468026984447,18905.354218547363,16882.265999394967,18728.098655133792,16735.650073228753,16781.544712411804,16392.344108824323,15173.520626293948,15594.686049593349,14196.118313163784,0.9141686071049083,297159823.0,9.482446908950806,311960749.0,10.004507064819336,389173809.0,13.259650945663452,,,,
43,,,,,,,,,,,,,,422638505.0,10.347925186157227,,,,,481067494,12.732809782028198,18850.102457964822,17130.008787336596,19345.869750098234,17158.972108547023,19154.774271680242,17077.781887718018,17089.301497826353,16738.292951412684,15495.936625958542,15947.279030493626,14503.251093569444,0.9235408197749745,402658271.0,9.78633999824524,421121969.0,10.310549259185791,496433544.0,13.466511964797974,,,172999618.0,3.674901247024536
44,,,,,,,,,,,,,,488938689.0,10.660276174545288,,,548480529.0,12.691648244857788,553047473,12.871384620666504,19289.691411083943,17668.845466580173,19812.124756121666,17443.152860975362,19580.253170382737,17505.358402300408,17448.184237466437,17089.916671191717,15821.887196278893,16318.107333624488,14811.546535272459,0.9319600517099554,463978487.0,10.028004169464111,483483687.0,10.527360200881958,571400453.0,13.741896629333496,,,196763168.0,3.774881601333618
45,,,,,,,,,,,,,,563644980.0,11.316048622131348,,,613737015.0,13.174354791641235,617667303,13.363914728164673,19756.185247209676,18086.488975949833,20240.013410531472,17857.239668624745,20097.496525996157,17923.59357012568,17839.874178558217,17482.504605905993,16170.652881755745,16672.162560191086,15160.843295726623,0.9509447542103854,470778580.0,9.038140058517456,490741724.0,9.434231758117676,588522236.0,12.149928569793701,521045297.0,10.11017656326294,,
46,,,,,,,,,,,,,,568658640.0,11.25137710571289,,,621234128.0,13.143309116363525,622769463,13.205256938934326,20190.885975064193,18388.59715011353,20724.977845390356,18401.688693178694,20525.44495324138,18341.502730212236,18219.799058767912,17888.770962793576,16542.134729687503,17022.720603645696,15537.835455868642,0.9639240936799482,473583077.0,8.985594749450684,495004958.0,9.408409833908081,593972723.0,12.065030097961426,537246489.0,10.38451099395752,,
47,,,,,,,,,,,,,,642263798.0,20.60647749900818,,,515541466.0,12.979576349258423,517260516,13.04506540298462,20688.99733545028,18827.74329643713,21416.444349635527,18951.057918068575,21100.47587173719,18866.76185252886,18700.010321222126,18431.580194276194,17040.358364673313,17464.926044002048,16007.550028643587,0.9509897665543989,418704616.0,9.926488161087036,434768968.0,10.35055685043335,529774950.0,13.638261318206787,,,,
48,,,,,,,,,,,,,,,,,,485743508.0,12.732288837432861,490664943,12.934512615203857,21078.645053226657,19167.688539169296,21817.211898135774,19218.262906605618,21517.92041208709,19259.512435140492,19097.106743845685,18786.8497633578,17356.579044773633,17812.62048108999,16300.883215643524,0.9263501546599648,396528526.0,9.796325445175171,416019199.0,10.37582516670227,502534846.0,13.533078908920288,,,172448289.0,3.688049077987671
49,,,,,,,,,,,,,,,,,,592291331.0,13.101571083068848,594240727,13.20748233795166,21519.44323459592,19698.555747805425,22244.945249590415,19677.19141477661,21932.191965913687,19605.760446973694,19495.106150992342,19191.36478646452,17734.82026518316,18166.781599171118,16638.491647530114,0.9571734124963934,457760730.0,8.861994981765747,475210149.0,9.253169298171997,560932707.0,11.878760814666748,498691534.0,9.849088907241821,217733147.0,3.878354549407959
50,,,,,,,,,,,,,,454278012.0,11.05792236328125,,,510472265.0,12.984243392944336,511557407,13.023911237716675,21965.95890587941,20175.191855189045,22649.913201962954,20077.888864393983,22315.0714068531,19966.523155410625,19874.489994849257,19551.87263821187,18083.03537473631,18512.53527720383,16937.269110943296,0.9603153196248141,412218671.0,9.915295839309692,430321103.0,10.385812044143677,526170040.0,13.733381271362305,,,,
51,,,,,,,,,,,,,,452237551.0,11.075924158096313,,,507729230.0,12.93639326095581,512506257,13.120368003845215,22365.61830161593,20542.823885027912,23053.242798468502,20348.856545659644,22690.348877270357,20378.364016121057,20253.968648152862,19811.732635578763,18411.05064505857,18871.664585417493,17235.898354318895,0.9278308315710588,410536729.0,9.889529705047607,431104548.0,10.457948446273804,525892452.0,13.773502588272095,,,,
52,,,,,,,,,,,,,,,,,,558096228.0,13.59790849685669,555552228,13.498595237731934,22751.064517274193,20890.495352614103,23429.341686642252,20763.588533931976,23083.36245016694,20727.556652184074,20628.590367284844,20187.181003403548,18759.355301763026,19214.483080091293,17577.254685631695,0.9494876373897899,416795625.0,8.799310207366943,430548458.0,9.119001150131226,513096709.0,11.743630409240723,472878733.0,10.398344039916992,,
53,,,,,,,,,,,,,,458387804.0,11.118102788925171,,,640689705.0,20.629860639572144,514834498,13.060245990753174,23273.73743086872,21333.723476462124,23946.256343591544,21361.55072558305,23560.137398163064,21274.44128275283,21205.10909857105,20740.89904793935,19171.731624788194,19733.019791875093,17977.8537830346,0.9654154614968733,413359354.0,9.90730333328247,433441639.0,10.407840013504028,529550769.0,13.740842580795288,,,,
54,,,,,,,,,,,,,,,,,,460504131.0,13.472706079483032,458277574,13.389332294464111,23696.876944405045,21607.872570850566,24383.953064350346,21630.591928904876,23971.68407539445,21614.379831681366,21580.45631963909,21096.263436228688,19485.369209473116,19974.834000184554,18277.58435905268,0.9317768324505199,353396495.0,9.784700155258179,371192226.0,10.332249164581299,460683940.0,13.479597806930542,,,,
55,,,,,,,,,,,,,,,,,,,,408586967,14.277174949645996,24090.037655647775,21875.19929589681,24770.78225332252,21904.710928626217,24360.648834420725,21935.698615059457,21900.218504076725,21441.26656568988,19810.3331568587,20372.210463407064,18586.588352947296,0.9237101836638018,295480689.0,9.502746105194092,308341984.0,9.951056480407715,388590924.0,13.221827745437622,,,,
56,,,,,,,,,,,,,,,,,,586539758.0,13.000357866287231,714692079,20.631722688674927,24713.04233419457,22510.15492702366,25346.88785223713,22552.12686521525,24987.15835303223,22356.645443934045,22349.573716504085,22027.397410343052,20352.125210506103,20806.959803498907,19090.33979734362,0.9616159254854376,454480831.0,8.878597259521484,474920415.0,9.327619791030884,559964692.0,11.934376001358032,495915540.0,9.844245433807373,215857174.0,3.8679022789001465
57,,,,,,,,,,,,,,456153801.0,11.093900203704834,,,510513219.0,12.935405969619751,514429347,13.0999276638031,25099.79299849297,22868.896992206566,25742.35153392664,22923.915699211168,25377.299834441106,22721.361409623372,22712.605796681786,22379.35968856813,20672.839514514057,21141.71384029016,19385.717081779472,0.962680843743411,410908311.0,9.894973516464233,430919490.0,10.404980897903442,526939141.0,13.700878620147705,,,,
58,,,,,,,,,,,,,,453380615.0,11.013583183288574,,,511005528.0,13.004541873931885,513130461,13.080999851226807,25490.595663177046,23234.674543520374,26160.32352001986,23202.87749658243,25757.002612215958,23138.650649751824,23098.436299058674,22643.546670862394,20993.55271477725,21497.97645819568,19689.411040117724,0.9278415875001387,418513943.0,10.037921667098999,434787400.0,10.490654230117798,523558779.0,13.581250190734863,,,,
59,,,,,,,,,,,,,,455950798.0,10.997028350830078,,,514468775.0,12.971280813217163,517807024,13.098117113113403,25901.908509178174,23581.19329731166,26586.168910012573,23552.481316693218,26144.2306356229,23554.756893597736,23484.919514886475,22995.41353506317,21311.55951703401,21847.32368576547,20014.779610578888,0.9281207431446422,414517738.0,9.879908323287964,436216108.0,10.445535898208618,529835375.0,13.683797597885132,,,,
60,,,,,,,,,,,,,,,,,,463059056.0,13.521780729293823,458621568,13.347853660583496,26312.481620204388,23880.819675791863,26979.7488713125,23890.05811912444,26541.08803958103,23902.23008764523,23867.064856269953,23341.166513981174,21629.614329840202,22194.22286149211,20264.617361796234,0.9285968325354836,351798965.0,9.713862657546997,367022986.0,10.178892612457275,463518833.0,13.53802752494812,,,,
61,,,,,,,,,,,,,,,,,,717121639.0,20.66147756576538,589557694,13.109258651733398,26973.45848779184,24539.26894111476,27474.101882060848,24550.776062900542,27015.930936892863,24370.546338528802,24449.9770512971,23935.788753527035,22096.52369846576,22706.53333110787,20763.843004801452,0.9573254964568398,455653313.0,8.845579624176025,473727975.0,9.253187417984009,558249182.0,11.876798629760742,499033269.0,9.890996217727661,215638120.0,3.8408217430114746
62,,,,,,,,,,,,,,398782853.0,10.791911840438843,,,,,452775025,13.027517318725586,27281.11344533125,24928.327574937684,27881.665386459812,24937.266460911884,27427.40455844272,24700.642397490326,24800.876165936028,24288.74855232553,22418.45010384233,23037.60652278162,21055.806562202866,0.9612461707808755,365925333.0,9.771772146224976,379151434.0,10.15296745300293,461988625.0,13.442461967468262,,,,
63,,,,,,,,,,,,,,394875271.0,10.716561079025269,,,,,449723519,12.989415168762207,27730.2295528876,25218.49463617641,28309.19300286303,25222.457541955628,27877.61335251029,25007.9258155931,25105.81706083402,24641.35801297549,22743.6305023629,23323.17621871758,21362.46144188325,0.9341670870780945,361658315.0,9.680562019348145,375442338.0,10.073021411895752,460152631.0,13.470495223999023,,,,
64,,,,,,,,,,,,,,462635962.0,11.021812200546265,,,518845351.0,12.97015118598938,524398437,13.185269117355347,28180.02282697967,25544.14383860546,28713.942822530233,25507.723444398034,28314.76241436627,25433.474065186885,25499.562166366413,24997.67563332999,23071.366673507906,23662.438580237424,21676.49028356926,0.937189746986736,424465405.0,9.968254566192627,443960289.0,10.465262651443481,537139433.0,13.774915933609009,,,,
65,,,,,,,,,,,,,,737342351.0,20.72898244857788,,,611284568.0,13.224956750869751,611545127,13.235631465911865,28778.047070495235,25984.792072411066,29368.79709204465,26042.528979552877,28904.312409014365,26043.3812051391,25976.403146979555,25481.301557649647,23622.07321108856,24171.020241983908,22206.501821856797,0.9544572125781666,469977252.0,8.994263172149658,487301060.0,9.364571809768677,582393224.0,12.061699867248535,516539694.0,10.031682014465332,,
66,,,,,,,,,,,,,,584189971.0,10.841235637664795,,,647289175.0,13.015798807144165,650446577,13.149250268936157,29187.467088088495,26383.822811087106,29747.52995491671,26666.712173483374,29305.71729122605,26475.48549309651,26381.36768809999,25947.72965320671,23974.80940706891,24530.905139597642,22557.294801961172,0.9757302891124379,512527863.0,9.11137866973877,534097815.0,9.56352162361145,628598061.0,12.285866975784302,559044101.0,10.138916730880737,242178701.0,4.026678085327148
67,,,,,,,,,,,,,,,,,,486321997.0,12.845617294311523,485686867,12.828134536743164,29585.842997439406,26925.468139506487,30132.501243541803,27065.338347256242,29689.794036822823,26835.161762694075,26785.114870496807,26217.176861865817,24305.80835722094,24894.115006395143,22888.29416369587,0.9650383429093794,395701013.0,9.77825140953064,409151113.0,10.200910091400146,500339844.0,13.482942342758179,,,169977958.0,3.6259286403656006
68,,,,,,,,,,,,,,449366342.0,10.974649667739868,,,508042339.0,12.98386812210083,510995884,13.101277828216553,30020.833440328533,27387.644153339133,30553.895812749182,27337.1937234131,30094.861808818692,27189.653378167528,27170.90461282298,26567.65475246111,24622.724688747683,25241.58870694625,23108.084534599056,0.9435342875393954,430065122.0,10.388124942779541,427925723.0,10.333110809326172,524296510.0,13.763216495513916,,,,
69,,,,,,,,,,,,,,452618897.0,10.951570272445679,,,513014983.0,13.014554977416992,513753384,13.043677806854248,30474.440586132227,27696.199022397806,30994.594262113053,27653.882220982363,30474.799712993306,27607.81002031725,27565.978352631737,26918.33102953687,24894.92382719231,25593.918647127954,23413.051684382124,0.9400631243532355,414560950.0,9.886324644088745,433624195.0,10.395958423614502,529463550.0,13.789429903030396,,,,
