,sta0_datasz,sta1_datasz,sta2_datasz,sta4_datasz,sta5_datasz,sta3_datasz,sta6_datasz,sta7_datasz,sta8_datasz,sta9_datasz,sta10_datasz,round_time,host_consumption_sta7,training_time_sta7,cpu_voltage_sta7,cpus_freqs_sta7,host_consumption_sta2,training_time_sta2,cpu_voltage_sta2,cpus_freqs_sta2,host_consumption_sta4,training_time_sta4,cpu_voltage_sta4,cpus_freqs_sta4,host_consumption_sta1,training_time_sta1,cpu_voltage_sta1,cpus_freqs_sta1,host_consumption_sta6,training_time_sta6,cpu_voltage_sta6,cpus_freqs_sta6,host_consumption_sta5,training_time_sta5,cpu_voltage_sta5,cpus_freqs_sta5,host_consumption_sta0,training_time_sta0,cpu_voltage_sta0,cpus_freqs_sta0,host_consumption_sta3,training_time_sta3,cpu_voltage_sta3,cpus_freqs_sta3,host_consumption_sta9,training_time_sta9,cpu_voltage_sta9,cpus_freqs_sta9,host_consumption_sta10,training_time_sta10,cpu_voltage_sta10,cpus_freqs_sta10,host_consumption_sta8,training_time_sta8,cpu_voltage_sta8,cpus_freqs_sta8,consumption_sta4,consumption_sta7,consumption_sta5,consumption_sta1,consumption_sta6,consumption_sta3,consumption_sta0,consumption_sta2,consumption_sta9,consumption_sta10,consumption_sta8,mean_acc
0,432851712.0,432851712.0,432851712.0,432851712.0,432851712.0,432851712.0,432851712.0,432851712.0,432851712.0,432851712.0,432851712.0,0.017940521240234375,360347039,16.45386815071106,0.6866666666666666,"[2.035, 2.134]",360908133,16.479225873947144,0.68,"[3.367, 2.647]",361931874,16.527257442474365,0.68,"[3.295, 2.134]",362037037,16.532165050506592,0.68,"[3.333, 3.201]",362855760,16.572991371154785,0.6866666666666666,"[2.113, 2.134]",363008958,16.58126163482666,0.6833333333333332,"[2.051, 2.046]",430167539,21.80302119255066,0.6866666666666666,"[2.075, 2.136]",430141233,21.804110765457153,0.6833333333333332,"[2.122, 1.626]",431225215,21.8834445476532,0.6866666666666666,"[2.134, 1.893]",431529352,21.904383659362793,0.6866666666666666,"[2.134, 2.134]",431524896,21.90460705757141,0.6866666666666666,"[2.065, 2.134]",3.7318187523962356,2.601805497393622,3.1106043551260285,3.274321609138601,2.707720456299268,3.933810749381017,3.2227980592698504,3.6854409361031353,2.655444852067922,2.8740766578917283,2.773568562900848,0.8950852968476035
1,,,,,,,,,,,,0.04846358299255371,354057687,15.93289566040039,0.6866666666666666,"[0.893, 0.899]",352974438,15.883655309677124,0.69,"[0.891, 0.894]",417490569,20.711339235305786,0.68,"[0.896, 0.9]",417838286,20.737775564193726,0.6833333333333332,"[0.893, 0.9]",356428226,16.048189878463745,0.6866666666666666,"[0.872, 0.9]",354278939,15.943564891815186,0.6866666666666666,"[0.9, 0.9]",353712352,15.916999340057373,0.69,"[0.884, 0.9]",359592402,16.223252058029175,0.69,"[0.878, 0.9]",417394867,20.704763174057007,0.69,"[0.899, 0.9]",390309121,18.408403873443604,0.69,"[0.896, 0.752]",417673980,20.727957487106323,0.69,"[0.9, 0.9]",4.0922346160722585,2.8980780809864077,3.4058399100639623,3.4728552966189343,2.997515774300056,4.333191867676019,3.4192044794028504,4.075884901049942,2.854476303597089,3.0565306115077284,2.9649013018901815,0.43264578689228406
2,,,,,,,,,,,,0.04945230484008789,335827265,14.433283567428589,0.69,"[0.92, 0.933]",331058051,14.19130277633667,0.69,"[0.975, 0.967]",334365355,14.347938299179077,0.69,"[0.929, 0.933]",414605567,20.660600662231445,0.6833333333333332,"[0.977, 1.0]",414578772,20.659647464752197,0.6866666666666666,"[0.966, 0.967]",414546180,20.65762424468994,0.6866666666666666,"[0.96, 0.957]",334225402,14.340560674667358,0.69,"[0.949, 0.967]",414936682,20.684473276138306,0.69,"[1.341, 0.967]",415457433,20.718953371047974,0.6866666666666666,"[0.965, 0.967]",415250035,20.704015493392944,0.69,"[1.0, 1.0]",415051489,20.691864728927612,0.6866666666666666,"[0.946, 0.967]",4.398531720216018,3.2019363018430065,3.7112081968621986,3.7781890878110658,3.3041112538341344,4.701866924687371,3.724315751859593,4.383511863969164,3.1554994792750684,3.3564947276503476,3.266146396099844,0.787751474163749
3,,,,,,,,,,,,0.044176578521728516,324406152,14.049060344696045,0.69,"[0.996, 1.0]",324794212,14.073149681091309,0.69,"[0.995, 1.0]",409637379,20.655597448349,0.69,"[1.0, 0.998]",410037219,20.680254220962524,0.69,"[0.971, 1.0]",409670277,20.657275199890137,0.69,"[0.941, 0.998]",409620716,20.654519081115723,0.69,"[1.116, 1.0]",409737843,20.66132616996765,0.69,"[0.96, 0.968]",321401826,13.905003070831299,0.69,"[0.966, 1.0]",409992054,20.677205324172974,0.69,"[1.051, 0.929]",409929248,20.673473596572876,0.69,"[1.0, 1.0]",356821962,16.299623012542725,0.69,"[0.979, 0.998]",4.729049551628362,3.527826990662605,4.059489206459386,4.104454150698724,3.6282566429723193,5.025242374443207,4.049722638735595,4.712004234527753,3.4790290173892413,3.688225453148681,3.5884582101014737,0.8715940930626609
4,,,,,,,,,,,,0.0418546199798584,417006195,20.65298843383789,0.6833333333333332,"[1.067, 1.067]",314960620,12.904890775680542,0.69,"[1.063, 1.065]",316885663,12.993093013763428,0.69,"[1.031, 1.031]",316026779,12.952404975891113,0.69,"[1.053, 1.06]",417006195,20.65373730659485,0.68,"[1.045, 1.067]",313227958,12.832061290740967,0.69,"[1.033, 1.033]",318489175,13.077162504196167,0.69,"[1.044, 1.034]",316595320,12.978612422943115,0.69,"[1.062, 1.067]",349085410,15.122753858566284,0.69,"[1.026, 1.067]",348856163,15.107207536697388,0.69,"[1.061, 1.067]",349085410,15.121896266937256,0.69,"[1.032, 1.011]",5.070236809895031,3.8586107862634673,4.399990588804215,4.44264298375589,3.9615106219493357,5.367378640590706,4.381788474624929,5.054117780389753,3.816133707707241,4.030356393941347,3.9202095881063936,0.8931117870590903
5,,,,,,,,,,,,0.04031658172607422,411568649,20.646199703216553,0.6866666666666666,"[1.077, 1.1]",412072431,20.678723335266113,0.69,"[1.1, 1.1]",310418883,12.802046060562134,0.69,"[1.1, 1.1]",310120666,12.790144205093384,0.69,"[1.066, 1.058]",315662034,13.06517243385315,0.69,"[1.08, 1.098]",411608687,20.647640705108643,0.69,"[1.1, 1.088]",411099168,20.605278968811035,0.69,"[1.1, 1.09]",312493646,12.898245811462402,0.69,"[1.1, 1.1]",412105940,20.680397987365723,0.6866666666666666,"[1.1, 1.1]",412127912,20.681264877319336,0.69,"[1.1, 1.1]",345038302,15.035609245300293,0.6866666666666666,"[1.099, 1.09]",5.4349902081295305,4.21944982759368,4.764831975167882,4.7969678999337235,4.323718445293002,5.732003456382206,4.740214669524596,5.417235207507253,4.296288497827017,4.39492976201418,4.396591975135058,0.907499372959137
6,,,,,,,,,,,,0.039449453353881836,301279563,11.868436098098755,0.69,"[1.133, 1.133]",300309045,11.826239347457886,0.69,"[1.167, 1.167]",410700486,20.64405083656311,0.6933333333333334,"[1.191, 1.2]",300955955,11.855098485946655,0.69,"[1.119, 1.167]",301838277,11.898367166519165,0.69,"[1.1, 1.133]",299649013,11.798603534698486,0.69,"[1.133, 1.121]",410683457,20.64410424232483,0.69,"[1.196, 1.2]",299488185,11.791524410247803,0.69,"[1.116, 1.167]",331317572,13.846750736236572,0.69,"[1.133, 1.133]",410965561,20.662290334701538,0.69,"[1.181, 1.2]",411036179,20.66785717010498,0.69,"[1.167, 1.165]",5.810912625998697,4.590750398880217,5.1374823516772725,5.162062894804557,4.689259686640697,6.101333564065373,5.2469995561894285,5.793156759315253,4.670348673527461,4.90040923652518,4.76818784455569,0.9178762381727045
7,,,,,,,,,,,,0.035927772521972656,299134000,11.837100505828857,0.69,"[1.128, 1.2]",299976099,11.876052856445312,0.6866666666666666,"[1.171, 1.2]",409433339,20.643486738204956,0.6933333333333334,"[1.161, 1.196]",298396086,11.803783416748047,0.6866666666666666,"[1.158, 1.2]",299297269,11.844563961029053,0.69,"[1.155, 1.2]",298320587,11.801280498504639,0.69,"[1.2, 1.2]",409991626,20.689378261566162,0.6866666666666666,"[1.2, 1.199]",299716334,11.86400032043457,0.69,"[1.172, 1.2]",328873121,13.789101600646973,0.68,"[1.2, 1.191]",329906198,13.863780975341797,0.69,"[1.2, 1.197]",328126907,13.737385272979736,0.6833333333333332,"[1.2, 1.2]",6.20408170114965,4.975655963538946,5.536835358204083,5.684605444041606,5.082221102463864,6.497237222697676,5.6422934345781455,6.320303709130856,5.062835855419721,5.295310553079689,5.1634608541920555,0.927807477387515
8,,,,,,,,,,,,0.0358576774597168,298702300,11.739997625350952,0.6866666666666666,"[1.23, 1.2]",293916179,11.500415325164795,0.69,"[1.221, 1.183]",293841716,11.496914386749268,0.69,"[1.233, 1.2]",293789104,11.495303630828857,0.69,"[1.185, 1.2]",296226049,11.602681875228882,0.69,"[1.267, 1.188]",411387741,20.635029554367065,0.6966666666666667,"[1.256, 1.2]",294831521,11.55411958694458,0.69,"[1.231, 1.2]",295852636,11.584341526031494,0.69,"[1.209, 1.2]",330055064,13.840740203857422,0.6866666666666666,"[1.198, 1.194]",330275461,13.855997800827026,0.69,"[1.2, 1.2]",330451303,13.867866039276123,0.6866666666666666,"[1.185, 1.183]",6.740334989350725,5.373136061037172,6.077296480267855,6.079914756718227,5.62752318519652,7.02673421544883,6.045496447514312,6.71454680949353,5.45800325759992,5.69323136682619,5.557499743962607,0.9352559176358309
9,,,,,,,,,,,,0.035073280334472656,276929833,10.174887895584106,0.6999999999999998,"[1.313, 1.267]",277540000,10.198952674865723,0.6999999999999998,"[1.304, 1.267]",277042016,10.180222749710083,0.6999999999999998,"[1.3, 1.267]",278592549,10.240605115890503,0.6999999999999998,"[1.345, 1.333]",277818930,10.209567308425903,0.6999999999999998,"[1.328, 1.266]",278230306,10.225948810577393,0.6999999999999998,"[1.291, 1.267]",277818930,10.209928512573242,0.6999999999999998,"[1.358, 1.333]",276782006,10.16965103149414,0.6999999999999998,"[1.308, 1.266]",306008310,11.972584247589111,0.6999999999999998,"[1.333, 1.333]",304790480,11.890568733215332,0.6999999999999998,"[1.318, 1.317]",306488900,12.003869771957397,0.6999999999999998,"[1.33, 1.333]",7.023574580650225,5.799508137316487,6.36061708440495,6.365053780465248,5.913860766968249,7.310304152225736,6.332953195836238,6.998956630067123,5.8857833213550785,5.970041926718244,5.982725795513274,0.9441049098968506
10,,,,,,,,,,,,0.030747652053833008,276229700,10.22875690460205,0.6999999999999998,"[1.394, 1.292]",274443938,10.158291578292847,0.6999999999999998,"[1.334, 1.379]",273897248,10.138290882110596,0.6999999999999998,"[1.366, 1.398]",278540058,10.338273048400879,0.6999999999999998,"[1.378, 1.4]",278977862,10.359989881515503,0.6999999999999998,"[1.384, 1.4]",276206446,10.227171182632446,0.6999999999999998,"[1.475, 1.399]",276314784,10.233351230621338,0.6999999999999998,"[1.385, 1.397]",274443938,10.159099817276001,0.6999999999999998,"[1.399, 1.386]",302368732,11.836871147155762,0.6999999999999998,"[1.39, 1.398]",304103347,11.947352886199951,0.6999999999999998,"[1.348, 1.398]",304432265,11.969428539276123,0.6999999999999998,"[1.4, 1.4]",7.328161690962651,6.09894329696187,6.671345697482299,6.674318287868951,6.217939885569998,7.6180592310664155,6.802543535715867,7.3018680762263815,6.200724865893284,6.433064235046957,6.295124697924764,0.9505347555333917
11,,,,,,,,,,,,0.03187704086303711,270024578,9.602892875671387,0.6999999999999998,"[1.433, 1.325]",267764329,9.518015623092651,0.6999999999999998,"[1.462, 1.466]",269686627,9.588605165481567,0.6999999999999998,"[1.439, 1.3]",270445841,9.620169162750244,0.6999999999999998,"[1.428, 1.433]",268570724,9.54746413230896,0.6999999999999998,"[1.417, 1.425]",269222212,9.572521924972534,0.6999999999999998,"[1.461, 1.467]",267606493,9.532556295394897,0.6999999999999998,"[1.426, 1.431]",271668799,9.678253412246704,0.6999999999999998,"[1.45, 1.467]",295709265,11.167520523071289,0.6999999999999998,"[1.423, 1.431]",296228978,11.203458070755005,0.6999999999999998,"[1.378, 1.426]",295831885,11.175026178359985,0.6966666666666667,"[1.467, 1.469]",7.623483180740215,6.404615881358945,6.998771876792077,7.149917025546597,6.532014347676368,7.9377803563261065,7.120448591192196,7.614844532724645,6.517242825188877,6.745876472845072,6.61336544457256,0.9562643116170709
12,,,,,,,,,,,,0.031019210815429688,267910935,9.513695001602173,0.6933333333333334,"[1.452, 1.494]",269160200,9.558595418930054,0.6999999999999998,"[1.489, 1.5]",271646460,9.663299083709717,0.6999999999999998,"[1.494, 1.5]",283517585,10.402460813522339,0.6999999999999998,"[1.45, 1.497]",269920695,9.588492631912231,0.6933333333333334,"[1.461, 1.499]",270328287,9.605116844177246,0.6999999999999998,"[1.474, 1.499]",270353678,9.606390714645386,0.6999999999999998,"[1.5, 1.497]",268580550,9.537622928619385,0.6999999999999998,"[1.475, 1.5]",296111546,11.20299482345581,0.6866666666666666,"[1.493, 1.5]",296825351,11.250955820083618,0.6833333333333332,"[1.496, 1.496]",294544046,11.100332736968994,0.6866666666666666,"[1.496, 1.5]",7.948274478575425,6.739228649731294,7.334072038794811,7.478164818237305,6.866523090763405,8.440646259617496,7.451074713772082,8.120323344884111,6.849800289533395,7.077601201413517,6.949471001540314,0.9602750214663419
13,,,,,,,,,,,,0.028406620025634766,265311637,9.043822288513184,0.6999999999999998,"[1.491, 1.566]",264919732,9.026620149612427,0.6999999999999998,"[1.459, 1.533]",264109614,8.992234230041504,0.6999999999999998,"[1.513, 1.528]",264274226,8.999120950698853,0.6999999999999998,"[1.501, 1.53]",266017629,9.07450795173645,0.6999999999999998,"[1.521, 1.566]",263775203,8.980344533920288,0.6999999999999998,"[1.546, 1.554]",260910343,8.881364583969116,0.6999999999999998,"[1.521, 1.532]",287843257,10.414825201034546,0.6999999999999998,"[1.485, 1.533]",413707498,20.641204595565796,0.6966666666666667,"[1.588, 1.6]",290559253,10.57648754119873,0.6933333333333334,"[1.562, 1.558]",290637073,10.581525325775146,0.6999999999999998,"[1.492, 1.566]",8.627518476122518,7.421868781140183,8.029194191299538,8.14913730808951,7.554392612307172,9.111732966780206,8.140277872349449,8.790211606051706,7.5348486721023,7.767693695024274,7.634388818151719,0.9635854255069386
14,,,,,,,,,,,,0.028612375259399414,266128164,9.100397109985352,0.6999999999999998,"[1.587, 1.6]",263881405,9.018259048461914,0.6999999999999998,"[1.585, 1.599]",262639404,8.97402811050415,0.6999999999999998,"[1.524, 1.6]",287239316,10.378992080688477,0.6933333333333334,"[1.473, 1.592]",265329033,9.06814169883728,0.6999999999999998,"[1.555, 1.599]",265518791,9.075725317001343,0.6999999999999998,"[1.523, 1.592]",287282956,10.380836963653564,0.6933333333333334,"[1.593, 1.599]",264043758,9.023438215255737,0.6999999999999998,"[1.471, 1.6]",289585380,10.504737138748169,0.6999999999999998,"[1.599, 1.595]",290969958,10.594154119491577,0.6966666666666667,"[1.589, 1.599]",289420707,10.494028568267822,0.6999999999999998,"[1.6, 1.599]",9.154668042459866,7.778654079058184,8.562939294571306,8.490405620478585,7.90813529308808,9.455733195321242,8.494702328903097,9.144011205563631,7.896525774264111,8.127608433710423,7.992907308660231,0.9671504931016401
15,,,,,,,,,,,,0.027675628662109375,261795045,8.57384729385376,0.6999999999999998,"[1.665, 1.664]",263375791,8.64556097984314,0.6999999999999998,"[1.612, 1.633]",258497568,8.461717367172241,0.6999999999999998,"[1.537, 1.634]",261589052,8.567567110061646,0.6999999999999998,"[1.618, 1.628]",261711000,8.571091651916504,0.6999999999999998,"[1.516, 1.633]",261534853,8.564526557922363,0.6999999999999998,"[1.626, 1.624]",259608955,8.500520944595337,0.6999999999999998,"[1.626, 1.631]",260405401,8.524680137634277,0.6999999999999998,"[1.609, 1.633]",286084107,10.007405281066895,0.6999999999999998,"[1.644, 1.66]",285113894,9.944380283355713,0.6999999999999998,"[1.663, 1.667]",284724735,9.917722702026367,0.6999999999999998,"[1.663, 1.667]",9.504533822994384,8.143915265900516,8.92298135756948,8.85204750212725,8.439550125955734,9.814914132967276,8.858131044027813,9.505305390327829,8.262438183519667,8.492477060636961,8.358680323503279,0.9697606238451871
16,,,,,,,,,,,,0.02715921401977539,260889591,8.543281316757202,0.6999999999999998,"[1.698, 1.699]",262569579,8.603955268859863,0.6999999999999998,"[1.609, 1.7]",261847535,8.577016592025757,0.6999999999999998,"[1.685, 1.7]",260220465,8.524229049682617,0.6999999999999998,"[1.685, 1.69]",261073733,8.55001163482666,0.6999999999999998,"[1.638, 1.69]",261261721,8.556905269622803,0.6999999999999998,"[1.656, 1.699]",261504946,8.567993402481079,0.6999999999999998,"[1.679, 1.699]",260632939,8.535120487213135,0.6999999999999998,"[1.69, 1.7]",285167056,9.920798301696777,0.6999999999999998,"[1.7, 1.695]",291470018,10.417672395706177,0.6999999999999998,"[1.696, 1.7]",283818976,9.839432001113892,0.6999999999999998,"[1.699, 1.697]",9.874349664060244,8.721614243862804,9.301294196645246,9.225383124375316,8.808562561770549,10.187976625408067,9.236945069142957,9.86652727598005,8.833556574161861,8.87332790438231,8.93265294371061,0.9716704812916842
17,,,,,,,,,,,,0.027033090591430664,262861998,8.555028915405273,0.6999999999999998,"[1.722, 1.696]",261949036,8.515657663345337,0.7033333333333333,"[1.764, 1.7]",259312568,8.407116413116455,0.7033333333333333,"[1.733, 1.7]",258819162,8.390727758407593,0.7066666666666667,"[1.746, 1.698]",259555183,8.415985107421875,0.6999999999999998,"[1.651, 1.699]",259279304,8.406263589859009,0.7033333333333333,"[1.66, 1.698]",292167709,10.37497329711914,0.7066666666666667,"[1.739, 1.68]",259190620,8.40316390991211,0.6999999999999998,"[1.691, 1.7]",286754576,9.96886134147644,0.6999999999999998,"[1.7, 1.698]",292770735,10.420557498931885,0.7033333333333333,"[1.698, 1.652]",286446959,9.948211431503296,0.6999999999999998,"[1.699, 1.69]",10.257258494236181,9.103977038288138,9.679222924007522,9.615385706914731,9.179361191090512,10.564539746671864,9.82289138152599,10.248199047627182,9.216291701760364,9.450646774154688,9.312613712630942,0.9728163914246992
18,,,,,,,,,,,,0.02697587013244629,257638562,8.379501819610596,0.7033333333333333,"[1.787, 1.695]",261255008,8.506583452224731,0.7066666666666667,"[1.789, 1.699]",258701914,8.414640426635742,0.7033333333333333,"[1.712, 1.7]",259988776,8.460222482681274,0.7033333333333333,"[1.718, 1.7]",261144535,8.501236200332642,0.7066666666666667,"[1.723, 1.699]",259283516,8.436954975128174,0.6999999999999998,"[1.743, 1.7]",261574526,8.520996332168579,0.7033333333333333,"[1.78, 1.685]",261759584,8.528205871582031,0.7033333333333333,"[1.753, 1.7]",286142395,9.963921785354614,0.68,"[1.7, 1.695]",286582214,9.991669416427612,0.6999999999999998,"[1.697, 1.436]",285667543,9.933793783187866,0.6866666666666666,"[1.7, 1.699]",10.653652893639602,9.50017715485488,10.069846280390923,10.202186477124163,9.561724139654634,10.962324010345771,10.211712873355031,10.847964995459538,9.600965853799224,9.81409193450117,9.695305584999426,0.9743442752144553
19,,,,,,,,,,,,0.026578664779663086,257297803,7.798665761947632,0.71,"[1.831, 1.834]",254757954,7.708688020706177,0.71,"[1.798, 1.766]",254965412,7.715197563171387,0.71,"[1.683, 1.767]",255033100,7.71708083152771,0.71,"[1.833, 1.767]",256064408,7.7506263256073,0.71,"[1.86, 1.834]",255842058,7.743455410003662,0.71,"[1.86, 1.833]",255921709,7.766934394836426,0.71,"[1.804, 1.766]",253821128,7.680593967437744,0.71,"[1.782, 1.767]",296120885,10.389616250991821,0.71,"[1.833, 1.834]",278598225,9.009026288986206,0.7033333333333333,"[1.834, 1.833]",278462116,9.002623081207275,0.71,"[1.834, 1.831]",11.240279164532206,9.906003661827077,10.690254297214235,10.604891775423226,10.181911642004394,11.56108081308282,10.613223959979624,11.251424891401772,9.989779073222058,10.17903408231928,10.088091707407253,0.9747262434525923
20,,,,,,,,,,,,0.025133371353149414,255782182,7.482825517654419,0.71,"[1.898, 1.927]",253610801,7.4051477909088135,0.71,"[1.929, 1.932]",252865075,7.384259939193726,0.71,"[1.909, 1.916]",253807395,7.411314010620117,0.71,"[1.929, 1.923]",254059713,7.4198784828186035,0.71,"[1.933, 1.934]",252153346,7.3626110553741455,0.71,"[1.933, 1.934]",254013693,7.418355941772461,0.71,"[1.942, 1.966]",253855246,7.412997484207153,0.71,"[1.869, 1.92]",276365259,8.595482349395752,0.71,"[1.967, 1.962]",277045251,8.634438276290894,0.71,"[1.965, 1.967]",276873009,8.62466311454773,0.71,"[1.934, 1.967]",11.662477606231631,10.332262230073079,11.126692156218716,11.030219161487844,10.622072488352426,11.98412334866203,11.041918476642328,11.676017261392305,10.426287189448079,10.615872487525621,10.522708624790637,0.9761268117211082
21,,,,,,,,,,,,0.02396559715270996,251780727,7.346910715103149,0.71,"[1.997, 1.995]",254196676,7.42126202583313,0.71,"[2.0, 1.97]",252996850,7.383606195449829,0.71,"[1.954, 1.992]",253014184,7.387529611587524,0.71,"[1.997, 1.998]",299887782,10.38508939743042,0.68,"[1.959, 1.973]",255950150,7.487475872039795,0.71,"[1.977, 2.0]",253333519,7.397570610046387,0.71,"[1.986, 2.0]",253097069,7.386559009552002,0.71,"[1.945, 2.0]",278091268,8.684167861938477,0.71,"[2.0, 1.965]",278048421,8.680631875991821,0.71,"[2.0, 1.893]",276539941,8.597386598587036,0.71,"[2.0, 2.0]",12.107396179920558,11.008633203518885,11.57279601236201,11.486814199686085,11.069505075342477,12.42837633953827,11.737660305765123,12.132095617376471,11.120752366090393,11.307893637724918,11.21089900820373,0.9768270904367621
22,,,,,,,,,,,,0.023356914520263672,256244156,7.411708116531372,0.7200000000000001,"[2.005, 2.0]",255002887,7.369746923446655,0.7200000000000001,"[1.987, 2.0]",257265577,7.449774265289307,0.7200000000000001,"[2.054, 2.0]",252138759,7.281888008117676,0.7200000000000001,"[2.033, 1.99]",259025032,7.52513313293457,0.7200000000000001,"[1.992, 1.973]",254446858,7.350569486618042,0.7200000000000001,"[2.018, 1.984]",301249595,10.366610527038574,0.6833333333333332,"[2.067, 2.001]",255702959,7.39454984664917,0.7200000000000001,"[2.054, 2.0]",278892902,8.61605191230774,0.7200000000000001,"[2.0, 1.992]",278188070,8.57650089263916,0.7200000000000001,"[1.999, 1.893]",279550248,8.656374454498291,0.6933333333333334,"[2.0, 1.997]",12.81251283181589,11.470375675713552,12.270790969855177,12.183559810308807,11.519275680628105,13.133205214575629,12.203135002591592,12.823271529017603,11.58448998113652,11.755299000328096,11.674604640407319,0.9774000536311757
23,,,,,,,,,,,,0.023402690887451172,254474446,7.325529098510742,0.7200000000000001,"[2.082, 2.0]",256998914,7.4110107421875,0.7200000000000001,"[2.1, 1.963]",254045797,7.311926364898682,0.7200000000000001,"[2.1, 2.0]",251957973,7.25422739982605,0.7200000000000001,"[2.1, 1.996]",257049513,7.4136552810668945,0.7200000000000001,"[2.077, 1.999]",252370081,7.262714385986328,0.7200000000000001,"[2.034, 2.0]",257032423,7.414278507232666,0.7200000000000001,"[2.07, 2.0]",255031146,7.343124628067017,0.7200000000000001,"[2.097, 2.0]",278918354,8.597434520721436,0.7200000000000001,"[2.0, 2.0]",279201372,8.613748550415039,0.7200000000000001,"[2.0, 2.0]",302156575,10.391347169876099,0.7200000000000001,"[2.0, 2.0]",13.305331320615892,12.177694272696334,12.757801351999179,12.652246321756758,12.232752211033374,13.618996443781166,12.668645463320454,13.292299748441692,12.289408067297506,12.462276811834078,12.370339434538941,0.9782913110472939
24,,,,,,,,,,,,0.022919654846191406,257560742,6.965654134750366,0.7200000000000001,"[2.068, 2.067]",253384789,6.827219724655151,0.7200000000000001,"[2.116, 2.134]",254138693,6.84800910949707,0.7233333333333333,"[2.104, 2.133]",255492388,6.890731573104858,0.7200000000000001,"[2.133, 2.067]",255094074,6.875195503234863,0.7233333333333333,"[2.07, 2.067]",255598040,6.891556978225708,0.7266666666666666,"[2.111, 2.067]",250617217,6.777328252792358,0.7200000000000001,"[2.086, 2.067]",255856828,6.900768518447876,0.7200000000000001,"[2.141, 2.134]",276782739,7.952377080917358,0.7200000000000001,"[2.067, 2.067]",276694544,7.947483062744141,0.7200000000000001,"[2.067, 1.771]",276695581,7.947906017303467,0.7200000000000001,"[2.067, 2.067]",13.797177177562373,12.653932800100167,13.240716311442661,13.127277960165811,12.713962178774974,14.1022748635617,13.392217874219648,13.768408731978013,12.765853950262247,12.920920918400226,12.84676820142546,0.9793099002404646
25,,,,,,,,,,,,0.021666526794433594,252753686,6.802003860473633,0.7200000000000001,"[2.174, 2.2]",255590532,6.879892349243164,0.7200000000000001,"[2.167, 2.2]",256153031,6.899183511734009,0.7233333333333333,"[2.2, 2.2]",254201498,6.844675302505493,0.7233333333333333,"[2.194, 2.2]",256914931,6.92631983757019,0.7233333333333333,"[2.158, 2.2]",253849814,6.832008361816406,0.7233333333333333,"[2.197, 2.2]",255648882,6.882981777191162,0.7233333333333333,"[2.166, 2.2]",256023514,6.893251419067383,0.7200000000000001,"[2.2, 2.2]",275988795,7.906084060668945,0.7233333333333333,"[2.2, 2.2]",277958456,8.01878833770752,0.7266666666666666,"[2.2, 1.904]",276961693,7.960342168807983,0.7133333333333334,"[2.2, 2.2]",14.325056109904791,13.168404625586561,13.77381770278243,13.900839092567189,13.241558441023042,14.631867031163756,13.90878382177047,14.544857717926023,13.273674440427705,13.407215868594959,13.354567911632174,0.9788642579858954
26,,,,,,,,,,,,0.0209043025970459,257498303,6.859931707382202,0.73,"[2.253, 2.2]",255951981,6.814732551574707,0.73,"[2.233, 2.2]",253731284,6.75658392906189,0.73,"[2.156, 2.2]",256155167,6.821106433868408,0.73,"[2.222, 2.2]",258276316,6.886000633239746,0.73,"[2.223, 2.2]",256033890,6.816206693649292,0.73,"[2.267, 2.2]",258835519,6.907324314117432,0.73,"[2.219, 2.2]",256608840,6.8339807987213135,0.73,"[2.144, 2.13]",278538166,7.915086030960083,0.73,"[2.2, 2.2]",279464128,7.969397306442261,0.7133333333333334,"[2.2, 2.198]",279024310,7.943758487701416,0.73,"[2.2, 2.172]",15.119765175518534,13.708566487905326,14.3029305142962,14.435835074979568,13.781175105670021,15.415646057060965,14.44399382749914,15.07979605005062,13.805863187154163,13.939322895466924,13.886851676070775,0.9800738367167386
27,,,,,,,,,,,,0.021778106689453125,311036985,10.395751714706421,0.7200000000000001,"[2.249, 2.046]",257505689,6.877976655960083,0.73,"[2.289, 2.2]",310719969,10.370471715927124,0.6966666666666667,"[2.297, 2.111]",255233966,6.812788724899292,0.73,"[2.236, 2.2]",257788769,6.886576175689697,0.73,"[2.291, 2.2]",255270709,6.813562870025635,0.73,"[2.3, 2.2]",257862499,6.8895697593688965,0.73,"[2.28, 2.2]",258495371,6.909015893936157,0.73,"[2.233, 2.146]",278815510,7.9682457447052,0.73,"[2.2, 2.2]",278415486,7.943858861923218,0.73,"[2.2, 2.2]",277271995,7.882552623748779,0.73,"[2.2, 2.085]",15.654876643935497,14.52155448067579,15.123706470417337,14.94630286744831,14.59773997674725,15.926261012490706,14.972131603578974,15.597435870019972,14.622706497787739,14.743596566411574,14.69317390529346,0.980201168493791
28,,,,,,,,,,,,0.021091938018798828,258064159,6.477678060531616,0.7399999999999999,"[2.333, 2.113]",255780412,6.417668581008911,0.7399999999999999,"[2.262, 2.334]",256904677,6.446101903915405,0.7399999999999999,"[2.35, 2.245]",258010937,6.475604772567749,0.7399999999999999,"[2.278, 2.267]",261305362,6.5915422439575195,0.7399999999999999,"[2.258, 2.267]",317925273,10.395246505737305,0.7200000000000001,"[2.255, 2.234]",317726299,10.38170337677002,0.7033333333333333,"[2.328, 2.14]",257986401,6.4756245613098145,0.7399999999999999,"[2.339, 2.334]",277898215,7.400037527084351,0.7399999999999999,"[2.267, 2.267]",277940695,7.402090549468994,0.7399999999999999,"[2.267, 2.267]",279474383,7.487061262130737,0.7399999999999999,"[2.267, 2.18]",16.46870146911899,15.303038382106013,15.918023327407305,15.738207024790666,15.413321202599851,16.735052267720654,15.780458356476208,16.396807127880813,15.154272203390905,15.275135571316499,15.491228480928331,0.979882847179066
29,,,,,,,,,,,,0.019750595092773438,260028753,6.334611892700195,0.75,"[2.351, 2.292]",262301696,6.402527809143066,0.75,"[2.337, 2.428]",260368901,6.344275236129761,0.75,"[2.426, 2.397]",260939640,6.362484455108643,0.75,"[2.351, 2.467]",322081512,10.386980772018433,0.68,"[2.364, 2.461]",321694367,10.359163284301758,0.68,"[2.432, 2.076]",262787109,6.42050576210022,0.75,"[2.379, 2.274]",259987005,6.334058046340942,0.75,"[2.375, 2.426]",279796036,7.222941160202026,0.75,"[2.434, 2.381]",281022779,7.283571481704712,0.75,"[2.434, 2.427]",279544572,7.210808753967285,0.75,"[2.434, 2.425]",17.315755694522302,15.869722318371165,16.697367471353896,16.60436735531965,16.003201940184574,17.603878992080652,16.608603460405497,17.293040358880464,16.009493549384366,16.13384263305623,16.099733525395756,0.9809651049700651
30,,,,,,,,,,,,0.019560575485229492,259312629,6.317334413528442,0.75,"[2.43, 2.299]",257443188,6.2696239948272705,0.75,"[2.496, 2.5]",259698737,6.328642129898071,0.75,"[2.5, 2.286]",260768986,6.36412239074707,0.75,"[2.495, 2.223]",259628485,6.325985908508301,0.75,"[2.359, 2.5]",259916021,6.33507776260376,0.75,"[2.491, 2.409]",256252029,6.265151262283325,0.75,"[2.44, 2.5]",259142525,6.314159393310547,0.75,"[2.349, 2.417]",278782123,7.2212231159210205,0.75,"[2.5, 2.444]",278439106,7.205658912658691,0.75,"[2.5, 2.41]",278987933,7.232548475265503,0.75,"[2.5, 2.432]",17.905805148416217,16.40871260870308,17.299796808211365,17.201988344180442,16.543014850648266,18.20901209304682,17.233004571172273,17.945585166172133,16.62782569535165,16.75360245305783,16.683105893525543,0.9809651049700651
31,,,,,,,,,,,,0.020238161087036133,260585026,6.266527891159058,0.7600000000000001,"[2.509, 2.5]",261051395,6.278846979141235,0.7600000000000001,"[2.45, 2.464]",260370549,6.261198043823242,0.7600000000000001,"[2.532, 2.5]",257171400,6.186745882034302,0.7600000000000001,"[2.523, 2.5]",261914185,6.301205396652222,0.7600000000000001,"[2.49, 2.5]",262373352,6.31500768661499,0.7600000000000001,"[2.533, 2.5]",262953428,6.338329076766968,0.7600000000000001,"[2.533, 2.436]",261009097,6.277235984802246,0.7600000000000001,"[2.492, 2.272]",281615612,7.222697734832764,0.7600000000000001,"[2.5, 2.5]",280967420,7.192504405975342,0.7600000000000001,"[2.5, 2.5]",281739147,7.227167129516602,0.7600000000000001,"[2.498, 2.484]",18.527222790173898,17.014828346037977,17.924368006588367,17.8098664272561,17.498415831670204,18.79438799506242,17.872571285916948,18.555546190596186,17.263032863510343,17.40969168789713,17.313719802337484,0.9810287681492892
32,,,,,,,,,,,,0.018614768981933594,260775517,6.236236810684204,0.7333333333333334,"[2.559, 2.501]",260264288,6.2221739292144775,0.7600000000000001,"[2.525, 2.495]",258284373,6.17353630065918,0.7600000000000001,"[2.488, 2.423]",260387761,6.22762131690979,0.7600000000000001,"[2.595, 2.5]",259029489,6.190213918685913,0.7333333333333334,"[2.529, 2.5]",259501594,6.202451944351196,0.7600000000000001,"[2.6, 2.5]",262550231,6.296435117721558,0.7600000000000001,"[2.54, 2.426]",257972790,6.165798187255859,0.7600000000000001,"[2.6, 2.438]",281421460,7.187703609466553,0.7600000000000001,"[2.5, 2.5]",282025524,7.2212584018707275,0.7600000000000001,"[2.5, 2.5]",280770888,7.156051874160767,0.7333333333333334,"[2.497, 2.5]",19.161528523832928,17.64187302715544,18.56023137681665,18.46762255740629,18.105439589693383,19.43047436566229,18.517351828746378,19.196056626627758,17.933794950927822,18.080442284711353,17.959973449861074,0.9814107363874262
33,,,,,,,,,,,,0.01957225799560547,264253901,5.996417045593262,0.77,"[2.586, 2.563]",264734186,6.008977174758911,0.77,"[2.633, 2.567]",332318241,10.387521028518677,0.71,"[2.666, 2.476]",263760372,5.984117269515991,0.77,"[2.633, 2.512]",264811334,6.0112245082855225,0.77,"[2.562, 2.567]",266660328,6.069685459136963,0.77,"[2.633, 2.565]",263573971,5.979889392852783,0.77,"[2.574, 2.567]",261640200,5.933712959289551,0.77,"[2.62, 2.406]",283349433,6.815386772155762,0.77,"[2.634, 2.634]",282947396,6.793215274810791,0.77,"[2.634, 2.634]",283707952,6.831247568130493,0.77,"[2.566, 2.537]",20.10147570097676,18.651730832185773,19.546546306458275,19.46283495895987,18.795803478475918,20.303523190046086,19.573558532853678,20.15215378301757,18.97915290479133,19.128820845774452,18.95862271965297,0.9819836941632357
34,,,,,,,,,,,,0.018934965133666992,265562003,6.03961968421936,0.77,"[2.7, 2.665]",259833868,5.9005043506622314,0.77,"[2.64, 2.701]",263946224,5.996690511703491,0.77,"[2.689, 2.569]",266165822,6.061248540878296,0.77,"[2.7, 2.582]",264531915,6.012514591217041,0.77,"[2.7, 2.7]",262071534,5.951683044433594,0.77,"[2.621, 2.7]",263946224,5.9969093799591064,0.77,"[2.699, 2.626]",265807181,6.047448635101318,0.77,"[2.581, 2.62]",283047798,6.827125072479248,0.77,"[2.701, 2.7]",284061651,6.878205060958862,0.77,"[2.701, 2.701]",282602975,6.806733846664429,0.77,"[2.701, 2.696]",20.40976953993487,19.242910305694124,19.884893226918052,20.112787959833504,19.449402406988156,20.94027695205777,20.231715715727546,20.806780945050534,19.618239034467084,19.79928635796162,19.55642544226152,0.9821110205216841
35,,,,,,,,,,,,0.017444610595703125,265923026,5.963592767715454,0.77,"[2.729, 2.701]",266692921,5.985461235046387,0.77,"[2.629, 2.692]",262805297,5.892201900482178,0.77,"[2.725, 2.62]",263906307,5.918509483337402,0.77,"[2.703, 2.7]",268537033,6.040178060531616,0.77,"[2.736, 2.701]",266903980,5.990058660507202,0.77,"[2.723, 2.579]",267842576,6.017909526824951,0.77,"[2.707, 2.7]",265400566,5.950795650482178,0.77,"[2.728, 2.7]",286009339,6.833468437194824,0.77,"[2.7, 2.7]",285328738,6.7967963218688965,0.77,"[2.7, 2.7]",285689943,6.815765619277954,0.77,"[2.7, 2.7]",21.08257205900426,19.95849014469001,20.555576858270626,20.80090082463184,20.169792726327728,21.229027878756437,20.940847956255695,21.09507083762742,20.361853744868327,20.54294450784014,20.302946123707247,0.9817927100441672
36,,,,,,,,,,,,0.018279075622558594,266495106,5.961807489395142,0.7733333333333334,"[2.755, 2.7]",264830988,5.920580625534058,0.77,"[2.664, 2.483]",266999378,5.976537466049194,0.77,"[2.694, 2.701]",265004022,5.924617052078247,0.77,"[2.77, 2.701]",267763048,5.996513843536377,0.77,"[2.77, 2.7]",266786671,5.969162940979004,0.77,"[2.788, 2.7]",261670473,5.873237371444702,0.77,"[2.8, 2.614]",264420344,5.910423994064331,0.77,"[2.799, 2.701]",285953125,6.80529260635376,0.77,"[2.7, 2.7]",286518432,6.833103895187378,0.77,"[2.7, 2.7]",285576906,6.788456201553345,0.7433333333333333,"[2.7, 2.682]",21.76882439937993,20.711142698755626,21.235665873803903,21.119158285133487,20.895021692579753,21.925501900475993,21.653999894708864,21.76196598004047,21.1054673308457,21.286536615026844,21.045235184260175,0.9818563732233915
37,,,,,,,,,,,,0.01889324188232422,267795640,5.890213251113892,0.7799999999999999,"[2.768, 2.693]",265514945,5.833306074142456,0.7799999999999999,"[2.76, 2.683]",263926692,5.798554182052612,0.7799999999999999,"[2.691, 2.767]",266239858,5.85253119468689,0.7799999999999999,"[2.833, 2.734]",266726246,5.8618483543396,0.7799999999999999,"[2.833, 2.734]",265380790,5.829590320587158,0.7799999999999999,"[2.832, 2.734]",267063953,5.8714845180511475,0.7799999999999999,"[2.833, 2.734]",266829761,5.8641862869262695,0.7799999999999999,"[2.815, 2.767]",285108340,6.6524646282196045,0.7799999999999999,"[2.733, 2.734]",336092096,10.380335807800293,0.68,"[2.767, 2.539]",285651795,6.676748752593994,0.7799999999999999,"[2.734, 2.715]",22.87935343807401,21.83481115744374,22.40466477185155,22.245111959858757,22.02957649339513,23.055521858005395,22.397673718734183,22.83596589304118,22.171278248760217,22.248316341797775,22.102157231558397,0.9819200364026156
38,,,,,,,,,,,,0.01642441749572754,265422599,5.8250508308410645,0.7799999999999999,"[2.886, 2.72]",265491569,5.826675176620483,0.7799999999999999,"[2.9, 2.714]",263434140,5.780555963516235,0.7799999999999999,"[2.844, 2.692]",265577018,5.8315935134887695,0.7799999999999999,"[2.889, 2.733]",264115901,5.796170711517334,0.7799999999999999,"[2.9, 2.412]",266492177,5.851816415786743,0.7799999999999999,"[2.9, 2.762]",267477526,5.881314277648926,0.7799999999999999,"[2.861, 2.801]",335818415,10.378268241882324,0.7166666666666668,"[2.893, 2.625]",285752809,6.686589241027832,0.7799999999999999,"[2.801, 2.714]",285020327,6.652185916900635,0.7799999999999999,"[2.8, 2.701]",285512697,6.674952745437622,0.7799999999999999,"[2.801, 2.661]",23.99057737765267,22.893544824302513,23.535724322232724,23.28292145241172,23.054315395957172,24.16947708203567,23.438909121080922,23.888809321375206,23.283048778483483,23.361232809377505,23.17699100701161,0.9822383414615284
39,,,,,,,,,,,,0.01784491539001465,270911721,5.656794548034668,0.79,"[2.883, 2.715]",265937307,5.546252727508545,0.79,"[2.909, 2.801]",263273374,5.491623163223267,0.79,"[2.915, 2.821]",272402440,5.692806720733643,0.79,"[2.933, 2.779]",272157201,5.6867289543151855,0.79,"[2.827, 2.724]",270820779,5.655383825302124,0.79,"[2.933, 2.64]",271776465,5.677250862121582,0.79,"[2.896, 2.739]",269890361,5.634279012680054,0.79,"[2.967, 2.758]",288233942,6.349521160125732,0.79,"[2.867, 2.814]",288979241,6.3865978717803955,0.79,"[2.867, 2.848]",287178708,6.303046226501465,0.79,"[2.867, 2.709]",24.706881563018058,23.660619748299478,24.233400820991893,24.01999366036004,23.781679383046704,24.90612312110804,24.108121981540847,24.58769183598607,24.060293341134706,23.729044767439827,23.9755392839112,0.9826203151182695
40,,,,,,,,,,,,0.01657724380493164,272104039,5.593344688415527,0.8066666666666666,"[3.019, 2.709]",267028308,5.4867167472839355,0.81,"[3.067, 3.0]",271581030,5.581792116165161,0.81,"[3.028, 3.0]",275055631,5.676318883895874,0.8066666666666666,"[3.064, 3.001]",273773286,5.634528875350952,0.8066666666666666,"[2.979, 2.955]",272574680,5.604635000228882,0.81,"[3.029, 2.908]",269847087,5.546077251434326,0.8066666666666666,"[2.931, 2.938]",269319684,5.534357309341431,0.81,"[2.98, 3.0]",290970324,6.343116283416748,0.81,"[3.0, 2.974]",291498399,6.367208003997803,0.8066666666666666,"[3.0, 3.0]",291220140,6.353985071182251,0.8066666666666666,"[3.0, 2.889]",25.55195290771731,24.388543593925707,25.02402814192216,24.829457502230486,24.540438976750426,25.77656747670774,24.890805602618634,25.412399025039026,24.863755174385727,24.529803683494446,24.721030283788302,0.982811299237338
41,,,,,,,,,,,,0.015485763549804688,271318946,5.596818923950195,0.81,"[3.058, 2.889]",273315341,5.6411333084106445,0.8066666666666666,"[3.048, 3.001]",269309125,5.554510593414307,0.81,"[3.095, 3.001]",273399569,5.643035650253296,0.8066666666666666,"[3.096, 3.001]",269219708,5.553365707397461,0.81,"[3.077, 3.0]",272923618,5.632093667984009,0.81,"[3.086, 2.754]",273614534,5.649167776107788,0.8033333333333333,"[3.03, 3.0]",273973602,5.658381938934326,0.81,"[3.047, 3.001]",290893115,6.364170551300049,0.8066666666666666,"[3.001, 3.0]",291240527,6.37897253036499,0.8033333333333333,"[3.001, 2.969]",290321095,6.340919017791748,0.81,"[3.0, 3.0]",26.478141409505312,25.18348741600192,25.90501992116116,25.658171803197067,25.410661755417337,26.69541471764574,25.692602209999592,26.29093999623354,25.68013674501894,25.345808187071384,25.494308524229357,0.9832569360733032
42,,,,,,,,,,,,0.0177004337310791,281347241,5.425646066665649,0.82,"[3.079, 3.062]",282392038,5.446425437927246,0.82,"[3.079, 3.067]",281676342,5.432182550430298,0.82,"[3.083, 3.022]",360510673,10.343194961547852,0.7266666666666667,"[3.097, 3.201]",280518813,5.4093337059021,0.82,"[3.093, 2.928]",283464484,5.470400094985962,0.82,"[3.117, 2.984]",279586381,5.418481826782227,0.82,"[3.137, 3.134]",284612003,5.5003626346588135,0.82,"[3.089, 3.067]",299772304,6.096264600753784,0.82,"[3.067, 3.067]",300136744,6.113201856613159,0.82,"[3.067, 3.001]",300869042,6.143862724304199,0.82,"[3.058, 3.067]",27.78544332454124,26.313775858093845,27.114621504577133,27.08537478827008,26.56778221909899,28.0741367917704,27.056241643755115,27.715399792875484,26.895532059984475,27.04935454962406,26.67029857431674,0.9835115833715959
43,,,,,,,,,,,,0.015405416488647461,281388135,5.4250006675720215,0.82,"[3.166, 3.201]",279656755,5.390947341918945,0.82,"[3.2, 3.201]",278408223,5.366116762161255,0.82,"[3.2, 2.967]",283983587,5.486700057983398,0.82,"[3.145, 3.201]",280502151,5.40770411491394,0.82,"[3.142, 3.121]",283205757,5.4653260707855225,0.82,"[3.108, 3.117]",285810792,5.542758226394653,0.82,"[3.173, 3.096]",282328806,5.444015979766846,0.82,"[3.199, 3.153]",299876918,6.0897722244262695,0.82,"[3.199, 2.983]",301719076,6.168125867843628,0.82,"[3.201, 3.19]",300815697,6.127152442932129,0.82,"[3.201, 2.655]",28.595410664054278,27.156024642405796,27.93454371920432,27.909818865108953,27.391482942434916,28.91118736248736,27.87595278748301,28.552105815906216,27.716638009264063,27.444801827737614,27.447569148651684,0.9831932620568709
44,,,,,,,,,,,,0.015536069869995117,285421694,5.440158128738403,0.83,"[3.169, 3.122]",281263989,5.3555567264556885,0.83,"[3.267, 3.201]",280809095,5.347572088241577,0.83,"[3.149, 3.201]",285993408,5.451948165893555,0.83,"[3.255, 3.201]",284897769,5.428424596786499,0.83,"[3.168, 3.201]",286948545,5.475564241409302,0.83,"[3.232, 3.15]",285558473,5.4430036544799805,0.83,"[3.22, 2.633]",285091677,5.431848764419556,0.83,"[3.229, 3.2]",304089676,6.138224840164185,0.83,"[3.2, 3.201]",303498552,6.113691329956055,0.83,"[3.201, 3.201]",302926776,6.086789608001709,0.83,"[3.201, 3.2]",29.541896007155184,28.09382495128179,28.830119371102192,28.855458833076646,28.28935500264936,29.921003397857955,28.767606974121254,29.506315371871327,28.671842393964248,28.900293043181016,28.369782729685262,0.9835115887902
45,,,,,,,,,,,,0.014409303665161133,281938731,5.366164922714233,0.83,"[3.3, 3.189]",285995178,5.445703983306885,0.83,"[3.277, 3.201]",281464733,5.356873035430908,0.83,"[3.244, 3.203]",286448851,5.455665826797485,0.83,"[3.289, 3.089]",286662169,5.460536241531372,0.83,"[3.3, 3.069]",288328424,5.503824710845947,0.83,"[3.299, 3.165]",285114626,5.428029537200928,0.83,"[3.262, 2.634]",285008853,5.425418853759766,0.7799999999999999,"[3.3, 3.2]",303113054,6.082478761672974,0.83,"[3.201, 3.201]",304033401,6.120457410812378,0.83,"[3.201, 3.201]",303275041,6.091538906097412,0.83,"[3.201, 2.979]",30.50800575135063,29.007029314952675,29.74188055832675,29.766091376144146,29.245585682196158,30.836632082685956,29.56486486376477,30.42441079133294,29.583520846228193,29.868380820194787,29.30804885594304,0.9832569306546991
46,,,,,,,,,,,,0.01559591293334961,294671365,5.343005180358887,0.85,"[3.297, 3.235]",296301915,5.37610125541687,0.85,"[3.357, 3.267]",288796319,5.232811450958252,0.85,"[3.259, 3.252]",296394322,5.378661155700684,0.85,"[3.292, 3.234]",294001750,5.329911947250366,0.85,"[3.26, 2.662]",295755347,5.364938020706177,0.85,"[3.322, 3.234]",293188520,5.313492774963379,0.85,"[3.269, 3.234]",293092512,5.312175750732422,0.7933333333333333,"[3.331, 3.234]",313553824,6.017378807067871,0.85,"[3.234, 2.667]",314460621,6.053019762039185,0.85,"[3.234, 3.234]",312295160,5.967280864715576,0.85,"[3.234, 3.236]",31.510848204643203,29.954304427484082,30.74856779282312,30.732030378853512,30.096663097413494,31.836286646072132,30.51733776050583,31.416117225425143,30.497760996199446,30.93539023965714,30.236833977536044,0.9834479147737677
47,,,,,,,,,,,,0.015584707260131836,293797954,5.341226100921631,0.85,"[3.4, 3.187]",294242533,5.350212574005127,0.85,"[3.399, 3.301]",286022705,5.197475433349609,0.85,"[3.374, 3.298]",296663486,5.402047634124756,0.85,"[3.347, 3.058]",295644690,5.378911733627319,0.85,"[3.4, 3.3]",296051671,5.387484312057495,0.85,"[3.387, 3.3]",298748991,5.459548711776733,0.85,"[3.387, 3.3]",291014941,5.288602828979492,0.7933333333333333,"[3.317, 3.301]",314375416,6.050839900970459,0.85,"[3.301, 3.3]",314599109,6.058395862579346,0.85,"[3.3, 3.3]",312556695,5.976801633834839,0.85,"[3.301, 3.3]",32.62625770027098,30.91554702665292,31.793541491261127,31.67705078056589,31.036133352277048,32.86948219064744,31.479244173624455,32.39343368974692,31.427525095962793,31.900778238126417,31.202460002053904,0.9840845357288014
48,,,,,,,,,,,,0.0146942138671875,318166300,5.2318408489227295,0.86,"[3.361, 3.367]",319454077,5.260786294937134,0.86,"[3.467, 3.434]",317216717,5.2152674198150635,0.86,"[3.356, 3.368]",320964205,5.293175458908081,0.86,"[3.323, 3.211]",320478855,5.281207084655762,0.86,"[3.415, 3.343]",316503462,5.203235387802124,0.86,"[3.359, 3.289]",316763227,5.208523511886597,0.86,"[3.379, 3.365]",317216717,5.215613603591919,0.7999999999999999,"[3.433, 3.367]",336831657,5.822390079498291,0.86,"[3.368, 3.167]",337581899,5.848462820053101,0.86,"[3.367, 3.367]",336205804,5.796261548995972,0.86,"[3.367, 3.24]",33.687573708262896,31.904489576603382,32.779942971319194,32.60192232538151,31.97412021194527,33.93023341101225,32.52634518794983,33.38786274241322,31.89527440604656,32.38311316130795,31.61033294117982,0.9840845411474054
49,,,,,,,,,,,,0.014343023300170898,322719389,5.2102744579315186,0.88,"[3.479, 3.501]",319293433,5.146477937698364,0.88,"[3.533, 3.501]",320247288,5.162636995315552,0.88,"[3.46, 3.416]",321146761,5.178811073303223,0.8133333333333334,"[3.36, 3.278]",318600381,5.1358115673065186,0.88,"[3.531, 3.501]",323419765,5.226699352264404,0.88,"[3.486, 3.273]",316320052,5.126645088195801,0.7466666666666667,"[3.459, 3.432]",320362156,5.166069984436035,0.88,"[3.533, 3.501]",339968307,5.780153036117554,0.88,"[3.501, 3.501]",340426619,5.796713590621948,0.88,"[3.501, 3.501]",339968307,5.780843734741211,0.88,"[3.501, 3.221]",34.80108959405371,32.26870318614501,33.19461101538542,33.67286962285284,32.34236590590142,35.15538071583203,33.551591092361996,34.61298565420826,32.81448058779553,33.33022316218284,32.52454586299575,0.9838298775933005
50,,,,,,,,,,,,0.014235258102416992,323142544,5.224702835083008,0.88,"[3.567, 3.501]",317444133,5.126104831695557,0.88,"[3.6, 3.501]",316127059,5.104800224304199,0.88,"[3.554, 3.501]",324866539,5.266125440597534,0.88,"[3.554, 3.497]",322017730,5.20383358001709,0.88,"[3.596, 3.272]",322680692,5.216388940811157,0.88,"[3.6, 3.501]",322832182,5.219066858291626,0.88,"[3.538, 3.501]",320138035,5.170267820358276,0.88,"[3.6, 3.427]",341078533,5.830476999282837,0.88,"[3.501, 3.501]",341078533,5.830882549285889,0.8133333333333334,"[3.501, 3.501]",341199016,5.836085796356201,0.88,"[3.501, 3.501]",35.328224070584604,33.27336400734323,34.24512847813005,34.84582138627625,33.41707328009282,35.60811939134176,34.819349507991035,35.1558672384639,33.98199184917561,34.58947874913158,33.56407559193507,0.9838935516097329
51,,,,,,,,,,,,0.014579534530639648,342412270,5.178595542907715,0.89,"[3.6, 3.535]",334827024,5.052150011062622,0.89,"[3.533, 3.535]",337890981,5.098045825958252,0.89,"[3.633, 3.534]",341567241,5.160194396972656,0.89,"[3.633, 3.232]",338993700,5.114875078201294,0.82,"[3.629, 3.305]",343476538,5.202169895172119,0.89,"[3.667, 3.568]",338897143,5.1132495403289795,0.89,"[3.556, 3.492]",344340671,5.223155736923218,0.89,"[3.593, 3.534]",359912653,5.7195799350738525,0.89,"[3.534, 3.534]",359875421,5.7159953117370605,0.89,"[3.535, 3.534]",358637204,5.677083492279053,0.89,"[3.535, 3.534]",36.41925491512755,34.56508244354495,35.35180707632005,35.28531044175688,34.575989043778605,36.776639000534615,35.27212266473704,36.334351663627984,35.26172305377911,35.77747009040673,34.843872748946254,0.9842755198478699
52,,,,,,,,,,,,0.013330459594726562,339702744,5.115038156509399,0.89,"[3.7, 3.601]",337780447,5.085028648376465,0.89,"[3.557, 3.344]",336141657,5.060042142868042,0.89,"[3.667, 3.568]",341615459,5.14752459526062,0.89,"[3.571, 3.601]",339218675,5.107395887374878,0.89,"[3.695, 3.601]",343089576,5.177448034286499,0.89,"[3.676, 3.601]",341327007,5.141450881958008,0.89,"[3.657, 3.604]",339284288,5.108479976654053,0.89,"[3.7, 3.601]",360065607,5.705763816833496,0.89,"[3.601, 3.602]",360558403,5.723860740661621,0.89,"[3.601, 2.9]",359999140,5.703949928283691,0.89,"[3.601, 3.601]",37.74384707309783,35.89886839033393,36.68651577428331,36.362331578191096,35.911896653007105,37.993844298194205,36.3890098484165,37.51237307408867,35.727844062841605,36.12294611067666,36.063351804088995,0.9845301671461626
53,,,,,,,,,,,,0.01578354835510254,354463570,5.063574552536011,0.9,"[3.716, 3.58]",354945381,5.071720361709595,0.9033333333333333,"[3.608, 3.378]",345062593,4.9254748821258545,0.9,"[3.694, 3.589]",357312806,5.118339776992798,0.9,"[3.59, 3.634]",353190563,5.044031858444214,0.9,"[3.733, 3.215]",357197023,5.116044044494629,0.9,"[3.71, 3.635]",352084792,5.026848554611206,0.9,"[3.739, 3.668]",361051017,5.2207183837890625,0.9,"[3.663, 3.635]",374794145,5.628491401672363,0.9,"[3.634, 3.061]",375315079,5.644261121749878,0.9,"[3.634, 3.635]",375341507,5.646247625350952,0.9,"[3.634, 3.608]",39.09301020412926,36.28701708177482,37.94543626218123,37.70140346998386,37.01450405537794,39.35170987202555,37.63929963178271,38.808974683193284,36.746314004798926,37.145552913760625,36.45003614263418,0.984657493504611
54,,,,,,,,,,,,0.01352071762084961,356952150,5.119932413101196,0.9,"[3.778, 3.701]",351637833,5.038357257843018,0.9,"[3.776, 3.26]",348392846,4.991863965988159,0.9,"[3.796, 3.701]",358947567,5.155500411987305,0.9,"[3.786, 3.701]",357750000,5.13324499130249,0.9,"[3.797, 3.54]",360348382,5.183630704879761,0.9,"[3.718, 3.701]",355745549,5.101336240768433,0.9033333333333333,"[3.8, 3.701]",355471929,5.096578598022461,0.9,"[3.604, 3.701]",376637402,5.691677093505859,0.9,"[3.701, 3.7]",374780962,5.631099700927734,0.9,"[3.701, 3.701]",375923720,5.666207313537598,0.9,"[3.701, 3.675]",39.58163309767308,37.56054150584395,38.438374115513206,39.10157601133386,37.56273905520857,40.51791154635682,39.04665760181696,40.02476859312851,37.92123132202608,38.41612998322766,37.71586826747556,0.9845938249067827
55,,,,,,,,,,,,0.01375722885131836,371857569,5.029503583908081,0.92,"[3.811, 3.734]",367677831,4.9698851108551025,0.92,"[3.796, 3.735]",363586166,4.914537191390991,0.92,"[3.833, 3.735]",375223100,5.0925986766815186,0.92,"[3.712, 3.631]",370626493,5.010472774505615,0.92,"[3.791, 3.768]",371234890,5.019574880599976,0.92,"[3.711, 3.501]",374359332,5.072493314743042,0.92,"[3.762, 3.661]",368947969,4.987255334854126,0.92,"[3.8, 3.735]",393506622,5.619100332260132,0.84,"[3.768, 3.767]",393023957,5.602657794952393,0.92,"[3.734, 3.734]",392900728,5.598664999008179,0.84,"[3.768, 3.768]",41.007959714503166,38.88200823892862,39.71554956908296,39.581361286522906,38.84861612533244,41.112592045456616,40.3599173451898,40.49165213061226,39.351181363894824,39.84627314704129,39.143741375931405,0.9845301725647666
56,,,,,,,,,,,,0.01574563980102539,371838586,5.022598743438721,0.92,"[3.848, 3.801]",369470673,4.988328218460083,0.92,"[3.868, 3.801]",372975607,5.040316104888916,0.92,"[3.9, 3.801]",375003923,5.0722877979278564,0.92,"[3.895, 3.801]",368852876,4.981228828430176,0.92,"[3.827, 3.801]",377744212,5.128268003463745,0.92,"[3.807, 3.535]",369555634,4.990332126617432,0.92,"[3.77, 3.801]",375630509,5.084536552429199,0.92,"[3.857, 3.792]",394412137,5.604084730148315,0.92,"[3.801, 3.801]",393652679,5.581322908401489,0.92,"[3.801, 3.247]",393118134,5.563838958740234,0.92,"[3.801, 3.801]",42.50201758192006,40.38381074879114,41.14582333783259,40.70077948972942,40.34113239568296,42.474268824773354,40.85912734151187,41.74211523568781,40.71555779299142,41.00721496970055,40.50824528703956,0.9849757985635237
57,,,,,,,,,,,,0.014146804809570312,451311528,4.919257402420044,0.93,"[3.789, 3.862]",451724979,4.9241943359375,0.93,"[3.833, 3.935]",450785345,4.913472652435303,0.93,"[3.915, 3.868]",453177979,4.941694736480713,0.93,"[3.915, 3.136]",451311528,4.919726848602295,0.93,"[3.928, 3.868]",452255617,4.9303154945373535,0.93,"[3.933, 3.868]",440876435,4.829553604125977,0.93,"[3.839, 3.868]",445102682,4.848682641983032,0.9266666666666667,"[3.89, 3.858]",476455811,5.452306509017944,0.93,"[3.868, 3.868]",476419801,5.4519970417022705,0.93,"[3.868, 3.868]",474637823,5.409549236297607,0.93,"[3.868, 3.802]",44.040486516282,41.77144690981214,42.6802464351388,42.14027515967875,41.880348268336924,43.99852079549668,42.34624728505676,43.2548354387269,41.22542776055972,41.58473439916188,41.78433224528517,0.9851667826825922
58,,,,,,,,,,,,0.014940738677978516,449812935,4.900727987289429,0.93,"[3.927, 3.517]",448987864,4.8917927742004395,0.93,"[3.899, 4.002]",452848755,4.93618369102478,0.93,"[3.982, 4.001]",453463378,4.944242477416992,0.93,"[3.915, 3.203]",468431296,5.246119737625122,0.93,"[3.93, 3.433]",457785938,5.009619235992432,0.93,"[3.819, 4.002]",455389520,4.968768835067749,0.93,"[4.0, 4.001]",453100769,4.939148902893066,0.93,"[4.0, 4.001]",478418636,5.464568138122559,0.93,"[4.001, 4.0]",479004633,5.479645490646362,0.93,"[4.001, 4.002]",478257504,5.459671974182129,0.93,"[4.001, 3.995]",45.63374648228117,42.26578011965808,44.10859141220117,43.56323408695875,43.11079848823629,45.59548438358102,43.77690516176692,44.8282870068494,42.534684544069265,42.89401318842764,42.312253186204856,0.9854851039973173
59,,,,,,,,,,,,0.013288021087646484,459059432,4.918863296508789,0.9499999999999998,"[3.98, 4.001]",457769091,4.90364670753479,0.9499999999999998,"[4.018, 3.964]",451226933,4.831073760986328,0.9499999999999998,"[4.018, 3.168]",461549416,4.955979824066162,0.9499999999999998,"[4.0, 4.001]",450925542,4.827163457870483,0.9499999999999998,"[3.83, 4.001]",459641401,4.927115440368652,0.9499999999999998,"[4.03, 4.001]",458787766,4.9159464836120605,0.9433333333333334,"[4.033, 4.001]",458420579,4.911339044570923,0.9499999999999998,"[4.033, 4.001]",484636637,5.469432353973389,0.9499999999999998,"[4.001, 4.002]",484288860,5.460134506225586,0.9499999999999998,"[4.001, 3.998]",483402388,5.440953016281128,0.9499999999999998,"[4.001, 4.002]",46.982729690977294,43.633577045975684,45.601106556045565,45.20182465306168,43.839210761145125,47.103446958451855,45.410604981821415,46.46460578077358,44.00432233555331,44.5126404070586,43.7813899586616,0.9852941144596447
