,sta0_datasz,sta1_datasz,sta2_datasz,sta10_datasz,sta4_datasz,sta5_datasz,sta6_datasz,sta7_datasz,sta8_datasz,sta3_datasz,sta9_datasz,host_consumption_sta10,training_time_sta10,host_consumption_sta1,training_time_sta1,host_consumption_sta9,training_time_sta9,host_consumption_sta3,training_time_sta3,consumption_sta4,consumption_sta0,consumption_sta8,consumption_sta2,consumption_sta10,consumption_sta6,consumption_sta5,consumption_sta7,consumption_sta9,consumption_sta3,consumption_sta1,mean_acc,host_consumption_sta2,training_time_sta2
0,747088320.0,684321792.0,1128383616.0,748350720.0,436285440.0,1135301568.0,995528640.0,1026684672.0,352361088.0,1047438528.0,1102428672.0,338747362.0,7.219954967498779,451249394,10.080015897750854,461567971,10.36603593826294,530674606,12.86579966545105,1342.117545714772,1384.788006599295,1363.399047205859,1271.5196746061065,1233.6162123194085,1469.516168552474,1362.8674638785371,1281.4500125748843,1094.7333694528452,1022.4201504318737,1075.3665202211714,0.4075071730396964,,
1,,,,,,,,,,,,329552501.0,6.934995651245117,430848079,9.508447885513306,450065132,10.053001165390015,515378808,12.317890167236328,2134.037945272783,2268.6655452258788,2084.903584578515,2127.2646607993925,2095.5740002522807,2150.0629448466825,2134.1139661289044,2026.0295804992595,1880.6992617653702,1594.1762649144805,1536.2019372644081,0.49844018573110754,,
2,,,,,,,,,,,,,,368661837,9.49175214767456,391016271,10.115698337554932,449664437,12.200898170471191,3166.9987938005033,2965.6962593903136,3036.2310657589155,2744.2286409248745,2728.9191075237363,3116.362990278544,3165.6043325596565,3114.5462627283914,2646.1134388789064,2076.47611932354,1927.9130192744346,0.9191502711989663,,
3,,,,,,,,,,,,412036360.0,7.295820713043213,486797948,8.763513565063477,553868150,10.432289600372314,574459040,11.14781379699707,3965.9478409382264,3698.653173585596,3702.187447714266,3412.422417320152,3576.696752564548,3896.6380723817397,3947.4366507211594,3870.9971306602447,3330.885569836374,2559.2494118572295,2341.1198858924017,0.9434651028026234,528345693.0,9.693004369735718
4,,,,,,,,,,,,,,419746423,8.508631706237793,496721141,10.517635822296143,510517492,10.986742496490479,4746.6595123417055,4461.535391870899,4411.164517498163,4047.1016008511824,4213.031910712594,4731.214350863736,4776.862720804989,4681.874035236778,3909.742335724574,3034.469314632795,2815.6871165959674,0.9555195732550188,490623500.0,10.336496591567993
5,,,,,,,,,,,,,,418744411,8.479907512664795,497919868,10.524523258209229,511787631,10.990573167800903,5568.796276924601,5213.760228845618,5206.122307810215,4688.804718657519,4725.823068300309,5508.836781799096,5620.431488684671,5518.764483536161,4607.678230324307,3536.884320742228,3253.894460489975,0.9648042212833058,453038819.0,9.257747650146484
6,,,,,,,,,,,,411025376.0,7.2321624755859375,488334016,8.761001348495483,553008411,10.452625513076782,577382738,11.270300388336182,6373.447406187594,6114.660332836338,5927.0169814190085,5301.572523918871,5559.822134512629,6257.681372423393,6395.966131903464,6248.739636449166,5269.443406187516,4025.034186569535,3703.770197442309,0.9703372500159524,515983298.0,9.402825355529785
7,,,,,,,,,,,,414657569.0,7.270651578903198,488005404,8.739436149597168,555475384,10.50078272819519,575521659,11.193714618682861,7158.667619672358,6877.624397501437,6629.193971442337,6058.9008778287225,6249.279660545796,6967.552725600602,7084.283119591618,6958.914815192087,5908.670735205762,4493.592236615539,4207.988148849609,0.9732106219638478,517607135.0,9.40876841545105
8,,,,,,,,,,,,,,420424156,8.547430515289307,497094369,10.569336414337158,509638649,11.011728048324585,8003.779664611755,7629.484946332461,7456.6358511441385,6778.7412128169435,6956.851215350981,7815.33041170087,7945.92417310119,7779.700260631699,6577.785769988196,5114.786032782676,4716.976479405187,0.9759379787878557,450481696.0,9.22869873046875
9,,,,,,,,,,,,413737344.0,7.282499074935913,486598852,8.769826412200928,552219290,10.479773759841919,573597714,11.246600151062012,9059.649614145945,8409.366097834982,8216.75569636814,7407.790812821862,7654.514381390378,8607.707935785416,8987.500530235699,8553.876179018394,7227.029127962105,5604.181763897454,5152.081379855822,0.9792081767862494,514742151.0,9.388274669647217
10,,,,,,,,,,,,413479899.0,7.282932758331299,487618198,8.773668050765991,552813465,10.469991207122803,574564081,11.232250452041626,9804.832802076466,9171.521470567886,8899.390870263582,8031.594713304808,8360.692007232628,9625.942444741968,9798.740110557883,9548.73299931244,7894.975310177097,6108.18186519813,5602.388235786648,0.9798763340169733,518061723.0,9.421116352081299
11,,,,,,,,,,,,409879078.0,7.253683567047119,485967018,8.772120237350464,550487117,10.436943769454956,575054925,11.291081428527832,10569.279911895628,9867.552620986413,9798.592571041918,8635.109555610026,8994.85474535495,10325.828659301038,10475.396531925762,10389.409510826996,8677.561797709144,6604.262703910322,6051.705237021025,0.9812174927104603,517604754.0,9.446463108062744
12,,,,,,,,,,,,412765605.0,7.238555908203125,551150261,10.342968940734863,554845015,10.482344388961792,577584214,11.281272411346436,11364.313307953715,10529.1612164462,10533.679224411444,9235.700825860533,9836.763787890884,11076.035400524925,11222.671182817317,11106.672757227274,9344.495927817332,7074.8436395001245,6484.245638833564,0.9826979582959955,518039385.0,9.432506799697876
13,,,,,,,,,,,,,,423051102,8.55019760131836,501087585,10.569922924041748,514170559,11.00941514968872,12191.040775349691,11483.263651067084,11297.327973354999,9988.93384972667,10515.806008478048,11917.098336625248,12031.263975535707,11916.627654435135,9913.195008387358,7670.539823703942,7013.073634747226,0.9836820418184454,493378925.0,10.350054502487183
14,,,,,,,,,,,,414079140.0,7.2960333824157715,485415932,8.75820016860962,549690365,10.410633087158203,574439569,11.289544105529785,13043.21226383583,12205.081021260128,12058.853992310924,10610.279596123697,11149.778489807659,12738.309941407277,12807.447501290586,12790.070813202732,10545.723384456749,8155.617723730398,7464.649045138039,0.9842350916428999,514365504.0,9.397238731384277
15,,,,,,,,,,,,412223249.0,7.246417999267578,487169346,8.783756256103516,554055405,10.5073721408844,575968801,11.281814098358154,13955.371420308922,13015.305511257866,12708.781455047252,11224.836663206774,11877.53997705175,13717.492987097057,13723.670731710685,13502.40574482568,11218.802255799015,8622.876942973842,7883.393833981987,0.9848778247833252,516535360.0,9.404172420501709
16,,,,,,,,,,,,412423627.0,7.275851488113403,485874549,8.756526470184326,553270373,10.506674766540527,574161128,11.22632646560669,14710.737202150196,13698.089487124325,13624.760607505295,11826.991679406274,12492.984500864784,14552.150083284274,14486.52573764748,14594.674296422481,12047.3283559184,9103.588625922373,8328.42802258022,0.984523746100339,517992571.0,9.452521562576294
17,,,,,,,,,,,,416866182.0,7.3191022872924805,491011683,8.77911639213562,555221295,10.470816135406494,579282026,11.286962032318115,15429.61372780417,14616.618753384662,14428.903007729345,12471.044358148834,13387.790867762817,15327.457223863996,15245.669794054465,15381.062886715768,12764.504423166858,9602.871593922291,8820.12056864265,0.9848888949914412,551239250.0,10.351738452911377
18,,,,,,,,,,,,411040268.0,7.223443031311035,547791627,10.316882371902466,552511647,10.461605548858643,574223810,11.203092813491821,16323.752421490923,15388.579173145985,15140.644917476307,13187.059136042284,14014.24220848588,16156.807437933327,16139.514640203033,16150.31019310457,13402.020026058783,10091.146699228853,9254.478947094476,0.9857008077881553,514775049.0,9.389705896377563
19,,,,,,,,,,,,418288663.0,7.321865558624268,489581389,8.76994013786316,554519820,10.456053018569946,577091784,11.273239850997925,17078.83759697795,16180.216468534933,15838.563843254902,13864.938028514389,14641.592996116033,16948.359799431688,16960.934874024733,16985.18019814528,14038.103755529746,10684.661219220809,9709.921861895922,0.9859997034072876,518404435.0,9.422264337539673
20,,,,,,,,,,,,413720865.0,7.254202127456665,484199627,8.718727588653564,550729852,10.414631128311157,572368102,11.18428659439087,18093.93358009398,16888.424721790925,16550.663313217723,14471.589767218804,15287.058381159226,17868.38232803025,17886.204251739557,17786.229807525808,14634.409373823759,11162.18590009775,10128.560472155254,0.9861386689272794,515993430.0,9.416959762573242
21,,,,,,,,,,,,414764686.0,7.321314334869385,485821388,8.744398355484009,552524099,10.454602003097534,573666683,11.177293062210083,18826.157800412966,17578.828842012073,17459.408957897558,15057.072345068409,15933.782829387528,18710.784311342253,18651.067064081213,18765.87717498129,15280.021166741935,11617.809999138408,10528.468569203376,0.9866295131770048,519356824.0,9.469789743423462
22,,,,,,,,,,,,414683142.0,7.29198694229126,489534757,8.779437780380249,554385910,10.502901554107666,575546684,11.238305568695068,19592.130483746954,18326.683436516392,18189.77446821078,15705.089893445955,16755.04653018266,19524.29758617721,19473.465455469093,19576.57529740527,16077.741673748433,12134.94360305997,10981.011855402321,0.9866562268950723,519435621.0,9.43901801109314
23,,,,,,,,,,,,415340001.0,7.312363386154175,548477783,10.318963050842285,553405688,10.465028762817383,576437123,11.24970817565918,20287.30807550448,19270.18197422243,18933.968135934214,16315.203640755155,17387.136794706337,20304.613275016993,20269.555183018507,20410.986106791846,16648.22857155713,12587.887795414834,11542.814699310138,0.986723851073872,517175495.0,9.435588121414185
24,,,,,,,,,,,,415857090.0,7.3302953243255615,487691134,8.7863929271698,552942127,10.503778457641602,575024285,11.272152662277222,21111.710268685947,20020.58592502823,19684.477258244682,17089.753806687117,17968.659887777947,21156.148070937354,21073.365771748606,21262.652255695546,17280.714449167954,13186.689364653816,12014.524137063958,0.9869287664240057,517309650.0,9.439558267593384
25,,,,,,,,,,,,413272136.0,7.255190134048462,489677641,8.804553747177124,554714278,10.460532903671265,786268495,20.598361253738403,22567.335928124063,21200.364080997413,20918.937289418227,18145.767819852026,19052.806382906598,22508.378424011527,22396.06572525339,22546.389225567607,18313.441000401017,14029.274729682744,12689.709525967863,0.9874295321377841,518314103.0,9.421960830688477
26,,,,,,,,,,,,412248700.0,7.233691453933716,488031344,8.77076506614685,555130903,10.481097221374512,577584520,11.298677206039429,23614.95895970219,21959.197514073025,21490.35199786194,18772.702158420994,19672.12482992328,23277.89279485824,23338.728861841177,23275.262647037573,18863.726929408225,14543.093044487528,13076.050763707846,0.9874853004108776,518308854.0,9.420565366744995
27,,,,,,,,,,,,414291298.0,7.302731037139893,485600930,8.732191801071167,552838672,10.462259769439697,577222704,11.307530641555786,24393.31999067238,22721.45967798199,22164.119752539482,19382.662896974867,20323.36131921191,24197.463127858897,24119.822644954147,24211.9049939759,19509.198445732403,14997.759455243837,13518.18800194094,0.9877847378904169,519636365.0,9.45847225189209
28,,,,,,,,,,,,412696819.0,7.286228656768799,487143162,8.765937328338623,554264267,10.509159803390503,575410392,11.234557628631592,25086.45647183753,23476.584894156207,23110.84084229509,20038.791790400155,21177.527715898115,24905.582011656494,24858.95447467842,25045.773936916605,20353.706752776285,15475.157019944654,14007.788372016312,0.9876336672089316,517460589.0,9.44029951095581
29,,,,,,,,,,,,412697185.0,7.251017332077026,486902196,8.72415804862976,552423879,10.435591459274292,575442923,11.229958772659302,25859.489738051623,24445.458393223704,23813.060607969615,20657.709908487977,21885.217977739543,25716.04524211811,25669.655058488835,25846.840629783175,20986.721097639773,15958.635312411354,14529.362776583148,0.9886236678470265,517132710.0,9.40329885482788
30,,,,,,,,,,,,414328590.0,7.272167682647705,485259866,8.70659613609314,554257676,10.470575094223022,578696760,11.317370653152466,26678.86704235293,25120.15963988836,24529.393362469782,21285.93864370381,22526.422136253885,26504.114580424924,26500.30146442859,26594.81834426122,21586.504643873912,16503.54627782321,14905.902153192434,0.9880446141416376,520165722.0,9.476147651672363
31,,,,,,,,,,,,411579818.0,7.223345994949341,485555703,8.73568081855774,554776778,10.50022840499878,576573902,11.28645944595337,27597.086804796716,25936.119096738275,25246.094899454045,21906.505549463334,23216.13521286563,27208.47855125955,27215.567633200284,27405.870288335966,22255.93158757108,17003.727985531616,15329.614132976367,0.9888070984320207,516603353.0,9.407920837402344
32,,,,,,,,,,,,414592811.0,7.265464544296265,486709630,8.735438108444214,555293012,10.520536661148071,577062915,11.275924444198608,28452.50743586411,26627.247565224152,25945.614419737187,22547.354171523744,23833.475389954452,28280.058847653447,28264.727136232697,28170.166060692613,22898.398209104223,17466.62724853337,15747.477993841287,0.9885706034573641,518428788.0,9.4300537109375
33,,,,,,,,,,,,411457748.0,7.23889684677124,488143403,8.785142183303833,551109490,10.43494176864624,572960325,11.204519748687744,29131.066696265385,27355.30738768527,26833.76557402063,23145.572122670303,24487.786001309945,29066.57895900258,28980.29826243146,29155.0442796636,23537.78184285858,17932.74997200988,16200.566128035478,0.9888775294477289,517289936.0,9.412861347198486
34,,,,,,,,,,,,412508831.0,7.250573635101318,487237645,8.736350297927856,553291431,10.460447788238525,577387743,11.270959377288818,29965.6846735744,28084.95663789687,27529.4593697122,23790.45576435528,25296.41204865206,29808.06217284538,29782.665894474445,29885.27722406356,24317.728568644325,18438.925309423314,16632.163901030995,0.9887473474849354,519081069.0,9.433873653411865
35,,,,,,,,,,,,412340924.0,7.267241954803467,549110777,10.350497961044312,553454638,10.492096900939941,575913565,11.265365362167358,30745.68672546694,28972.06558606939,28226.929239052857,24353.5206781032,25976.523699087797,30610.618211805893,30606.53941566134,30629.88148826658,24982.314309163692,18903.139728993247,17137.623899406124,0.9885190942070701,516413840.0,9.422001838684082
36,,,,,,,,,,,,414305274.0,7.252900838851929,489872830,8.780934572219849,555064070,10.430323839187622,577059619,11.184852123260498,31578.136317319048,29719.13663840712,28977.15747030279,25106.85211036538,26645.18201546141,31488.917563116196,31491.132099028364,31443.03461322642,25559.110217577865,19523.293447547156,17630.930119243712,0.9886757081205194,519698376.0,9.42636227607727
37,,,,,,,,,,,,414435279.0,7.253296613693237,483045028,8.663012742996216,556577310,10.510961771011353,575272575,11.17491102218628,32594.711482467163,30499.632768423147,29694.58591423083,25803.821954243624,27341.11437158374,32238.268729573356,32421.729346257147,32222.233139291708,26214.058692298582,20125.226734463868,18080.57563975569,0.9888641725886952,516068747.0,9.370712041854858
38,,,,,,,,,,,,409724354.0,7.226191997528076,487002476,8.770972967147827,550125972,10.447075128555298,571681031,11.176214694976807,33468.68584780806,31208.4103241981,30468.36761567278,26474.215509336867,28012.496570547522,33131.250251849466,33195.3785116508,33146.11001151146,26866.7764021948,20655.229544990765,18516.77342193537,0.9890853708440607,514487880.0,9.365923166275024
39,,,,,,,,,,,,412809978.0,7.306533336639404,485960609,8.75423526763916,551945303,10.468843221664429,573830318,11.231007099151611,34257.39520041352,31944.27957939004,31434.237272404505,27054.47144130736,28661.418574042702,33963.59581290345,33994.435240105835,34041.65475581431,27630.614614343667,21113.080399084618,18923.633883095616,0.989299248565327,516804890.0,9.432326555252075
40,,,,,,,,,,,,414528846.0,7.29213809967041,550289485,10.35498309135437,553053577,10.449134111404419,576999804,11.290772438049316,35007.931538085526,32898.27605333888,32089.150334051046,27689.556937988164,29480.805095928492,34753.35827771918,34758.24602078042,34821.08846562863,28296.454003031235,21586.755058415678,19370.054354669817,0.9888784072615884,516733357.0,9.386576652526855
41,,,,,,,,,,,,410513048.0,7.217868089675903,489505522,8.807822227478027,551442314,10.432190418243408,575128715,11.248716592788696,35814.28240628773,33666.73344220687,32856.63507013094,28428.167719652472,30115.14093699539,35568.30526614029,35585.83145972433,35633.62090634088,28926.243522053017,22062.705720841503,19898.764996784208,0.9891550974412398,548067444.0,10.327459573745728
42,,,,,,,,,,,,413240275.0,7.278392314910889,487993745,8.801403999328613,553705431,10.497271060943604,573999446,11.265395879745483,36721.857973593054,34423.534070685055,33550.54060565444,29053.56139097891,30758.773254337426,36319.57113553613,36366.34819518001,36304.19057340872,29515.19009949499,22645.936939205334,20310.916685713706,0.9892216595736417,516665425.0,9.440562009811401
43,,,,,,,,,,,,412280134.0,7.256691932678223,485605324,8.760276317596436,553031665,10.500569105148315,574183650,11.250503301620483,37548.32579758159,35097.159689639346,34322.08696008597,29608.031368624706,31381.970975957163,37341.35153659149,37339.95652790126,37076.295380877076,30112.82425752269,23122.22226346639,20654.054053674077,0.988808664408597,517679644.0,9.46390175819397
44,,,,,,,,,,,,410546435.0,7.249026298522949,486177406,8.75858736038208,550254817,10.416749000549316,575076775,11.26242470741272,38286.58656853946,35836.17956807022,35250.147094056585,30206.44230500123,32021.062247279093,38156.513994587964,38141.74858569186,38120.60195412593,30756.684890965913,23580.24933784101,21081.66731934985,0.9893037351694974,518913772.0,9.473682641983032
45,,,,,,,,,,,,416492708.0,7.281375408172607,488602387,8.714707851409912,554729415,10.475057125091553,580049296,11.323454141616821,39061.69395310366,36541.60835921667,35909.14338373357,30844.828693049836,32826.92023457248,38969.737346357055,38878.73381658237,38884.53672602715,31524.17204745297,24048.903898613025,21500.52530544907,0.9891035610979254,520028271.0,9.429062128067017
46,,,,,,,,,,,,414554847.0,7.261371374130249,487027623,8.70181679725647,554868574,10.457461833953857,578927839,11.274384498596191,39834.75736793639,37501.46226580784,36654.92573885329,31431.400798086994,33500.238312973226,39800.58449457708,39651.147897926654,39682.63869807373,32124.84215397442,24541.238321592136,22016.88056841846,0.9890082532709296,519676526.0,9.443498373031616
47,,,,,,,,,,,,411758101.0,7.236005544662476,547570070,10.317800283432007,552215933,10.464104652404785,573585079,11.197811603546143,40618.085358472184,38351.865029170134,37406.27293257851,32197.29666009394,34233.47918673836,40632.58401672873,40477.266887384816,40491.3225400981,32803.67491799017,25130.136726103283,22503.557201335523,0.9893714135343378,514509913.0,9.39637541770935
48,,,,,,,,,,,,412239973.0,7.240163326263428,487515537,8.779778480529785,553243823,10.474479913711548,576532460,11.323283672332764,41665.528126947,39139.61423569355,38184.34234776674,32848.028301918384,34921.46549370434,41538.48336427734,41364.891821563295,41367.95108052071,33431.83306571795,25674.49143202382,22960.31662910705,0.9894340092485602,515518517.0,9.390912055969238
49,,,,,,,,,,,,415287389.0,7.298465728759766,482929489,8.682174682617188,555002180,10.489108800888062,576537526,11.268576383590698,42555.12203405854,39862.83179534091,38944.011300545346,33492.18816805908,35602.74420196909,42642.946460763014,42488.85961605737,42208.26510729161,34111.62287452976,26191.984318876897,23364.008172050246,0.9892153252254833,519998241.0,9.489979267120361
50,,,,,,,,,,,,415152014.0,7.3013505935668945,488012789,8.741133689880371,552159475,10.419463634490967,577998337,11.312690019607544,43311.53637305888,40594.5974340564,39863.7471783391,34110.38272510815,36217.6349631714,43374.250801730384,43245.52584636769,43245.23496155557,34697.860710072484,26665.45786320634,23815.05413041825,0.9893606955354864,520181896.0,9.44059681892395
51,,,,,,,,,,,,414913305.0,7.287123918533325,491066370,8.786182165145874,555871319,10.479068756103516,579635479,11.284555912017822,44138.704328900785,41415.05242559882,40678.652872398176,34782.632126553304,37018.20409420705,44301.01961103751,44054.18513202905,44139.462541385605,35474.329313310176,27170.924447916095,24269.126079587993,0.9893879456953569,522204962.0,9.498302459716797
52,,,,,,,,,,,,411309739.0,7.213115692138672,486872105,8.72667646408081,552524587,10.458519220352173,576024770,11.260261058807373,44857.735653579686,42341.819217892735,41370.6930297544,35435.785046900055,37674.126873014735,45147.82405207024,44793.92149390792,44985.4300417433,36100.57437941598,27665.50095649496,24806.268113402093,0.9893040060997009,517028401.0,9.41702675819397
53,,,,,,,,,,,,413432840.0,7.23317813873291,487008213,8.732003688812256,556998513,10.524757385253906,577506700,11.234296560287476,45613.4656995947,43032.93680130269,42083.17720059402,36212.69590376326,38259.31829201818,45959.98903677734,45521.49270164734,45715.623964083185,36626.519759495546,28236.392534865357,25268.84114618302,0.989195937460119,517288348.0,9.39629864692688
54,,,,,,,,,,,,417004548.0,7.297214984893799,489585417,8.776817798614502,555810955,10.464970111846924,576529347,11.211404800415039,46540.905642159465,43816.355174866934,42744.57530321065,36845.70149190487,38967.144030872856,46837.186313391205,46467.72253208234,46472.151561174076,37226.19764649323,28771.16731666426,25689.80120340355,0.9891643524169922,521535042.0,9.469258546829224
55,,,,,,,,,,,,417023713.0,7.333329677581787,487927889,8.747313976287842,553576403,10.46652102470398,578516036,11.324551343917847,47250.07233097442,44630.443452157415,43695.20699279198,37522.83988958242,39666.26684315589,47626.32950237501,47166.496756665634,47481.999595561945,38091.95164387887,29246.222932238492,26169.179180434476,0.9893766316500577,518739761.0,9.4107027053833
56,,,,,,,,,,,,413576578.0,7.281063795089722,486779821,8.734901905059814,552605031,10.47170615196228,575107475,11.236970663070679,48063.473831206604,45345.21654051757,44422.111478602674,38160.279678031184,40501.054850679604,48380.51392564923,47880.113810041636,48218.42943176716,38778.79055055943,29728.007367611674,26650.627633385702,0.9893065907738425,518296952.0,9.451215505599976
57,,,,,,,,,,,,413859109.0,7.251774072647095,486919896,8.70529580116272,555856365,10.47231650352478,579477948,11.263885259628296,48830.675950371966,46268.76178035339,45077.228628261946,38932.34142280817,41209.26703056008,49073.826003399794,48637.414445364644,48912.107435543745,39368.50347765318,30211.572306073158,27211.05948445289,0.9894650795243003,518727615.0,9.41478443145752
58,,,,,,,,,,,,414503395.0,7.271437644958496,488344759,8.770948886871338,552221853,10.449109554290771,574804193,11.241560459136963,49643.25875158664,46917.08390285824,45932.03754292216,39599.531799277356,41838.43501225508,49953.05030982217,49412.029768633416,49792.22909715903,40035.60271076528,30856.62530069383,27651.182762351076,0.9893205761909485,514938806.0,9.377845764160156
59,,,,,,,,,,,,415089514.0,7.289799928665161,484629985,8.714111566543579,553802415,10.521589756011963,574031246,11.249006748199463,50734.1049033074,47581.54128965591,46645.74453911958,40300.542418256264,42494.99129555784,50896.78479409284,50360.900456787866,50509.88294711265,40637.48701389576,31389.117172494356,28089.177748064485,0.989308162169023,516166525.0,9.419049739837646
60,,,,,,,,,,,,414137795.0,7.296818494796753,550148738,10.332336187362671,553088916,10.431827783584595,577544542,11.271228551864624,51484.18043784027,48307.50854288631,47551.86810194173,40895.3320415882,43208.84632747765,51682.384435101405,51109.70365019761,51508.07369478298,41500.32005255668,31870.46821751186,28492.18962092514,0.9895116144960577,517732378.0,9.39871859550476
61,,,,,,,,,,,,415406163.0,7.287265300750732,487584384,8.720122337341309,553538012,10.478375434875488,578483016,11.32193112373352,52251.70815443412,49121.47393987829,48324.06536413355,41593.986823388805,44057.93637846358,52499.32214872136,51869.643932793275,52291.44817945293,42139.72640357832,32376.75407392267,28956.28149574938,0.9896627176891674,518483780.0,9.398999691009521
62,,,,,,,,,,,,415235265.0,7.291203498840332,548950804,10.33661150932312,552231924,10.44651484489441,577376635,11.295770168304443,53046.47061379442,49982.4743545305,48991.12874343872,42197.978184868,44685.023188886844,53226.65075547654,52646.2099136384,52949.96735351723,42742.10519997025,32853.23339928377,29432.176224928822,0.9895082007754933,516470846.0,9.403281927108765
63,,,,,,,,,,,,414680030.0,7.235959529876709,487417453,8.700945138931274,556136516,10.480244874954224,792089281,20.619762897491455,54492.22763228029,51284.13354946,50248.48955949339,43408.716805116936,45897.776307973225,54499.75179047057,53971.9183914685,54176.5662142988,43886.17653994879,33710.1842123695,30223.76450762282,0.9896707859906283,519107192.0,9.405841827392578
64,,,,,,,,,,,,420239891.0,7.34801459312439,490378200,8.772037506103516,555660931,10.479976177215576,578789106,11.304849624633789,55278.11839992587,52028.25893560353,50976.53980558677,44009.426966428065,46568.146473528206,55295.0970371068,54808.43318758185,54972.33645100535,44489.33947004521,34237.123449824925,30619.575728130527,0.9892914078452371,517865862.0,9.389034271240234
65,,,,,,,,,,,,413014140.0,7.249049663543701,487151890,8.767492055892944,553993944,10.479740858078003,575051079,11.231262445449829,56305.040039222615,52723.25212323712,51748.98117903302,44666.93672299379,47224.025164384446,56090.82745290019,55764.72539538636,55792.9320403083,45101.071463089,34743.922605858315,31046.101097791015,0.9896917505697771,516275289.0,9.416570901870728
66,,,,,,,,,,,,413649087.0,7.2801713943481445,549232725,10.34694766998291,553701097,10.49960708618164,577648180,11.294720649719238,57166.62907999436,53503.52237670186,52540.62359573812,45281.52179343583,47864.6480900548,57099.321621916446,56627.68672498276,56761.57927532141,45729.008352541554,35258.96703066313,31505.688637926814,0.9897331595420837,515861167.0,9.366448640823364
67,,,,,,,,,,,,415438756.0,7.290294408798218,489488249,8.764890670776367,554261155,10.48196029663086,578484054,11.280017614364624,58034.26386993994,54329.63791500282,53296.134243653076,45907.55752160483,48774.78205892933,57973.82281012874,57505.3611081162,57556.675953878635,46595.116985566194,35761.912475119796,31992.758573988474,0.9896646738052368,518398575.0,9.404824018478394
68,,,,,,,,,,,,414256996.0,7.249155521392822,489777676,8.745932817459106,556373148,10.471424579620361,581024941,11.31099247932434,58916.77498807666,55243.76498409431,53983.36558968974,46733.60461554108,49440.84356670646,58737.26667367884,58317.97647629996,58288.47684784162,47222.373971163564,36308.80964358667,32557.047075150113,0.9895319992845709,519233717.0,9.413620948791504
69,,,,,,,,,,,,418057401.0,7.287757635116577,552475942,10.318093299865723,556365641,10.453872680664062,577770005,11.229422807693481,59943.774139661065,55993.864650184674,54794.62876180836,47443.98365739154,50138.53158767338,59556.562970579755,59158.41520440735,59079.641608490994,47925.56127909364,36936.92920054332,32999.985786341065,0.9895765076984059,520419444.0,9.425044775009155
70,,,,,,,,,,,,415213536.0,7.279352188110352,488193209,8.776700496673584,554509079,10.473292350769043,788939631,20.585987091064453,61142.647560887985,57370.06821723916,55997.53364933288,48457.27424284226,51311.705265781275,60944.92569611343,60562.830240416966,60412.37814447613,49047.340809802445,37756.862315491024,33689.48464021161,0.9898368716239929,518004960.0,9.414268970489502
71,,,,,,,,,,,,413345561.0,7.261930465698242,486754858,8.766994953155518,552154349,10.462167263031006,575028924,11.290748596191406,62128.550370447476,58166.47173615787,56793.285923105585,49062.17592721148,51935.677023716824,61734.60634097523,61613.713576591734,61216.88055719641,49680.142719712356,38230.681615937334,34115.81306347507,0.9897415692156012,516074606.0,9.409108400344849
72,,,,,,,,,,,,414890601.0,7.310091495513916,483757734,8.696265935897827,552081595,10.463977813720703,573918880,11.199413537979126,63013.03698620901,58860.3988459496,57665.731202563504,49753.46159744696,52529.89632772299,62769.38240248387,62478.98130053686,62161.7253087625,50239.909619287035,38774.9845938441,34588.467677494504,0.9897351264953613,517998369.0,9.431501150131226
73,,,,,,,,,,,,417346771.0,7.305068492889404,552411733,10.328770160675049,556758158,10.4618239402771,579602154,11.25996208190918,63837.83518199674,59409.997923266084,58428.26209575468,50366.72223389956,53331.24894469972,63586.70412047723,63336.96905097544,62936.92015647478,51033.02073625556,39292.83369591011,35013.60629736785,0.9895843755115162,519565626.0,9.396167039871216
74,,,,,,,,,,,,414551063.0,7.279144048690796,550099605,10.31624960899353,553705492,10.44249153137207,578932112,11.279529571533203,64731.06730853682,60388.25307946903,59083.0495523192,51016.836806580075,53997.84007807073,64351.78750143171,64132.47151333989,63635.071796332166,51639.46233205454,39827.57859104476,35552.569156744205,0.9898484674367037,518110245.0,9.41699767112732
75,,,,,,,,,,,,414792822.0,7.273391246795654,490267177,8.790307998657227,557156838,10.489412784576416,578575668,11.222285270690918,65473.721409342725,61127.936251569554,59746.17629092392,51796.953271229366,54609.38109660198,65065.14714992987,64833.83176410206,64424.291646872116,52290.43322837165,40422.65090940767,36020.586395666454,0.9897950345819647,519661329.0,9.435526371002197
76,,,,,,,,,,,,413576883.0,7.2573442459106445,487305149,8.761887073516846,554938216,10.496134757995605,577663499,11.295051574707031,66463.06071750581,61962.06379602813,60512.66604290668,52390.84116991207,55280.2003521239,66082.08668147896,65922.2680608118,65345.212013847704,52909.83957825845,40897.05977645908,36482.996069133354,0.9895157976584001,519340284.0,9.464579582214355
77,,,,,,,,,,,,412856792.0,7.277674198150635,486040686,8.73912239074707,552693592,10.487286806106567,574632440,11.230729818344116,67249.29270851635,62713.39052678572,61407.49209590874,53000.18141541142,55944.90123635957,66915.40338709397,66761.10332185087,66386.49277111182,53521.39193025023,41386.92179793911,36952.703702048064,0.9899396408687938,519524610.0,9.47269344329834
78,,,,,,,,,,,,414947241.0,7.2701945304870605,491136926,8.796180725097656,556187236,10.4959135055542,580360514,11.307387113571167,68093.08512463042,63538.94003271469,62219.21986204808,53694.789396822736,56834.98771390228,67768.51883449945,67652.83668834394,67256.12851173503,54399.48616247736,41902.09922381796,37449.93127987796,0.9898003773255781,520251170.0,9.457345485687256
79,,,,,,,,,,,,417591766.0,7.310882329940796,488008455,8.73892879486084,557146645,10.5193612575531,789567132,20.588364124298096,69542.92158714855,64740.44855822494,63428.94800353482,54731.59733319645,57897.699860988454,69124.89346994476,69065.52755440927,68631.733023834,55386.483017466446,42743.43461154349,38105.33693854602,0.9896076917648315,519650647.0,9.431025505065918
80,,,,,,,,,,,,416798921.0,7.315418243408203,487041112,8.72685956954956,555448224,10.501506328582764,576696094,11.217691659927368,70214.08296794868,65658.01820960575,64147.48485386071,55462.82453921926,58513.82032387495,69882.45983211791,69715.78885039213,69420.86073245395,55968.26082895557,43167.92738684508,38579.051259838336,0.9897583452138033,516459371.0,9.374902963638306
81,,,,,,,,,,,,417602142.0,7.305550813674927,487296971,8.741964101791382,553995896,10.444702625274658,576143667,11.214140892028809,71204.92308135981,66420.35333886155,64838.90303462526,56109.11907732529,59187.6730315727,70688.69213266775,70529.20683349595,70206.65228163345,56627.559012328034,43772.47300925036,39060.97311392139,0.9899056553840637,516500264.0,9.393134593963623
82,,,,,,,,,,,,414311989.0,7.262781858444214,489257171,8.790258646011353,555445111,10.525300979614258,576560658,11.24229121208191,72085.93100630931,67174.73698888555,65552.33567528875,56806.571362848175,59880.60642916486,71773.93511584522,71608.34344533998,70899.71518186232,57283.10487698411,44299.82444131315,39523.46952415989,0.9897059527310458,518721634.0,9.422865629196167
83,,,,,,,,,,,,415698582.0,7.318750381469727,487146031,8.74737024307251,554152085,10.504088401794434,576105154,11.271841526031494,72904.49482119121,67914.55581264386,66468.83988101625,57432.446627308454,60567.63876922713,72583.49954365287,72443.67073113362,71865.72053696874,58059.548576362184,44799.290392407405,39998.71922772805,0.990061494437131,518390214.0,9.431405782699585
84,,,,,,,,,,,,418612393.0,7.322970628738403,488712006,8.707508325576782,555382795,10.45534873008728,578451217,11.225064992904663,73722.27701066298,68621.56756924091,67191.30739327408,58018.33137563578,61377.87665998439,73344.84306652812,73183.70808816273,72672.16922526296,58699.182569452154,45256.7896754672,40417.049071836474,0.9898045713251288,518441666.0,9.390055894851685
85,,,,,,,,,,,,417310272.0,7.311007976531982,550299678,10.329424142837524,554971296,10.475160598754883,579029950,11.314424753189087,74469.03001101129,69577.0070804836,67919.05152119928,58620.66403708768,62041.5892739209,74098.33357315969,73920.0077965728,73407.69803479615,59335.485018565894,45722.856799843,40979.81331853325,0.9898866631767966,517117207.0,9.401848077774048
86,,,,,,,,,,,,415272009.0,7.285905361175537,486763097,8.751895666122437,553352465,10.488659858703613,575666312,11.245206594467163,75193.02357136198,70280.27528149859,68620.72527405099,59329.849480117526,62641.78111444981,74852.13701580837,74660.07610987117,74098.67841507311,59876.54126905994,46261.989920389795,41494.72727433027,0.9900035424665972,516932209.0,9.428820371627808
87,,,,,,,,,,,,413622965.0,7.244492530822754,487325901,8.756623268127441,554340011,10.478650331497192,574813409,11.233593940734863,76242.98089724535,71129.69088496604,69358.73413038603,60022.66999109225,63344.754440423494,75645.47908178835,75419.48314880849,74944.35645693203,60494.486408079174,46767.95249701445,41961.30582512849,0.9899239973588423,515712486.0,9.37508225440979
88,,,,,,,,,,,,417081879.0,7.314530849456787,485544167,8.705761432647705,555884746,10.554392337799072,575216301,11.21986722946167,77001.12530666831,71970.21933303862,70112.16025093358,60670.475094183785,64032.44432716858,76644.86019714024,76359.6127490836,75920.78432350929,61190.52288460737,47252.90021949685,42448.69189415643,0.9898205887187611,517430316.0,9.401039600372314
89,,,,,,,,,,,,414737342.0,7.306129455566406,489780851,8.795557975769043,553522875,10.439841508865356,576117849,11.214614152908325,77772.39661378055,72668.43894184276,71012.26631677513,61325.34747128767,64671.26715293625,77384.53634522298,77059.50093043,76787.04986600044,62017.52269965301,47736.91272388066,42912.83569068806,0.9898619976910678,520382029.0,9.443976640701294
