,sta0_datasz,sta10_datasz,sta2_datasz,sta1_datasz,sta4_datasz,sta3_datasz,sta5_datasz,sta6_datasz,sta8_datasz,sta9_datasz,sta7_datasz,host_consumption_sta8,training_time_sta8,host_consumption_sta6,training_time_sta6,host_consumption_sta9,training_time_sta9,host_consumption_sta7,training_time_sta7,host_consumption_sta5,training_time_sta5,consumption_sta8,consumption_sta4,consumption_sta9,consumption_sta10,consumption_sta2,consumption_sta6,consumption_sta5,consumption_sta0,consumption_sta7,consumption_sta3,consumption_sta1,mean_acc,host_consumption_sta1,training_time_sta1,host_consumption_sta0,training_time_sta0,host_consumption_sta3,training_time_sta3,host_consumption_sta2,training_time_sta2,host_consumption_sta4,training_time_sta4
0,747088320.0,748350720.0,1128383616.0,684321792.0,436285440.0,1047438528.0,1135301568.0,995528640.0,352361088.0,1102428672.0,1026684672.0,151440042.0,4.183143138885498,370366484.0,10.804723262786865,381230531.0,11.173931121826172,421934772,12.836347579956055,422343951.0,12.856691837310791,564.2814684504734,585.8568881296986,658.0910901347137,571.6403501201269,538.7791756814811,503.6728118812275,461.6320977198763,373.8116330360633,407.63881758537366,391.3421680780499,343.30252824576246,0.460703948343342,,,,,,,,,,
1,,,,,,,,,,,,,,,,,,454762019,13.272236585617065,457367665.0,13.3734130859375,879.7751522687041,885.3339052035545,1026.1246642400251,1059.8123453285264,791.7690702842194,850.6117486852572,835.2890567040826,641.8813463291558,740.6968380444789,676.9028535654998,603.3022586449486,0.5114396458322351,369852508.0,10.364495515823364,379713079.0,10.668312788009644,470094073.0,13.97444200515747,,,,
2,,,,,,,,,,,,,,,,,,496369457,14.397019386291504,,,1400.5481636203992,1144.6526966671254,1443.7438273754487,1473.051601673171,1207.444913583882,1105.9458623570342,1152.077079131915,1012.883799118255,1052.1198171340914,1062.6207940002855,944.5589046784849,0.9187854420055043,356218509.0,8.473594188690186,413273966.0,10.374402523040771,433532154.0,11.202346086502075,393284088.0,9.547850131988525,,
3,,,,,,,,,,,,,,487386204.0,10.527546167373657,,,550627863,12.657504320144653,552179861.0,12.707698583602905,1852.5262363429642,1541.0454558378678,1985.218010745965,1907.3683854669757,1590.2239559516552,1454.0892629404475,1474.3106514385063,1366.313259235367,1403.1730926276618,1408.2807053635202,1270.7679666671334,0.9420249895616011,471570265.0,10.152525424957275,484186749.0,10.458976030349731,573350278.0,13.723303079605103,,,213148320.0,4.100367784500122
4,,,,,,,,,,,,,,482314195.0,10.611879587173462,,,545163277,12.762791156768799,543196913.0,12.689808130264282,2374.003203373173,2324.7796511314314,2537.435440246614,2511.40327713661,2000.596223322352,2103.7924966355763,2072.936061530191,1844.4706870291227,1845.014013804928,1920.601248076354,1722.247673083539,0.9551498077132485,474548895.0,10.390304565429688,681053616.0,20.58137845993042,566303299.0,13.771131753921509,,,201392734.0,3.9065778255462646
5,,,,,,,,,,,,,,551742850.0,11.099164962768555,,,606991183,13.140228271484375,730815939.0,20.65485954284668,2959.594646377502,2828.4391835840115,3127.312844445231,3086.3508861295345,2660.316539307906,2626.671558949719,2541.4382683243703,2388.9090124315935,2338.752683209176,2498.4590043740263,2221.182407960792,0.9647986888885498,463941683.0,8.97606372833252,486509558.0,9.447824478149414,579825970.0,12.046098709106445,513062896.0,10.016940116882324,,
6,,,,,,,,,,,,,,553283801.0,11.093336820602417,,,612203145,13.25476598739624,613368608.0,13.300793886184692,3353.055265685774,3140.9864989130247,3531.0910996120356,3461.495200787165,3191.761026623207,3041.4232622374543,2926.8139470949573,2759.1955723138185,2677.3909329997705,2903.9965206397314,2539.949810293331,0.9698273485357111,468162376.0,9.021878242492676,488480073.0,9.429291725158691,581911230.0,12.052963733673096,515063745.0,10.03020453453064,,
7,,,,,,,,,,,,,,446508012.0,10.841097593307495,,,508796671,12.9413902759552,509582436.0,12.970601797103882,3752.47492137685,3498.978930278197,3912.052144424854,3868.2153016788657,3555.348229102322,3452.0939252853896,3308.5731429910866,3115.7239324373845,3027.4883505524695,3284.2327312237535,2842.912543111331,0.9734241583130576,429702941.0,10.372232675552368,429122437.0,10.36107587814331,525018431.0,13.666835069656372,,,,
8,,,,,,,,,,,,,,,,,,458868149,13.233715295791626,463162266.0,13.397653818130493,4139.286859756028,3857.6398754715215,4323.973777013735,4258.730588584549,3835.552802584694,3799.8950894624018,3695.611361823743,3440.3643070065605,3364.8619910111543,3550.3807146388003,3143.4036539921003,0.9774470816959034,357406494.0,9.824693441390991,365746073.0,10.074435234069824,463942843.0,13.428960084915161,,,,
9,,,,,,,,,,,,,,,,,,458949936,13.224483489990234,461672891.0,13.316662073135376,4540.667934326606,4143.668427452023,4693.093372758812,4649.83771440987,4149.168240581605,4090.1033031720312,4068.1124042268852,3757.158479377714,3699.3706322081716,3896.6574866599135,3399.246461037017,0.9788367748260498,361034293.0,9.84499192237854,368946993.0,10.083128213882446,465204681.0,13.471123218536377,,,,
10,,,,,,,,,,,,,,450390265.0,10.891566753387451,,,511830904,12.99992847442627,510524083.0,12.949928045272827,4926.610512865107,4445.49168693311,5101.952647326937,5097.613801716517,4429.625665146817,4447.900541448774,4443.617876907297,3998.5949238495555,4038.689311874816,4247.280332821847,3693.3885178805353,0.9804583137685602,415995639.0,9.97239351272583,430289670.0,10.335130214691162,526588251.0,13.673282384872437,,,,
11,,,,,,,,,,,,,,,,,,502386897,14.455134630203247,,,5302.013901924279,4725.343902913188,5532.009633304131,5545.697994133064,4843.847489970992,4785.8051715456895,4762.828867922144,4436.873377662765,4347.850182457553,4645.949914641353,4118.220534958703,0.9817293990742076,359507868.0,8.45394778251648,371686976.0,8.773576736450195,437426980.0,11.230446815490723,390865942.0,9.322513818740845,,
12,,,,,,,,,,,,,,479498955.0,10.510599136352539,,,544743478,12.709951162338257,546409917.0,12.762530088424683,5680.4099590156475,5127.311103393424,5925.880983320527,5982.931585324482,5311.920945632976,5143.965291487619,5103.297702611423,4788.361055985009,4698.4773646384,5020.608249169741,4435.118098937945,0.9826167225837708,467780235.0,10.182752132415771,477181151.0,10.434616804122925,566940077.0,13.741387128829956,,,194781362.0,3.8112082481384277
13,,,,,,,,,,,,,,478902094.0,10.471678256988525,,,543296094,12.669667959213257,545179085.0,12.74365782737732,6110.935079698955,5657.652227926593,6302.100015191591,6394.771514654254,5629.28905757358,5569.081730326486,5502.618007534642,5111.64162873596,5073.383472882013,5371.9754483719635,4737.59740265157,0.9838041012937372,466711696.0,10.148307085037231,477686155.0,10.446679830551147,565441180.0,13.72506070137024,,,198876627.0,3.802093982696533
14,,,,,,,,,,,,,,450255744.0,10.89908504486084,,,509269082,12.941598653793335,511544955.0,13.018959283828735,6504.609793811804,6047.018799541727,6684.398899770085,6791.428102203767,5967.417178575964,5989.296733685546,5887.833355922285,5435.348346927154,5430.117901042317,5727.417075960059,5069.4324807661105,0.9840363264083862,420344872.0,10.067633628845215,430101254.0,10.325005292892456,524641602.0,13.622134685516357,,,,
15,,,,,,,,,,,,,,,,,,451194707,13.190855026245117,454059628.0,13.287874460220337,6881.741081398701,6335.345420497821,7092.935564391529,7110.811659418471,6308.023088591837,6338.823275071638,6261.974021227482,5707.344929825815,5761.401321672699,6067.526603016354,5308.983847612526,0.9844932122664019,354874397.0,9.863996505737305,361077872.0,10.039083003997803,458802292.0,13.506859540939331,,,,
16,,,,,,,,,,,,,,,,,,454231015,13.236366033554077,457205068.0,13.336329936981201,7161.69852493647,6618.59392383161,7432.648186925652,7535.183653424892,6593.823915202973,6622.94638126876,6634.42824621555,6025.737142969659,6090.454730650369,6421.099269450688,5605.328182016194,0.9846611185507341,353853586.0,9.859579801559448,369111177.0,10.346935510635376,460079389.0,13.464123010635376,,,,
17,,,,,,,,,,,,,,,,,,595124453,20.593453407287598,,,7756.038895155421,6934.636330527196,8096.6199717694335,8105.542401927632,7273.60046223617,6970.955732097721,7011.529119690144,6574.773979279354,6492.231481841431,6906.490117276851,6116.947214113978,0.985747987573797,412329022.0,10.35704755783081,369978789.0,8.825610876083374,434493333.0,11.264920473098755,387476486.0,9.337124109268188,,
18,,,,,,,,,,,,,,480331412.0,10.582680463790894,,,542761428,12.701106786727905,545453315.0,12.801483392715454,8155.1503692421975,7303.1443845223475,8513.284755825938,8505.36442478443,7689.94062945931,7299.250040922427,7348.494679864064,6888.603045309467,6842.466617074235,7340.508423445096,6406.759588866115,0.9859866879203103,463672031.0,10.151947975158691,474748480.0,10.439695358276367,566325698.0,13.777781248092651,,,196748214.0,3.8346445560455322
19,,,,,,,,,,,,,,479621209.0,10.501978874206543,,,545546883,12.689623594284058,545137399.0,12.675728797912598,8569.762409999632,7814.283022729059,8919.877472398586,8919.082704536539,8033.280903619447,7729.60126288311,7737.526747297121,7202.783127393211,7206.241374920345,7695.195337594305,6705.158762535897,0.9857241023670543,462600928.0,10.080968141555786,478337704.0,10.474212646484375,564292989.0,13.577250480651855,,,196881760.0,3.796574831008911
20,,,,,,,,,,,,,,478962214.0,10.591888666152954,,,540457845,12.7168869972229,540610982.0,12.722532272338867,8964.005039714144,8352.3272618339,9315.205552819862,9319.16366163406,8371.517958102768,8165.775639420041,8124.735250191059,7522.808647537022,7565.79068012979,8062.015781795858,7001.335750652823,0.9859949133612893,457809253.0,10.079351663589478,475225529.0,10.50266146659851,560671904.0,13.64634394645691,,,193063043.0,3.7740557193756104
21,,,,,,,,,,,,,,446089068.0,10.833294153213501,,,506827560,12.927318811416626,510506750.0,13.063181638717651,9352.441583691458,8820.846170774023,9706.525806303054,9716.989538013906,8714.989020941732,8583.9840783441,8499.59755835528,7838.785007553858,7920.625479145327,8321.066686777347,7296.965680413625,0.9861051819541238,416931428.0,10.0504732131958,429050660.0,10.36044430732727,524678772.0,13.751078844070435,,,,
22,,,,,,,,,,,,,,451483768.0,10.965546131134033,,,510520299,12.985336542129517,632901028.0,20.64068341255188,9929.44952433167,9334.757435298601,10226.411638915759,10213.241539401599,9131.652692769347,9202.709501779746,9079.706722733777,8242.572655111237,8445.610254526653,8845.743598129184,7691.982276950932,0.9861795739694075,421413167.0,10.116766452789307,426663520.0,10.286892890930176,525084837.0,13.701133966445923,,,,
23,,,,,,,,,,,,,,,,,,457316761,13.291616678237915,459030075.0,13.34873628616333,10238.510263118154,9606.757277212422,10651.815197043255,10646.571706103812,9397.56629827163,9546.703201370641,9439.65355661966,8555.499152834913,8774.216886615173,9187.46956317172,7978.19337341161,0.9870761849663474,355411260.0,9.85050106048584,364683881.0,10.115102052688599,462839208.0,13.516010284423828,,,,
24,,,,,,,,,,,,,,,,,,547773866,13.402667045593262,548557861.0,13.428480386734009,10694.199390818954,9874.451040189218,11077.750958063927,11087.260507748302,9812.960140245477,9862.231745743513,9806.404360925197,8921.848981114275,9110.656368181244,9566.23441207093,8326.255029582773,0.9870474338531494,467813195.0,10.364150285720825,424584607.0,9.10987401008606,506008593.0,11.659381628036499,446377337.0,9.645963668823242,,
25,,,,,,,,,,,,,,,,,,552347402,13.34979796409607,554861433.0,13.46138620376587,11105.02971827708,10149.472733168235,11502.654032548577,11489.263123741019,10342.190768141429,10179.765220610776,10173.111723292985,9311.9068555549,9450.563748647353,9981.588894700799,8688.812827557944,0.9868771542202343,411198288.0,8.739408493041992,424576061.0,9.047045230865479,510871800.0,11.692792654037476,450004890.0,9.685199737548828,,
26,,,,,,,,,,,,,,484696941.0,10.549962520599365,,,685117264,20.653964519500732,550764521.0,12.792049169540405,11754.129352353406,10674.501065358143,12140.162213276277,12086.541135293794,10855.451858911421,10700.642910066963,10670.72185869716,9827.899378184164,9909.639728825732,10525.717391157743,9161.632364741965,0.9870446486906572,466772487.0,10.076871395111084,477568480.0,10.35969090461731,570398748.0,13.709623575210571,,,199700844.0,3.8406052589416504
27,,,,,,,,,,,,,,484082989.0,10.540073156356812,,,548968932,12.71388864517212,548508849.0,12.694719552993774,12169.506865802201,11186.677166980944,12541.188879832313,12493.56185424557,11182.77437002246,11128.618419558496,11044.56665854726,10147.52337343472,10269.569827120604,10883.01100596096,9460.08636938416,0.9873710003766146,464899688.0,10.062294244766235,478597224.0,10.411488056182861,569942876.0,13.736477375030518,,,197915142.0,3.840067148208618
28,,,,,,,,,,,,,,448186963.0,10.837043762207031,,,509456215,12.983216762542725,511987398.0,13.07706069946289,12776.98679360414,11806.449640826597,13172.809733770777,13111.020713884012,11591.655102813349,11737.84478176838,11597.846506058162,10628.483504508229,10779.598537501004,11320.032241514658,9829.123055321112,0.9874893643639304,418645412.0,10.02509880065918,635246543.0,20.604308605194092,523493350.0,13.645038604736328,,,,
29,,,,,,,,,,,,,,,,,,552831593,13.41907787322998,555899273.0,13.537612676620483,13158.349144054471,12076.903346838331,13619.237961444931,13554.508698333751,11985.448773946906,12059.528527075749,11970.113363881084,10889.36566303719,11099.433774983343,11704.878209010085,10134.289232502002,0.987520927732641,472050916.0,10.394618511199951,425338754.0,9.055686950683594,507475386.0,11.61235761642456,451206914.0,9.686715126037598,,
30,,,,,,,,,,,,,,,,,,550454401,13.389307975769043,552672413.0,13.480063438415527,13528.901271490804,12370.932347583988,14067.325307034538,13912.533162036194,12529.084447589685,12350.01059129127,12337.037567274614,11244.117403297892,11427.357689272763,12114.35567740745,10465.210268580331,0.9875742522152987,410751573.0,8.755831003189087,424673839.0,9.078464031219482,508250652.0,11.68320369720459,449149057.0,9.691160440444946,,
31,,,,,,,,,,,,,,481678699.0,10.481228828430176,,,545769355,12.647245407104492,548260499.0,12.733545780181885,13952.10484364599,12788.49224594666,14498.401107251864,14414.40889333072,12941.52344485593,12695.255472452123,12736.386727041365,11567.910706644685,11774.101351759382,12491.405595674843,10792.672786197372,0.9875823801214044,467702782.0,10.124728918075562,479417413.0,10.43053388595581,569564704.0,13.711102724075317,,,198591777.0,3.810490369796753
32,,,,,,,,,,,,,,452273073.0,10.85874080657959,,,512486908,12.976109743118286,514191372.0,13.035229206085205,14242.06635113594,13216.06269069621,14856.251420703626,14858.430484202858,13226.853467879924,13109.91994384153,13143.031890682238,11882.66368711652,12130.141581604978,12839.593831782382,11092.634084353811,0.9875862815163352,420889120.0,10.017618417739868,434471605.0,10.375864267349243,525751522.0,13.593844413757324,,,,
33,,,,,,,,,,,,,,448555554.0,10.912757635116577,,,507465131,12.945448637008667,634981529.0,20.64450716972351,14854.719519797987,13565.419103117745,15493.766755303634,15472.103993159888,13643.095701662984,13634.990584987274,13616.093248270088,12364.568165883196,12563.911266984298,13362.773572475598,11537.218837055434,0.987454967065291,414514014.0,9.984413862228394,426415717.0,10.28770923614502,522991642.0,13.662615537643433,,,,
34,,,,,,,,,,,,,,586691796.0,10.839721918106079,,,648147510,13.016074657440186,647648854.0,12.998126983642578,15253.476431661196,13948.141987374069,15891.172096994314,15864.884169238252,13969.86335286442,14055.666564207993,13994.620185468892,12725.116573573903,12919.259623054246,13671.15340872182,11858.827454357677,0.9878033995628357,512820404.0,9.09728717803955,530879195.0,9.479515552520752,625799301.0,12.12915825843811,568183970.0,10.303069591522217,239685910.0,3.9616568088531494
35,,,,,,,,,,,,,,,,,,584259734,12.991304397583008,586185266.0,13.07213044166565,15663.029854968578,14476.90910379458,16322.95213380023,16274.45807443259,14503.650937651511,14433.852801903142,14393.496230559085,13111.779088147086,13280.341392407026,14063.966633722677,12243.54253856738,0.9874860969456759,450888921.0,8.728670358657837,466583278.0,9.084158897399902,550142390.0,11.66232705116272,496708201.0,9.848939180374146,216497492.0,3.8213107585906982
36,,,,,,,,,,,,,,,,,,449973152,13.240285158157349,453198120.0,13.360468864440918,16078.145402554726,14893.150454124609,16735.78932281597,16579.042427380202,14942.076348799694,14720.647536156546,14768.797884361675,13364.331815731628,13619.784285176176,14442.256855923297,12488.351176868697,0.9879429123618386,351557022.0,9.84213399887085,359066647.0,10.073633670806885,455536920.0,13.468044996261597,,,,
37,,,,,,,,,,,,,,446851090.0,10.823657751083374,,,507738996,12.926244497299194,508304546.0,12.946490287780762,16469.232981638248,15198.432953036046,17095.56547668993,16999.627895726757,15218.354350827265,15059.856981717674,15148.471426112763,13700.205825311243,13961.254714555687,14796.512072258563,12789.40416489849,0.9879244836893949,417047760.0,10.020487785339355,429245178.0,10.317140817642212,524701904.0,13.695649862289429,,,,
38,,,,,,,,,,,,,,389424296.0,10.647430419921875,,,443983421,12.923496007919312,,,16924.560457826017,15569.599406298004,17725.56402784443,17664.096428335775,15636.038468279054,15573.364588848226,15571.201173230347,14171.796440307166,14393.69236532975,15326.637683750585,13247.714383374421,0.9878511157902804,364595075.0,9.881252527236938,373592915.0,10.135580062866211,568180491.0,20.590572834014893,,,,
39,,,,,,,,,,,,,,483095504.0,10.575254678726196,,,547554384,12.73959231376648,547773378.0,12.750808954238892,17533.653239498206,16207.00116903539,18308.880939002673,18236.405143273325,16043.988106760014,16205.784878206283,16085.102819400943,14642.836292980066,14922.184608152855,15781.409927115936,13683.866678907287,0.9877167777581648,468158713.0,10.176464319229126,682153100.0,20.569777250289917,568712106.0,13.76329231262207,,,198962442.0,3.822941541671753
40,,,,,,,,,,,,,,,,,,548814452,13.409794092178345,550501398.0,13.469200372695923,17912.31089824235,16608.165435292496,18720.429053986503,18627.59158704931,16422.3067767006,16554.735984099872,16476.113008647822,14904.010505517805,15246.862362539548,16145.153056202744,13931.60642454344,0.9881018779494546,406070555.0,8.700209617614746,423798903.0,9.09412956237793,502764155.0,11.573163270950317,447369765.0,9.694788217544556,,
41,,,,,,,,,,,,,,,,,,544835519,13.38111162185669,548681151.0,13.535216093063354,18294.000306673483,16891.54889148984,19125.604952283906,18943.876086837587,16950.291944581288,16847.112438623062,16845.650414370237,15268.558310779763,15577.59059202524,16558.308157513467,14267.934307939782,0.9881128885529258,405361450.0,8.72233510017395,422593401.0,9.111357688903809,500094728.0,11.582423448562622,444793234.0,9.69145154953003,,
42,,,,,,,,,,,,,,452076602.0,10.867837905883789,,,514220241,13.009570837020874,513407866.0,12.982406377792358,18706.783748700964,17192.14925297309,19552.124258180775,19403.26577371231,17357.77527243469,17188.050570049367,17227.952505413887,15601.502913540466,15923.733384657631,16941.3678521403,14589.345503935832,0.9879703575914557,420667808.0,10.012412309646606,433559498.0,10.357205152511597,528562368.0,13.675484895706177,,,,
43,,,,,,,,,,,,,,481161610.0,10.498405933380127,,,546869999,12.685355424880981,548449890.0,12.741721868515015,19133.009434393727,17603.423435763336,19992.3225834224,19866.101115735815,17644.817849025636,17622.016164326702,17620.825470251573,15926.126385443593,16307.878902027234,17290.880309977838,14896.450050556401,0.9876704216003418,464596894.0,10.078067064285278,478380916.0,10.424923658370972,569858588.0,13.763620615005493,,,202122591.0,3.887896776199341
44,,,,,,,,,,,,,,483130172.0,10.514626026153564,,,549513608,12.744357347488403,548487304.0,12.711025714874268,19593.040598119496,18142.82478781715,20446.453383568216,20268.772543710744,17927.031589068945,18056.880314108115,18035.893410034365,16244.853918676548,16673.144321489886,17640.451585254847,15201.276496173161,0.9878595742312345,467369225.0,10.099441766738892,482385911.0,10.50170636177063,570747196.0,13.715047121047974,,,197941388.0,3.8273110389709473
45,,,,,,,,,,,,,,,,,,500399171,14.357385635375977,,,20000.478312367733,18534.627660290073,20869.102427455917,20712.945244390983,18333.543769073305,18389.558107564717,18349.095666851623,16592.21357731747,16997.838054743068,18042.986341278727,15547.86642314912,0.9876078204675154,357480531.0,8.41166090965271,370930752.0,8.756878137588501,437484964.0,11.210022687911987,416355196.0,10.344556093215942,,
46,,,,,,,,,,,,,,553882371.0,11.06997275352478,,,610202723,13.159165620803833,611265892.0,13.21086072921753,20389.96568734311,18821.977725383305,21305.146294362938,21149.707228392705,18844.638531229415,18716.313420472306,18679.677293690886,16957.21336263825,17320.365061744425,18451.591816756016,15885.93486964939,0.9879218285734003,471607130.0,9.029607057571411,485457436.0,9.332071304321289,580377665.0,11.969866752624512,516905659.0,10.023512601852417,,
47,,,,,,,,,,,,,,453665221.0,10.923945665359497,,,509326516,12.89405107498169,511914461.0,12.989742755889893,20797.090681567497,19132.785944013747,21610.770186937967,21591.499802343133,19248.959802366906,19121.984247037763,19072.507722325143,17313.390183064552,17663.672205948882,18823.544908447988,16211.7775236184,0.9882454709573225,419388819.0,10.008868932723999,431621027.0,10.30850625038147,525926144.0,13.679051399230957,,,,
48,,,,,,,,,,,,,,480423880.0,10.49846363067627,,,545156380,12.698799133300781,544687204.0,12.683178901672363,21199.388024734817,19539.090526342818,22196.842053880697,22022.16417626885,19532.956427849593,19551.803365524138,19460.685969511364,17633.56545228842,18028.472324589522,19170.895394843814,16521.03844683599,0.9878598397428339,467361596.0,10.16822624206543,478294186.0,10.449216604232788,567626293.0,13.729696035385132,,,197399153.0,3.8361902236938477
49,,,,,,,,,,,,,,,,,,450275886,13.158977746963501,456595633.0,13.39137864112854,21715.083654921153,20012.714171019754,22697.803080229154,22621.16633228045,19949.903799686872,19964.09875957348,19918.656299475853,18112.713285751062,18445.17290201449,19608.641582378386,16978.18694123472,0.9879139011556451,353655406.0,9.823207378387451,363036424.0,10.105356454849243,572908934.0,20.610073566436768,,,,
50,,,,,,,,,,,,,,548881713.0,11.114309549331665,,,605407019,13.211335182189941,605916479.0,13.232620477676392,22291.542118001937,20493.76684259388,23261.591722463945,23224.972937027746,20537.167433949806,20504.159808044315,20480.796361816898,18541.414655979515,18941.73674157513,20166.760244588742,17392.89411171327,0.9880330129103227,466430508.0,9.063331842422485,481697558.0,9.384906530380249,728528347.0,20.634960412979126,510179968.0,10.007023811340332,,
51,,,,,,,,,,,,,,478957514.0,10.477856874465942,,,544813120,12.665721654891968,546626775.0,12.72402048110962,22696.159326948393,20883.59417908366,23701.420545662815,23658.70863850612,20938.249554156337,20933.062270804337,20881.981308766244,18948.163468398754,19297.875167128692,20519.094766351627,17681.77791112262,0.9879707639867609,475211979.0,10.37936806678772,476004946.0,10.403770923614502,568779367.0,13.768681764602661,,,199745094.0,3.8409385681152344
52,,,,,,,,,,,,,,,,,,483182296,12.685779809951782,614809767.0,20.60496497154236,23171.988917810464,21640.550748493955,24231.18411289111,24207.794860818467,21374.05498312599,21444.36809537185,21467.556735930626,19347.400035344945,19829.659296142603,21044.153561246418,18126.089914244178,0.9880048632621765,398444659.0,9.883275985717773,408978384.0,10.195055961608887,500373902.0,13.487491369247437,,,171404164.0,3.699740409851074
53,,,,,,,,,,,,,,,,,,502405575,14.443500280380249,,,23568.981339338607,21998.369299497226,24624.071773615135,24582.316527310708,21773.21370271078,21730.43824818841,21772.978204875868,19695.078788718733,20169.75252892375,21426.034882787997,18472.247832136072,0.9877748814496127,359951654.0,8.437837362289429,371652002.0,8.781687498092651,439073034.0,11.2122802734375,420080345.0,10.435177564620972,,
54,,,,,,,,,,,,,,553223498.0,11.116718769073486,,,606423375,13.097050428390503,609925013.0,13.24555778503418,23984.723130947274,22288.111536008237,25016.214254770613,24984.046106875037,22307.842667155575,22057.60612958572,22094.46611153496,20084.638486322347,20502.629566544965,21820.769578259402,18837.225786020692,0.9882064082405784,466178799.0,9.000611543655396,484322491.0,9.37528395652771,577382555.0,11.961536407470703,515858421.0,10.09207034111023,,
55,,,,,,,,,,,,,,444960959.0,10.852620601654053,,,507992108,13.026296377182007,632200958.0,20.625016927719116,24594.78138285287,22657.051685612474,25686.369651035253,25601.377893216864,22862.003655488825,22579.03760391824,22571.506840649196,20586.80001822124,20935.016533406375,22364.10131511762,19313.49838408501,0.9880160364237699,414453101.0,10.036648035049438,427124272.0,10.359805583953857,521794502.0,13.69061827659607,,,,
56,,,,,,,,,,,,,,481363209.0,10.55933403968811,,,546584904,12.750657320022583,547035831.0,12.764629125595093,24985.408126715873,23046.522549195513,26051.63644752236,25974.53637879026,23194.05647011518,23015.670052600795,22947.86497600343,20905.51215202107,21290.694709723266,22713.79843365008,19609.151552335316,0.9881602038036693,464226045.0,10.126729249954224,475782657.0,10.424493074417114,564865436.0,13.64716362953186,,,199386391.0,3.8642191886901855
57,,,,,,,,,,,,,,483750470.0,10.524722337722778,,,549243162,12.731098651885986,547725038.0,12.675261735916138,25376.008094922166,23579.045130369424,26454.943613102896,26393.130349667266,23511.106725251313,23438.306210691866,23337.713157772785,21227.480731733725,21658.319574574816,23060.6620444595,19909.4716890112,0.9881152673201128,466337124.0,10.104510068893433,480733267.0,10.449604272842407,568848702.0,13.68021273612976,,,199262673.0,3.8432564735412598
58,,,,,,,,,,,,,,450367377.0,10.869548082351685,,,513236967,13.014260530471802,512751434.0,13.000513315200806,25777.40084135971,24071.9580735113,26893.01503295253,26813.386981248525,23803.96000964541,23857.34800310472,23721.91509536133,21549.570516343385,22012.098024274903,23415.568606817556,20206.16063330526,0.9882870479063555,421579792.0,10.086861371994019,432716909.0,10.376705646514893,525420591.0,13.604296922683716,,,,
59,,,,,,,,,,,,,,,,,,557070290,13.364823579788208,558599644.0,13.418017148971558,26183.23359151815,24427.967608028837,27302.32465852326,27231.756685076085,24271.79387834879,24209.813441696977,24095.80697412414,21911.862837911754,22350.216761275282,23827.60658546067,20547.20715063551,0.9881522167812694,416104587.0,8.69971489906311,431358454.0,9.052979946136475,515455529.0,11.685254096984863,454648373.0,9.661621332168579,,
60,,,,,,,,,,,,,,448314526.0,10.873064756393433,,,509488808,12.961585760116577,511199131.0,13.02598237991333,26589.696249017554,24781.90381938097,27693.762282540152,27649.052029006365,24644.349066078248,24565.610481158834,24470.03565799431,22242.40506899299,22694.444880741787,24212.433650183073,20869.378523434756,0.9881980852647261,419708032.0,10.094790935516357,429638976.0,10.35668683052063,523692873.0,13.665865182876587,,,,
61,,,,,,,,,,,,,,447748976.0,10.882333040237427,,,509017801,12.973604440689087,510423315.0,13.020162105560303,27021.278907305827,25112.05837896828,28125.158443743516,28037.99989464218,24985.493150610768,24970.409528958342,24853.610912353666,22558.59361956812,23044.94614074211,24502.43355120284,21167.825821995713,0.9882849292321638,417255890.0,10.034693479537964,429595397.0,10.357723951339722,522114142.0,13.559749841690063,,,,
62,,,,,,,,,,,,,,,,,,462032081,13.239797830581665,582501561.0,20.61037039756775,27503.78008190703,25576.34081281484,28637.43294902595,28512.711728395254,25409.322325563964,25461.992654677993,25418.603059095996,22956.48815815426,23553.202348002396,25026.496057615386,21544.49780312067,0.9885024428367615,359430171.0,9.802351713180542,369253693.0,10.088884353637695,469102620.0,13.504579544067383,,,,
63,,,,,,,,,,,,,,,,,,497681526,14.407371520996094,,,28023.798743319414,25819.378954753196,29108.049790671856,28923.658653605715,25809.298872844724,25745.683922606222,25725.390439593026,23316.38702885099,23869.093238178528,25406.661608423547,21882.31091110674,0.988283634185791,357955993.0,8.455984354019165,368050449.0,8.722808122634888,435438338.0,11.227153539657593,389879251.0,9.340624332427979,,
64,,,,,,,,,,,,,,443519067.0,10.860190629959106,,,503510735,12.966295719146729,502850824.0,12.943529844284058,28300.035040529106,26104.264020639366,29448.367174981286,29358.13431775986,26216.935316084502,26079.096865214036,26043.253633930995,23665.908190796898,24208.255806118763,25760.617551217525,22205.128345638233,0.9882782697677612,414304847.0,10.05797266960144,425140025.0,10.337480545043945,518332047.0,13.652435779571533,,,,
65,,,,,,,,,,,,,,482272570.0,10.527052879333496,,,545041391,12.691974639892578,545963263.0,12.728262901306152,28737.53608975828,26515.386423347467,29837.991568625344,29744.989674645796,26498.622224859922,26512.966163032917,26444.105080774254,23990.490838146543,24563.598862365885,26114.969189907915,22510.787871631535,0.9884068044749174,467319483.0,10.15542221069336,478175473.0,10.423128843307495,566934340.0,13.674017906188965,,,197574263.0,3.8010623455047607
66,,,,,,,,,,,,,,,,,,449273325,13.181756496429443,453547362.0,13.356034994125366,29189.653730590497,26921.697986594118,30288.14799643012,30177.596649921725,26784.08145917867,26860.792300976453,26821.522812807038,24309.89848391219,24819.781416301877,26469.636642964542,22815.554226242723,0.9884021986614574,350789752.0,9.774919033050537,361887624.0,10.08687949180603,457339467.0,13.514889478683472,,,,
67,,,,,,,,,,,,,,,,,,548404480,13.349175930023193,551028008.0,13.449271440505981,29571.014117853676,27228.32890243467,30671.935232938573,30590.76758708613,27202.319149822804,27188.477384811988,27194.797150214657,24673.965409746143,25143.600042689104,26853.935100450424,23155.95722769005,0.98847342079336,409384389.0,8.711166620254517,423125321.0,9.053262710571289,508387309.0,11.734214067459106,448063978.0,9.674744606018066,,
68,,,,,,,,,,,,,,551660880.0,11.03755521774292,,,606342381,13.110099077224731,608345549.0,13.200169324874878,29981.70147797718,27578.242705743294,31080.796760279503,30992.991568781796,27738.85795996411,27577.956841877967,27584.619873419684,25045.15895817729,25477.26823757783,27255.047442720443,23524.44097836535,0.9883473027836193,461889686.0,8.916067123413086,481515674.0,9.312416791915894,576765430.0,11.875415802001953,517668169.0,10.096284627914429,,
69,,,,,,,,,,,,,,480304069.0,10.455655097961426,,,547392215,12.736501216888428,547733462.0,12.748913764953613,30361.66245628109,28016.048792996924,31495.344556673997,31398.63727443958,28141.790575397048,28027.719085192108,27972.867938732674,25387.310559399288,25927.39091412264,27627.855238217904,23843.38609175003,0.9883784597570245,475495121.0,10.354126930236816,482452988.0,10.516369581222534,567639477.0,13.670506000518799,,,199354654.0,3.812901496887207
