,sta0_datasz,sta10_datasz,sta1_datasz,sta2_datasz,sta3_datasz,sta5_datasz,sta6_datasz,sta4_datasz,sta9_datasz,sta8_datasz,sta7_datasz,host_consumption_sta8,training_time_sta8,host_consumption_sta4,training_time_sta4,host_consumption_sta10,training_time_sta10,host_consumption_sta1,training_time_sta1,host_consumption_sta0,training_time_sta0,host_consumption_sta2,training_time_sta2,host_consumption_sta6,training_time_sta6,host_consumption_sta9,training_time_sta9,host_consumption_sta5,training_time_sta5,host_consumption_sta7,training_time_sta7,host_consumption_sta3,training_time_sta3,consumption_sta4,consumption_sta8,consumption_sta10,consumption_sta9,consumption_sta1,consumption_sta0,consumption_sta2,consumption_sta6,consumption_sta3,consumption_sta5,consumption_sta7,mean_acc
0,747088320.0,748350720.0,684321792.0,1128383616.0,1047438528.0,1135301568.0,995528640.0,436285440.0,1102428672.0,352361088.0,1026684672.0,351774429,4.773658990859985,364764508,5.003046274185181,620123595,8.991164445877075,710956370,10.540238857269287,723947671,10.794772863388062,781167495,11.887950897216797,794547282,12.193388223648071,812148311,12.72545075416565,864200241,14.458120822906494,863091784,14.486377239227295,983238877,21.06618332862854,1013.0932145534862,1047.227372545788,941.5080702711938,998.7043394368684,636.1913619662854,702.4973667329249,986.4586651485262,838.7245172317855,795.7618478053062,803.7875200846279,711.062640241783,0.9144343787973578
1,,,,,,,,,,,,332942568,4.4280054569244385,353196544,4.748007774353027,607809235,8.711031675338745,684326313,10.03435492515564,705061122,10.419256448745728,759337839,11.46930742263794,773245091,11.813412189483643,789914604,12.361548662185669,839848985,13.954549312591553,841361982,14.106545448303223,821111362,13.1915864944458,1540.2595439841416,1581.23506305578,1652.4469439670859,1670.864212440927,955.6430692719636,1167.6819900018456,1525.6378372359222,1278.426549090541,1195.3109695848002,1204.711382833969,1063.9199702196208,0.8293712626804005
2,,,,,,,,,,,,334577879,4.4437079429626465,347536464,4.658556938171387,606354710,8.697932720184326,681332606,9.991525650024414,700131570,10.342007160186768,758119580,11.486335515975952,773450535,11.876121044158936,790218985,12.434303045272827,838850270,13.984901428222656,838558156,14.092843770980835,819899146,13.218519449234009,2077.486849093095,2121.3914713273793,2229.9551939596204,2212.7104053242715,1387.6233596123207,1535.589573702352,2184.832940286771,1718.3903416165895,1600.3248149429473,1612.9651435813369,1425.84411307383,0.9117432074113325
3,,,,,,,,,,,,338958788,4.498213768005371,381825744,5.167469501495361,610438623,8.722501754760742,687121655,10.037188053131104,707782063,10.424979209899902,763694884,11.526319026947021,777305993,11.868601322174072,794083294,12.39798641204834,845854768,14.0240478515625,843321510,14.04934811592102,823586515,13.159851551055908,2593.8186780606798,2657.4557127155017,2798.653975085919,2764.311173466146,1740.4102826223734,1932.9594688062218,2586.873054087611,2150.225264217998,1990.5436390981179,2030.3332631204332,1799.5686716966497,0.9334583011540499
4,,,,,,,,,,,,331365729,4.394553184509277,351672867,4.7080934047698975,606502964,8.65770149230957,686480664,10.023218393325806,709439895,10.451452493667603,760920538,11.450972318649292,778414328,11.911009788513184,791249745,12.36198616027832,845217746,14.044279336929321,843599281,14.097968816757202,823746000,13.209100484848022,3271.2538121233974,3205.09251467207,3365.881302383135,3320.0398683018097,2104.6917573726887,2336.5667722975413,3242.500956031273,2584.1570500910575,2467.6464097236267,2540.874003145836,2180.372600607773,0.9473775029182434
5,,,,,,,,,,,,332814699,4.417140007019043,356832705,4.785253047943115,609579006,8.720468282699585,684456561,9.997217893600464,707150412,10.413562774658203,765053034,11.533069610595703,779694415,11.896052837371826,795829506,12.44320559501648,844947605,13.998136520385742,960020735,20.643022537231445,823176908,13.118471384048462,3925.0853546076833,4005.045668403925,4196.726145318538,4159.356286976455,2631.898296871536,2901.0610031557762,4005.3618322348916,3215.7281584278253,3050.2531573158376,3046.9040400476247,2729.6015260397103,0.9585842490196228
6,,,,,,,,,,,,333299928,4.443367004394531,353348888,4.753659009933472,607186312,8.689526796340942,683727437,9.981452226638794,710823132,10.505970001220703,759405892,11.440230131149292,775677275,11.853846311569214,791611743,12.385253429412842,841668744,13.97972059249878,842225749,14.10326862335205,823123076,13.207490921020508,4556.926187742446,4494.486832005716,4714.031554675807,4701.547119883438,2970.210433944364,3251.602456493641,4516.783196142166,3643.5453902464924,3465.4665852859007,3538.241065074925,3078.9177469173133,0.9659770998087797
7,,,,,,,,,,,,336077752,4.448757171630859,355513434,4.755522966384888,610281946,8.695148944854736,688620795,10.042889595031738,708393267,10.427113056182861,766630483,11.554887056350708,779916521,11.896212339401245,796455602,12.433101654052734,845630891,14.015120267868042,959955245,20.658889293670654,823773465,13.142704248428345,5199.425087146863,5329.317370104579,5539.256965399901,5527.47175245886,3509.8814007022106,3838.5012591892037,5289.461045954631,4293.476880137474,4060.0564089110394,4046.525868436504,3615.9629909096548,0.9702818393707275
8,,,,,,,,,,,,334044128,4.440533638000488,354856025,4.762347936630249,606905734,8.70075535774231,684473773,10.074098825454712,700931738,10.390135049819946,758687389,11.508936166763306,772200477,11.85981559753418,789473199,12.42499852180481,836424739,13.948528051376343,837842887,14.108794927597046,815735461,13.08904504776001,5812.863675817515,5825.642624599024,6070.889843029513,6048.836741290948,3839.919186091364,4211.35285521679,5801.6779152702375,4816.363399586931,4446.361593783972,4522.433374292942,4078.996969846275,0.9740608605471525
9,,,,,,,,,,,,333637452,4.427518129348755,351543778,4.708580732345581,609503506,8.724175214767456,684286762,10.014477968215942,703480071,10.37759017944336,762871521,11.519966840744019,778956257,11.928056716918945,793667951,12.46169137954712,843248635,14.027894973754883,841003401,14.02746033668518,820432837,13.130473375320435,6356.776472836609,6351.1817225484165,6657.189826204953,6597.59808673299,4184.915685385306,4598.485082327597,6324.820913555258,5269.053900194257,4860.868694718089,4933.242346562935,4445.353517573525,0.9753145792267539
10,,,,,,,,,,,,336791923,4.466968774795532,351508133,4.71001672744751,608619169,8.715609550476074,685827895,10.047734260559082,707836322,10.450650691986084,762566468,11.510191440582275,775436125,11.815496444702148,793168807,12.408105850219727,844750156,14.027939319610596,844291479,14.096645832061768,821906283,13.160768985748291,6902.0901606763355,7007.138401778845,7254.126629826049,7292.303582469307,4568.01099075064,4979.183191105764,6858.390762784125,5718.204620677544,5271.528925770872,5336.253184437664,4819.658620385365,0.9769111600789157
11,,,,,,,,,,,,339794113,4.4967360496521,357155397,4.766867399215698,607780732,8.64928913116455,685262406,9.964177370071411,707972064,10.394844055175781,763403319,11.445696353912354,778060630,11.828218460083008,795102945,12.380306959152222,844778355,13.983777523040771,843393471,14.02239465713501,823604154,13.119960069656372,7433.530934015239,7531.378065945664,7833.714156920993,7832.4468530789545,4920.236945875809,5329.850356839587,7410.779263233668,6149.448242041922,5682.6168889034125,5744.017033332529,5184.85423598098,0.978271094235507
12,,,,,,,,,,,,338427478,4.487049579620361,351876053,4.711560487747192,613513078,8.778841018676758,684658282,9.979512691497803,708680681,10.435747623443604,767950122,11.554682970046997,780089617,11.871508836746216,797105931,12.436950922012329,846551848,13.971398830413818,846161469,14.06882643699646,827334918,13.21647596359253,7969.593789289773,8049.818111035459,8570.394527037304,8392.860511502313,5393.049975910384,5792.472720464283,7942.239162985707,6581.196268773783,6086.521336539253,6143.258081736378,5555.509677949424,0.9794757908040826
13,,,,,,,,,,,,336086786,4.443437337875366,357754333,4.776717901229858,610312159,8.722209453582764,688286385,10.06579875946045,706059716,10.399022817611694,763849119,11.507311820983887,777062159,11.843267679214478,794740153,12.436770915985107,845060276,14.008420705795288,844202734,14.070507049560547,824459498,13.188835620880127,8513.111600872686,8589.153719348871,9139.328640265418,8909.99590641963,5774.889191729455,6134.540945263635,8597.380702298218,7017.268665230767,6568.900960539111,6548.83907661516,5919.139912106765,0.9803629084066912
14,,,,,,,,,,,,334402891,4.449377775192261,353608470,4.747545003890991,609456142,8.730302333831787,682060449,9.970905065536499,708550981,10.464101791381836,765965752,11.57079529762268,776378140,11.83250093460083,794253093,12.419915199279785,842014385,13.97370433807373,841489118,14.062386751174927,961836038,20.599817514419556,9294.15070023492,9364.432403317389,9986.629228730615,9725.024179130825,6281.112288465011,6706.472532624927,9399.722546040803,7652.969212557125,7170.946730329349,7146.816647854009,6470.293404207885,0.981098012490706
15,,,,,,,,,,,,333102235,4.416508436203003,352154311,4.713115453720093,610437707,8.73148488998413,680035307,9.91188931465149,707166220,10.433013916015625,763481627,11.509976387023926,778030296,11.86010456085205,793931866,12.374166250228882,845276157,13.996823787689209,845516269,14.122347593307495,824367274,13.174696922302246,9972.668375976275,9839.955766636553,10506.510599661779,10238.50119780394,6604.986262056995,7071.246667361933,9938.127288284912,8180.563847014582,7569.19686587566,7652.237142480948,6929.285737589608,0.9820315079255537
16,,,,,,,,,,,,332069828,4.4085211753845215,355806829,4.763180494308472,614129776,8.751865863800049,688976630,10.039470672607422,710666943,10.4441499710083,769408064,11.576893091201782,782008618,11.928691387176514,795692726,12.390507459640503,964702914,20.623198747634888,844073645,14.0433509349823,824872278,13.13031554222107,10779.642003135521,10595.079922799383,11365.73149920222,11064.756275324178,7112.4256407951025,7636.038463128016,10704.379875331,8733.42995030947,8152.575892256156,8256.43610806457,7401.11514216119,0.9832570227709684
17,,,,,,,,,,,,337174002,4.457675218582153,350484759,4.680007457733154,614366591,8.762446880340576,688340706,10.032777309417725,705727258,10.364988565444946,767446644,11.53868317604065,780021685,11.850892543792725,798673798,12.438629150390625,847065275,14.00126314163208,846756927,14.104014873504639,827316607,13.202575206756592,11311.708594665204,11114.601775734056,11900.24432955797,11610.450211391679,7455.499335270142,7983.218314536624,11231.03339161693,9268.586685616614,8556.671091739126,8671.149568197481,7842.576608236492,0.9835068420930342
18,,,,,,,,,,,,336751030,4.456949234008789,353633067,4.744604587554932,609797633,8.756861209869385,681840600,9.991900205612183,704055937,10.400504350662231,760932439,11.522199153900146,778016319,11.915467023849487,795783363,12.487130165100098,843855444,14.047202825546265,842567179,14.075002431869507,820770360,13.122897863388062,11849.177397806625,11817.054706967028,12600.329256122906,12301.692451921423,7821.450271059393,8366.032646659043,11743.529263772158,9696.968089171916,8970.44458069383,9070.574220909242,8237.451774361953,0.9837670976465399
19,,,,,,,,,,,,338685351,4.502396821975708,355858464,4.777867078781128,702077732,10.298418760299683,685851820,10.018749237060547,965708771,20.563358783721924,763160095,11.476248502731323,782177563,11.956011295318604,794606242,12.391637802124023,846637481,13.998279094696045,845832857,14.079790592193604,826888935,13.217152833938599,12651.892322865646,12613.343534375064,13330.593309669024,13007.656400422722,8346.656740362945,8896.977768620933,12528.210162772055,10332.570282135463,9579.55170794514,9669.115931814282,8776.236291441253,0.9844929413361982
20,,,,,,,,,,,,336746819,4.488576650619507,381500305,5.1765501499176025,614199294,8.775386095046997,688247078,10.02601146697998,708588091,10.407014608383179,766548392,11.515325784683228,781273146,11.889076709747314,796889501,12.410245895385742,848657190,14.063521385192871,846205964,14.061446189880371,825612816,13.125190258026123,13183.078497952383,13109.04661667675,13852.08052844424,13552.106932215023,8655.86331290546,9241.460225793297,13024.052932222607,10768.038082687612,9965.268189814937,10048.247435731308,9118.69922242482,0.984845367344943
21,,,,,,,,,,,,338082082,4.47355842590332,359148006,4.796416521072388,608382231,8.672468423843384,691879515,10.095789194107056,709277054,10.426968097686768,763474058,11.448981285095215,781106093,11.885866403579712,796545568,12.413256168365479,848484217,14.045780181884766,846113984,14.059263229370117,826953389,13.197618246078491,13709.761509575523,13673.368935359103,14558.28424287694,14242.833543672547,9022.551369101702,9701.788966622138,13549.29964016806,11202.098191462712,10373.450637879077,10459.624099011748,9472.507163213004,0.9850906512954019
22,,,,,,,,,,,,338143971,4.495356321334839,351957595,4.72208309173584,609051236,8.720884084701538,688056710,10.067762613296509,708429705,10.445756196975708,763896421,11.524767398834229,780058672,11.9255690574646,795164957,12.416868209838867,847030973,14.080157995223999,846593109,14.167580604553223,823540677,13.144246578216553,14228.978388317348,14179.755697446744,15113.602033947562,14796.20360002948,9459.867881089236,10083.150564879445,14216.655511921055,11633.522463804195,10878.620298655584,10880.821076342,9839.219107280654,0.9858303611928766
23,,,,,,,,,,,,333212038,4.4324867725372314,355867070,4.785985231399536,610703637,8.759947538375854,689851017,10.091785430908203,704308012,10.392359256744385,764058774,11.531001329421997,779997088,11.923925161361694,797750155,12.510404825210571,845512301,14.021040439605713,846362580,14.163944959640503,826323507,13.230702877044678,14884.974710134848,14712.413635339755,15660.698445759743,15325.932775408985,9817.500051318822,10457.584258623729,14748.75880973314,12076.61964138447,11264.409184902892,11383.42796914869,10213.06866102359,0.9857997840101068
24,,,,,,,,,,,,334538816,4.465929269790649,352692578,4.749449729919434,608640959,8.771310091018677,682694786,10.063121318817139,702358920,10.426819801330566,757056716,11.49156141281128,773862277,11.909175634384155,791086415,12.466619729995728,838622425,13.961450576782227,838373830,14.057835578918457,820543492,13.231311559677124,15410.937556253135,15208.238130525962,16227.926195038439,15870.940774303432,10165.413203629014,10836.022611698401,15283.215664805188,12610.49399893973,11652.647815431124,11800.355444549874,10656.688040799887,0.9840614308010448
25,,,,,,,,,,,,338984422,4.493767499923706,351678421,4.705912351608276,606932345,8.667649507522583,687759470,10.042104005813599,709396804,10.452568054199219,764693660,11.504389524459839,779885333,11.873085737228394,797021336,12.452878475189209,844980808,13.973556756973267,844274938,14.063778638839722,823645658,13.126233577728271,15932.556493862201,15915.980671500069,16952.23759173838,16515.987887969837,10536.613340458693,11215.73373952957,15817.316468408048,13062.6576455843,12064.338451294701,12190.21534055215,11053.856010167281,0.9865667549046603
26,,,,,,,,,,,,337900014,4.480102300643921,382833248,5.182423830032349,612813068,8.773608684539795,685813613,10.043001174926758,707742207,10.442840099334717,966411650,20.574990034103394,777945580,11.91806936264038,794854593,12.452208518981934,844231176,13.984214544296265,846147065,14.162182331085205,825139794,13.23738431930542,16731.127864178816,16661.16989790379,17659.25787477071,17179.248405874485,11051.681054897548,11738.425018982403,16591.86367347177,13701.430177796718,12670.111627329126,12779.84751829618,11590.25894626269,0.986168460412459
27,,,,,,,,,,,,335909419,4.477126359939575,355047919,4.777108430862427,608189788,8.734508037567139,685571670,10.048637628555298,705412013,10.430299758911133,768171556,11.602254867553711,780682206,11.93267011642456,798813385,12.514139413833618,847760830,14.06794548034668,961282756,20.66784358024597,965748199,20.622313499450684,17541.98395856401,17264.499888973118,18496.083443419768,18011.49339792068,11521.774699366595,12265.060753630094,17372.97177635351,14342.412255239933,13264.288541376996,13349.486034181642,12111.865241037156,0.986735614863309
28,,,,,,,,,,,,335698664,4.455788612365723,352291212,4.719918727874756,613341325,8.756607294082642,689894352,10.071918725967407,709206924,10.44003677368164,774455903,11.648417472839355,783427559,11.875659704208374,802006003,12.489695310592651,850291891,14.002202987670898,849367028,14.060457706451416,828839736,13.151508569717407,18085.77571753038,17894.91713677913,19044.073180525284,18691.723191110952,11875.081413339023,12639.066178989506,17852.343340592342,14769.278584432344,13670.922357495052,13745.965278350914,12488.248331703368,0.9866405508734963
29,,,,,,,,,,,,338869127,4.496084451675415,356916506,4.7836525440216064,611653890,8.741345167160034,684880449,10.000507593154907,706999350,10.411149740219116,764623165,11.512344598770142,776697474,11.84620213508606,790879567,12.352359771728516,843719764,13.98338532447815,842670877,14.047356367111206,822620819,13.174620389938354,18608.14449550928,18433.329254296943,19748.691453669442,19250.316281680607,12347.155816801123,13090.174312590416,18387.515284207773,15211.552686446117,14072.876726119737,14150.77061271337,12849.955414152508,0.9868151003664191
30,,,,,,,,,,,,332689028,4.416886568069458,360033686,4.833425045013428,629536169,8.909158706665039,711849069,10.262362003326416,999682194,20.561748504638672,793507612,11.753831386566162,809081730,12.104127168655396,825122582,12.631593704223633,875363909,14.198589086532593,873736045,14.260345458984375,856579045,13.45391321182251,19391.883374019497,19211.046596704073,20582.369615058673,20060.564789232256,12785.814511998044,13636.80226025931,19168.53685560378,15865.170923231357,14631.91276623651,14754.838178290269,13397.963466178302,0.9870346459475431
31,,,,,,,,,,,,347009244,4.57656192779541,362688707,4.827168941497803,622956291,8.845661163330078,702630281,10.19398283958435,722898235,10.56382703781128,779773151,11.645697116851807,798355134,12.0639808177948,816847030,12.61582612991333,867437294,14.195239305496216,866904519,14.274405241012573,844048559,13.29074501991272,19917.541913206263,19705.347880698937,21152.419816220085,20607.56152251357,13195.008929267846,14003.869345224142,19779.93433255486,16284.253500160181,15130.31276904005,15164.811494292586,13753.272687576107,0.9873219674283807
32,,,,,,,,,,,,342092996,4.532962799072266,355024298,4.748393535614014,613268389,8.73528242111206,693204890,10.094558000564575,716014220,10.512662172317505,776222134,11.637414932250977,787308287,11.903745174407959,805335279,12.511105298995972,855338081,14.063210010528564,856154119,14.22339653968811,835471006,13.284257411956787,20594.850382021952,20250.29211515257,21708.549336228625,21140.98188170113,13547.242434978874,14393.870963323576,20308.19995240185,16713.87375812577,15535.185724395891,15568.395330681333,14124.268212673458,0.9874532222747803
33,,,,,,,,,,,,338408008,4.46965217590332,364757428,4.8680500984191895,621457271,8.810302972793579,708274798,10.313683271408081,719451039,10.530760288238525,779653217,11.659154415130615,795707374,12.032798290252686,811813291,12.556970596313477,861489005,14.118898153305054,979206966,20.643401861190796,841384015,13.334085941314697,21251.1398860456,21059.62896936394,22550.479726471,21961.166536316712,14063.110454487916,14965.269722626123,21103.586369207635,17376.799341195954,16142.740724797337,16177.243037450182,14691.579054764272,0.9872694232247092
34,,,,,,,,,,,,343428137,4.538954496383667,360059564,4.8075737953186035,622289362,8.840330600738525,702283602,10.194985389709473,724434424,10.604695320129395,780916030,11.655704736709595,792374009,11.91654086112976,813218255,12.56766653060913,862345998,14.125887870788574,861447075,14.217262268066406,841993633,13.293453931808472,21908.480074939078,21566.436959244886,23103.97400681247,22512.244687749295,14419.252615789112,15312.593633770251,21631.117055729443,17903.014009013677,16553.078628276486,16675.47552699825,15172.222745699333,0.9877858053554188
35,,,,,,,,,,,,343193213,4.518603324890137,361967335,4.81080174446106,622917229,8.825077772140503,697950667,10.126780033111572,719860217,10.535091400146484,779258259,11.656381607055664,793890790,12.000425815582275,810905639,12.572504043579102,862256398,14.155555486679077,859780453,14.153485774993896,837719169,13.215453624725342,22446.905173197458,22199.327985945274,23661.638305466164,23210.56886164204,14775.879475332269,15693.78979654514,22167.35226298549,18349.975688372793,16964.354535673443,17099.188853373675,15548.245117731121,0.987181614745747
36,,,,,,,,,,,,338017812,4.498720645904541,355107856,4.761618614196777,617146492,8.81778860092163,694950064,10.113525867462158,718080742,10.52846097946167,987656895,20.566627502441406,794918558,12.005029678344727,978488034,20.600563764572144,867251381,14.157774686813354,865498944,14.190433740615845,987943637,20.60516619682312,23239.5863699447,22983.918995860728,24511.023690497634,23898.00578469071,15293.777086358337,16237.979782444827,22927.736647267862,19005.5662207545,17552.07635588378,17693.8904991422,16089.717739906035,0.9871213327754628
37,,,,,,,,,,,,339436570,4.484209060668945,360538689,4.8104588985443115,615183606,8.730195999145508,695473379,10.082971334457397,718623099,10.504801034927368,779350239,11.655074834823608,790240652,11.913043737411499,807719673,12.489501714706421,860111628,14.148107528686523,855844367,14.068881034851074,836830560,13.267279386520386,23776.65857435716,23495.12735012992,25182.645440919558,24574.85352749647,15627.41893743095,16702.17727141666,23424.085288257564,19443.18146082986,17933.646990309215,18088.192073745216,16449.405190627007,0.987047553062439
38,,,,,,,,,,,,339685166,4.4987170696258545,382582638,5.166890621185303,610625634,8.687898635864258,693931085,10.092774391174316,715426391,10.492972135543823,772225379,11.561967372894287,790050406,11.979950428009033,805518750,12.49371600151062,858453613,14.149230241775513,852745619,14.015604257583618,836569574,13.297704458236694,24313.472865288986,24037.5714598453,25776.02358637515,25138.904124481447,16067.416686040286,17089.074382272905,24061.75086641704,19892.507644561327,18340.287680464142,18480.584105375838,16813.353766667402,0.9877490726384249
39,,,,,,,,,,,,338411976,4.472552299499512,358556455,4.7882208824157715,616212717,8.747726202011108,693373103,10.057104110717773,720254565,10.559530019760132,774973725,11.603936433792114,791269215,11.993240118026733,809991457,12.55719256401062,859438230,14.083277702331543,975132453,20.637239456176758,839101306,13.292312622070312,25107.72028194091,24799.242421323605,26610.09264600275,25931.013991215194,16588.731142487573,17650.212386836996,24736.158483567724,20533.473164965617,18929.32770313628,19070.517960605735,17365.229596328863,0.987266172062267
40,,,,,,,,,,,,340414473,4.515077829360962,358132628,4.794587850570679,615864818,8.787868976593018,688674751,10.009824752807617,711478769,10.426300525665283,777347803,11.699827194213867,788093686,11.952630996704102,806617991,12.560038328170776,856015631,14.138233184814453,851191241,14.040887832641602,831520027,13.191318273544312,25642.125137859544,25311.862398304194,27176.47796999218,26488.05180863791,16943.7840997092,17997.36626446881,25383.324946046934,20962.56916211181,19394.935360059735,19463.73565396889,17727.615595169053,0.987417914650657
41,,,,,,,,,,,,344709933,4.554580211639404,361580617,4.823055028915405,615866466,8.72831916809082,696442126,10.084322452545166,724426185,10.625664472579956,775173796,11.593531608581543,790523977,11.965315103530884,809795229,12.546048641204834,859221922,14.068949222564697,855914618,14.02250599861145,839974107,13.328316688537598,26139.904142089268,25834.960548263898,27758.120089366454,27053.21960210168,17304.725392824625,18385.62321408075,25927.057033145193,21391.84300665822,19810.357079916914,19868.359489975035,18115.531323583222,0.9875563274730336
42,,,,,,,,,,,,342153665,4.520207405090332,361848317,4.829142808914185,617109016,8.792623281478882,696888230,10.119198322296143,719163015,10.550484895706177,776572841,11.642177104949951,787751157,11.917351722717285,968413475,20.594297885894775,858683288,14.200961112976074,853933971,14.102775573730469,976618532,20.59692907333374,26914.7945528677,26611.84362460196,28613.390180774113,27867.078876296113,17840.096896346375,18934.614492797045,26594.391522279344,22044.421316478492,20323.418197200637,20474.988369104343,18650.061076463502,0.9872458685528148
43,,,,,,,,,,,,340559858,4.504043817520142,356794314,4.764275074005127,620945310,8.830366134643555,695787648,10.09458041191101,976838076,20.560141563415527,776089872,11.641221284866333,790869741,12.008540391921997,806794992,12.529427528381348,856728947,14.104876518249512,854663461,14.10271406173706,836701349,13.304970026016235,27714.47961014962,27379.152526036643,29456.8933829694,28673.23598414067,18284.854633176124,19452.4606128536,27364.814622464524,22678.41946149974,20900.376354640157,21087.168328179458,19180.758873186325,0.987252804366025
44,,,,,,,,,,,,337796743,4.482756614685059,359897761,4.818060398101807,615580333,8.763046979904175,693506281,10.075122833251953,713196722,10.437477827072144,774319917,11.616531133651733,789107538,11.966322660446167,806450694,12.507760047912598,859428525,14.204837560653687,854169017,14.085219621658325,834351746,13.214730978012085,28247.895399138466,27885.982006025453,30003.09492807998,29185.112238576377,18711.25515377694,19831.172592849816,28010.149668666258,23109.435751343757,21373.861221528266,21497.459771974878,19551.439493364735,0.9871583960273049
45,,,,,,,,,,,,345907501,4.581390380859375,359228145,4.802033185958862,615086560,8.748189926147461,707668965,10.330694913864136,718924856,10.556127071380615,779000081,11.688825845718384,977705933,20.649070978164673,808196906,12.540208101272583,857970459,14.122931480407715,854899973,14.087641954421997,837558769,13.2930006980896,29020.60877449196,28685.082098086346,30868.411298332663,30030.47018942996,19274.614071201402,20409.04803613208,28693.668095624307,23794.026177816395,21893.710881095616,22096.36742582959,20098.945334591972,0.9880258007483049
46,,,,,,,,,,,,338818896,4.47808575630188,361100516,4.817662477493286,620437194,8.804818630218506,694798880,10.054898500442505,718470268,10.477895975112915,777735192,11.618517875671387,791046559,11.940924882888794,809607119,12.542698621749878,860326594,14.123477935791016,856248662,14.05395793914795,838685720,13.277463674545288,29564.00881400024,29176.629571224763,31403.000281777728,30583.500811602826,19618.997570628388,20780.330275815002,29363.615738583292,24244.738175948518,22386.66417554378,22513.46432921138,20462.232712191377,0.9875147830356251
47,,,,,,,,,,,,387185410,5.193601369857788,357155824,4.76400899887085,618792789,8.819125890731812,691362121,10.055054664611816,713499150,10.464784383773804,776944605,11.641135454177856,792542770,12.010557174682617,807602669,12.489024639129639,857051334,14.064952373504639,853121778,13.999656677246094,835129332,13.182140350341797,30106.45819509247,29709.40034235137,31986.05784722416,31136.742950981064,19967.03271944039,21157.57966954945,29894.473410104416,24676.052549425218,22794.23794794717,22918.075631996053,20851.449133360988,0.9874420870434154
48,,,,,,,,,,,,386375720,5.19516921043396,360710869,4.830495595932007,622398675,8.863120794296265,695784230,10.127567052841187,719124685,10.566856622695923,772262306,11.563497304916382,789619194,11.979666233062744,803649188,12.447550535202026,857635195,14.150014877319336,852839430,14.05851435661316,836551325,13.299164056777954,30786.478305866323,30240.03208498687,32574.446003723348,31699.526462870508,20326.659948156026,21554.898633466473,30400.944396545943,25219.626724340607,23238.2960315292,23432.596361112177,21332.629238856753,0.9878736355087974
49,,,,,,,,,,,,341774149,4.513756513595581,357112978,4.763997316360474,619873413,8.825954675674438,693220881,10.086910247802734,715534118,10.498955011367798,778501059,11.691894054412842,790574880,11.972832202911377,808720646,12.569638729095459,858309204,14.083122253417969,854881051,14.02858304977417,837369622,13.292197465896606,31324.51493044223,30753.24230562346,33149.35476447037,32239.136019934398,20680.109658972273,21938.669700747465,30917.25642531414,25660.072247515393,23662.67616637876,23836.934841445305,21613.509016191023,0.9877089532938871
