,T,freq_sta1,tgt_acc_sta1,n_epochssta1,time_sta1,freq_sta2,tgt_acc_sta2,n_epochssta2,time_sta2,freq_sta5,tgt_acc_sta5,n_epochssta5,time_sta5,round_time,consumption_sta1,consumption_sta2,consumption_sta0,consumption_sta3,consumption_sta5,consumption_sta4,mean_acc,freq_sta3,tgt_acc_sta3,n_epochssta3,time_sta3,freq_sta0,tgt_acc_sta0,n_epochssta0,time_sta0,freq_sta4,tgt_acc_sta4,n_epochssta4,time_sta4
0,12.285319012430355,1.3445165129506975,0.9161497401677001,4.0,11.09027099609375,1.3160815119193796,0.8931024407610533,4.0,12.791288614273071,1.3946430294841083,0.7170753932897638,2.0,7.065560579299927,12.791288614273071,0.053413713641811134,0.10684776253891637,0.0,0.026696130462527723,0.02670110737836673,0.0,0.4895959565571199,,,,,,,,,,,,
1,185.45615799756604,,,,,1.3334926390785782,0.7496280344019886,2.0,10.203229188919067,1.8140594687315008,0.732865294111377,2.0,6.652453660964966,11.235957384109497,0.08965876370116121,0.16026146187467738,0.0,0.10681777069987186,0.05340757793592221,0.0,0.63140536348025,1.3317871602586067,0.8745807965269687,3.0,11.235957384109497,,,,,,,,
2,18.27812445774713,,,,,1.3087771596654723,0.9316804849510786,4.0,11.656381368637085,,,,,11.656381368637085,0.11636659810215044,0.2155828395971553,0.06486236064067263,0.13353573855294387,0.08012875988156143,0.0,0.5524540143766595,1.309004759813532,0.8160413297321324,3.0,9.431442260742188,1.4012385241704441,0.9276385903616088,4.0,10.691919803619385,,,,
3,16.949564076854053,1.3197613516803206,0.9492045130639247,5.0,16.288897275924683,,,,,,,,,16.288897275924683,0.2575379794309678,0.24230762507783288,0.09157060037974496,0.1602492810678826,0.10683716970367296,0.0,0.6968670090039571,1.3566744177666412,0.931149696464195,4.0,9.939442873001099,1.7785913945211596,0.8723969341159733,3.0,5.113179683685303,,,,
4,30.2641329826942,,,,,1.3087548436251513,0.7446372657208362,2.0,9.774009943008423,,,,,10.759246110916138,0.2575379794309678,0.32244823513747756,0.19839801176775573,0.1602492810678826,0.10683716970367296,0.08014214875479908,0.7735045750935873,,,,,1.344916119751425,0.9428629620758187,5.0,10.759246110916138,1.3565470473547185,0.8136115571543641,3.0,8.15732192993164
5,134.55829312172196,,,,,1.3811052216667294,0.7426271820715475,2.0,7.201058864593506,,,,,7.201058864593506,0.2575379794309678,0.3758844553750609,0.2251049830370615,0.1602492810678826,0.10683716970367296,0.08014214875479908,0.6194998472929001,,,,,1.7283346240221744,0.7491623600408609,2.0,5.5541839599609375,,,,
6,149.10999645994218,,,,,,,,,,,,,9.777541160583496,0.28617493698762275,0.4045123587916275,0.2518172364179394,0.21558106246783248,0.10683716970367296,0.10684616820912218,0.7216774225234985,1.331462353332855,0.8437512187711694,3.0,9.777541160583496,1.419244870545895,0.8399562306001889,3.0,6.516519069671631,1.4746923401572805,0.8402206675610653,3.0,7.766207933425903
7,56.576344257531915,1.3015553248755454,0.9112137755190872,4.0,8.845117568969727,1.4482566972957012,0.9183339712438836,4.0,7.5813329219818115,,,,,13.321948051452637,0.33959908291900676,0.48801624172821745,0.33385828759256153,0.21558106246783248,0.10683716970367296,0.10684616820912218,0.796842634677887,,,,,1.3624999235464363,0.9785574493121934,6.0,13.321948051452637,,,,
8,68.08727525940273,1.5836615936377687,0.9436100946160304,5.0,8.570100545883179,1.360050032794372,0.7429593060302896,2.0,7.092070817947388,,,,,10.31382966041565,0.4254437551373782,0.5719585431044236,0.360571569419478,0.24228879354734945,0.13354423634664503,0.10684616820912218,0.7354952196280161,1.3017476524389207,0.7403011256676194,2.0,10.31382966041565,,,,,,,,
9,27.76487625610312,,,,,1.3100552515738217,0.9202382619095181,4.0,7.4515540599823,,,,,8.568192481994629,0.4254437551373782,0.6253807656668626,0.3872826576520607,0.32240692085464007,0.13354423634664503,0.10684616820912218,0.7026453912258148,1.3895781874371116,0.8638010767679303,3.0,8.568192481994629,1.379048274635308,0.8726042999456424,3.0,6.101625919342041,,,,
10,22.763921833661705,1.3117252338626701,0.8677565305272619,3.0,6.922906875610352,,,,,1.314937698568884,0.8387375684637699,3.0,4.490801095962524,6.922906875610352,0.45215068984677864,0.6253807656668626,0.3872826576520607,0.34911397954980616,0.16025312939533354,0.1602670555402277,0.8837540050347646,,,,,,,,,1.371697036377668,0.8142356876293688,3.0,6.047390460968018
11,47.35249499020941,,,,,1.3034514692327168,0.9668812868046028,5.0,13.334876775741577,,,,,13.334876775741577,0.4807664219939183,0.7608255321439077,0.4139995144019162,0.4330495554929503,0.16025312939533354,0.18886928754485055,0.8439574837684631,1.4886919444233069,0.9678693354318714,5.0,11.969364166259766,1.316637138618157,0.9361072039752616,4.0,6.770683765411377,,,,
12,23.00383482148306,,,,,1.3489991666174737,0.8599713285409493,3.0,7.099223852157593,,,,,30.85591745376587,0.5074869601673078,0.814267021776574,0.4941202772015272,0.7268275603805958,0.1869601022541998,0.18886928754485055,0.6835233519474665,1.3478421425311857,0.9899194990618274,8.0,30.85591745376587,1.3555179060432452,0.9740342177998266,7.0,12.36085844039917,,,,
13,13.879109635969137,,,,,,,,,1.3048362811131393,0.736215707882753,3.0,5.192089557647705,5.192089557647705,0.5341940204520361,0.8409740852404233,0.4941202772015272,0.7268275603805958,0.21367191691621112,0.18886928754485055,0.772602324684461,,,,,1.7923186355509397,0.7463371214071088,2.0,4.452337741851807,,,,
14,96.04065107813479,1.320280244842796,0.93340727967507,4.0,8.5425705909729,,,,,,,,,9.585274457931519,0.5895192512706464,0.8409740852404233,0.5208272357543455,0.7802570837972174,0.21367191691621112,0.18886928754485055,0.7962290594975153,1.3110435869142123,0.8506968571636209,3.0,9.585274457931519,1.4172723445607982,0.9548141106382304,5.0,8.655228614807129,,,,
15,33.18185338522448,,,,,1.4501100973162493,0.6937184356469565,2.0,7.169184684753418,,,,,9.39584755897522,0.5895192512706464,0.8676893095110194,0.5208272357543455,0.8355819013299386,0.24038622559960654,0.21748306612138535,0.8631139894326528,1.4130565047066697,0.9332960173324419,4.0,9.39584755897522,,,,,1.317554951626863,0.9254016884021172,4.0,7.648633718490601
16,14.11227308893696,1.3469445987954847,0.943244310516799,5.0,9.392444372177124,,,,,1.3212479319893116,0.9816630157420673,7.0,9.753271102905273,9.753271102905273,0.6429327693964402,0.8676893095110194,0.5208272357543455,0.8623051973918554,0.3224382193129207,0.21748306612138535,0.8678816060225168,1.4147974006521893,0.9330020282706669,4.0,7.810383558273315,,,,,,,,
17,111.2499354480999,,,,,1.3775714554036858,0.9575510321086221,5.0,9.268204927444458,1.5642474219581535,0.9252565516272735,4.0,4.533043146133423,9.268204927444458,0.6734548733110641,0.9516312405194873,0.5475368727176351,0.8623051973918554,0.3796875137141802,0.21748306612138535,0.8874404033025106,,,,,1.3492898866579925,0.8607892826599803,3.0,7.003724813461304,,,,
18,66.09131172091962,,,,,,,,,1.4671192450086061,0.9324872289460164,5.0,5.243249416351318,8.38039255142212,0.7020690794795377,0.9802460380046916,0.5475368727176351,0.9195370129791383,0.4350280822079524,0.24609776982248377,0.8317853808403015,1.3100880249006521,0.9671762534070207,6.0,8.38039255142212,1.4167997047799676,0.920695219537536,4.0,6.375416040420532,,,,
19,54.755330487918215,,,,,,,,,,,,,10.315455436706543,0.7287797258141337,1.0069572565812854,0.5475368727176351,0.9805822810456424,0.4350280822079524,0.3014192206647728,0.811793307463328,1.4076684934549129,0.9671620489400419,5.0,7.7336461544036865,1.6165897428708886,0.9289691010219439,4.0,5.428754568099976,1.3259760617426457,0.9435697325843236,5.0,10.315455436706543
20,25.48082699940058,,,,,1.3885450128096906,0.9147288211347774,4.0,7.1546406745910645,1.4493302509285613,0.9153779248242702,4.0,6.755120515823364,7.1546406745910645,0.7287797258141337,1.0622906720500551,0.5475368727176351,0.9805822810456424,0.46173438427203006,0.3300347763706277,0.8416530589262644,,,,,1.4524050665047046,0.8688755633187394,3.0,6.035550832748413,,,,
21,24.48347383817471,,,,,1.3038410903518345,0.9642891053407819,5.0,7.531094312667847,1.5369513551639993,0.921480545434083,4.0,4.506455659866333,8.640109300613403,0.7593013782933993,1.1462494126672715,0.6333854377711701,1.0111041004288244,0.46173438427203006,0.3300347763706277,0.8289281676212946,,,,,1.3195534212911635,0.9653814344980073,5.0,8.640109300613403,,,,
22,20.11117473740861,,,,,1.3320729646845457,0.9650026657150488,5.0,7.3135986328125,1.3012641694708478,0.9344534825673063,4.0,6.244230270385742,7.3135986328125,0.7860071653396778,1.2034997514101824,0.6639178325044268,1.0378113705356182,0.4884415669529636,0.3567590643186769,0.8259894102811813,,,,,1.5643790505990283,0.9328462028819567,4.0,5.57292103767395,,,,
23,31.079752566832774,,,,,,,,,,,,,14.990126132965088,0.8165293137620095,1.2034997514101824,0.770746226241207,1.0645184657906914,0.4884415669529636,0.4750328305584297,0.8112073987722397,1.3694103908878672,0.7456177903795185,2.0,8.796611070632935,1.3083383890623501,0.9861864467035342,7.0,14.990126132965088,1.522266394260518,0.9745345155329177,6.0,12.783280372619629
24,125.20058939508067,,,,,1.3229219258589067,0.8364262473603452,3.0,7.137709379196167,,,,,13.45669150352478,0.8508668555176817,1.2340283836522885,0.8012681616623523,1.0988744909629635,0.4884415669529636,0.6391021591945858,0.8146048784255981,,,,,1.535463210670653,0.8631894109703109,3.0,5.4779136180877686,1.7792159290968041,0.9906954861595857,7.0,13.45669150352478
25,40.93384322688608,,,,,1.3240486548366024,0.8477802447065952,3.0,6.930504083633423,,,,,10.29761004447937,0.8508668555176817,1.2912560616119975,0.8317904897050914,1.129404229539603,0.5189653494441187,0.7268567177000556,0.786661500732104,,,,,1.3283988659660009,0.8623117401166527,4.0,4.9279913902282715,1.5388224275598505,0.9616130810256889,5.0,10.29761004447937
26,18.418379470552807,,,,,1.3041667586000911,0.8513728872445605,3.0,7.059359788894653,,,,,16.220898389816284,0.8508668555176817,1.3446726491802976,0.8623325950671754,1.1637578703702087,0.5189653494441187,0.890914976632633,0.7900725801785787,,,,,1.3046355751380334,0.8683441864451041,3.0,8.021953344345093,1.7707510907301705,0.9796025304682433,7.0,16.220898389816284
27,69.1956070775524,,,,,,,,,1.5539578169714152,0.8746649202954581,3.0,4.285931587219238,27.25841474533081,0.8508668555176817,1.3751603057160806,0.8623325950671754,1.4346471426362766,0.5456764996695851,0.890914976632633,0.85504117111365,1.3387121200976786,0.9917585151183319,7.0,27.25841474533081,1.3165881021583092,0.8593465331489181,3.0,5.959836483001709,,,,
28,86.23121246425961,1.3014007354453485,0.9684912993593477,8.0,24.259992599487305,,,,,,,,,24.259992599487305,1.064538257416091,1.401868119452773,0.8928601177956237,1.4613529598842168,0.5456764996695851,0.890914976632633,0.8340228796005249,1.344655023881917,0.9575577462321319,5.0,9.159029960632324,1.3029128984767455,0.9528301799175593,5.0,5.110021114349365,,,,
29,43.475732711303884,1.336190786816015,0.7444695882697056,2.0,7.696357250213623,,,,,1.5482225951355921,0.939809684834792,5.0,8.250634670257568,8.823513269424438,1.0912505998123925,1.401868119452773,0.9233835998597284,1.518585711722992,0.5456764996695851,0.890914976632633,0.9228881498177847,1.3298003148656234,0.743436236540214,2.0,8.823513269424438,,,,,,,,
30,63.10699346708972,,,,,1.3537730069392304,0.9604045196005099,5.0,7.585407257080078,,,,,9.448826551437378,1.0912505998123925,1.4361827588119538,0.9233835998597284,1.5987127548785556,0.5456764996695851,0.9176261538806365,0.8992437322934469,1.328052177812998,0.961574302257682,5.0,9.448826551437378,1.7886542223195,0.9342652746689625,4.0,5.1440393924713135,,,,
31,41.01799030449459,1.3647454320558547,0.9327439233678814,4.0,6.328288793563843,,,,,1.323794593504995,0.847236402209839,3.0,4.714356899261475,10.290355682373047,1.144672439290604,1.4361827588119538,0.9233835998597284,1.6788312891134969,0.5456764996695851,0.9176261538806365,0.8897225658098856,1.3064721244084274,0.9317656144608879,4.0,10.290355682373047,,,,,,,,
32,73.4870839727356,1.3154590173009486,0.9157611261438972,4.0,6.9185404777526855,,,,,1.7791505538871881,0.9838048468836691,6.0,9.354644060134888,10.328963994979858,1.17138062339504,1.4628901163446115,0.9233835998597284,1.6788312891134969,0.6086385654349042,0.9729593833707533,0.9482294619083405,,,,,,,,,1.4502120400468967,0.9674311624023194,6.0,10.328963994979858
33,51.85502408409377,,,,,1.3004626713590022,0.9793836422312647,6.0,7.304346323013306,1.305100518674055,0.9661863010513936,10.0,5.159417152404785,7.304346323013306,1.1980893686145484,1.5163042305558263,0.9577230681634701,1.6788312891134969,0.6353456225405081,0.9729593833707533,0.923336406548818,,,,,1.309750049468746,0.8866249989512731,4.0,5.849806785583496,,,,
34,58.06217311381994,,,,,,,,,,,,,9.271271705627441,1.2267044617581198,1.544918815039844,0.9577230681634701,1.7608609590305595,0.6353456225405081,0.9996670190766004,0.8849452535311381,1.3012599728151613,0.9606075060118696,5.0,9.271271705627441,1.320689295469369,0.9434707933904242,5.0,6.42094874382019,1.426804976223714,0.9181432896571989,4.0,7.566539287567139
35,57.43120520580601,,,,,1.324361784320517,0.9826827660784032,6.0,7.141973257064819,,,,,9.281118154525757,1.2572350189587331,1.628875897744821,0.9863447770603839,1.7875750690188146,0.6654808384076132,0.9996670190766004,0.8541832367579142,1.5332900760085868,0.9768774221961041,6.0,9.281118154525757,1.3397336786781013,0.959630322362821,6.0,6.547038555145264,,,,
36,44.404206497970655,,,,,1.8018591654656366,0.9220102701594424,4.0,7.998857498168945,,,,,8.422314643859863,1.2572350189587331,1.6899432384569208,0.9863447770603839,1.8505411881649683,0.6654808384076132,0.9996670190766004,0.7694085290034612,1.302038037952258,0.9118829458954246,4.0,8.422314643859863,1.7483424347836027,0.8816506983379543,4.0,5.769113063812256,,,,
37,17.44611691986575,,,,,1.3109899246498526,0.9455383876394324,5.0,7.778081178665161,1.5711060297466108,0.9803924361716466,6.0,6.055608510971069,9.382133960723877,1.2572350189587331,1.7471276994291371,0.9863447770603839,1.9077806368247114,0.6921878239829722,1.0301972615441137,0.8094390432039896,1.3524402356741323,0.83509748477782,3.0,9.382133960723877,,,,,,,,
38,30.45962737299213,1.3012663587428726,0.9213008221741029,4.0,6.343393087387085,,,,,1.6926622677980807,0.9766960734979848,6.0,4.705669403076172,6.343393087387085,1.3163858910111677,1.7471276994291371,0.9863447770603839,1.9402020818780206,0.7188998595939777,1.0626284553757195,0.9182801246643066,,,,,1.311209721901703,0.9353409324041815,4.0,6.141105651855469,,,,
39,51.47444032246642,1.3055611913032115,0.9735507001678018,6.0,18.079068422317505,,,,,1.3942990557995445,0.9768409601660075,6.0,5.826496124267578,18.079068422317505,1.5090714191254213,1.7471276994291371,0.9863447770603839,1.9669154622577243,0.7188998595939777,1.0893452119832254,0.9247203369935354,,,,,,,,,1.6339948123727406,0.944120894438762,5.0,6.105410814285278
40,23.997443539682617,,,,,1.3123457776089633,0.9389095051813482,5.0,8.137548685073853,1.7192572313915893,0.9824450293128835,6.0,7.690671682357788,8.137548685073853,1.5090714191254213,1.7738355449570533,1.0206825222798797,1.9669154622577243,0.7875817050982858,1.116056657867059,0.8824044565359751,,,,,,,,,1.5580272613205421,0.9282600220523304,4.0,6.208088397979736
41,19.63636047252026,1.315062415773637,0.8699901992173412,3.0,6.699599742889404,1.309744722876908,0.977077018693544,6.0,7.305500268936157,,,,,10.058924674987793,1.5701179477138913,1.800544474565649,1.0206825222798797,1.9936411839898942,0.7875817050982858,1.116056657867059,0.9091098308563232,1.3268597776238653,0.9316524129931693,4.0,10.058924674987793,,,,,,,,
42,44.02820217332166,1.3121154846749234,0.9661427200667593,6.0,6.304274320602417,,,,,,,,,9.611023902893066,1.623540326053318,1.800544474565649,1.047333596632714,2.020348233147694,0.7875817050982858,1.116056657867059,0.9123715758323669,1.306556431776913,0.8585019250183823,3.0,9.611023902893066,1.3220803907066123,0.8688189603091336,3.0,6.889545202255249,,,,
43,56.39008797241506,,,,,1.3618359835362885,0.9899010715089671,7.0,14.907936811447144,1.320035126407177,0.9373045995917484,4.0,5.289665699005127,14.907936811447144,1.623540326053318,1.9340786330948503,1.047333596632714,2.0470555763742984,0.7875817050982858,1.116056657867059,0.9249428908030192,1.4546836475109464,0.9892359777909044,7.0,10.627285957336426,,,,,,,,
44,45.11601267159997,1.3220775977919967,0.9293266391548538,4.0,6.63396430015564,,,,,,,,,8.726465702056885,1.6845869865753562,1.9607865358469652,1.074046271247286,2.1271822300873855,0.7875817050982858,1.116056657867059,0.8484209577242533,1.3844875338119407,0.9196945650059094,4.0,8.726465702056885,1.7444784674485596,0.9679847812303963,5.0,5.3027544021606445,,,,
45,28.68542173652487,,,,,,,,,1.826590116655725,0.8703297064337151,3.0,5.7853593826293945,14.936578273773193,1.6845869865753562,1.9607865358469652,1.2171352657197643,2.1538988547613163,0.8142903915040334,1.1523015553285454,0.9269907077153524,1.3006918677711694,0.8703113435971586,3.0,9.286909103393555,1.3864955140060995,0.9945607827433677,8.0,14.936578273773193,,,,
46,18.042761441534147,,,,,,,,,,,,,8.735116004943848,1.6845869865753562,1.9607865358469652,1.253389931034273,2.2397455568492224,0.8142903915040334,1.1790155413310366,0.8625067174434662,1.3347036962204057,0.9650090048701505,5.0,8.735116004943848,1.3093339830784965,0.9781083844233448,6.0,7.004073858261108,1.6077708641175656,0.8231271545025435,3.0,6.073297739028931
47,72.13777078535374,1.4615936527770264,0.7371197700086736,2.0,6.764542818069458,,,,,,,,,9.4355149269104,1.7437333633489678,1.9874935357283703,1.3449730349017228,2.2683598568018017,0.841005973425875,1.1790155413310366,0.915903369585673,1.3024399385452186,0.9415164983453994,6.0,9.4355149269104,1.6212531326592297,0.9847852939117564,7.0,7.020405292510986,,,,
48,72.94200493556514,,,,,1.3582411048941383,0.8413251276074497,3.0,7.361671209335327,,,,,10.413756370544434,1.7437333633489678,2.0142053074722326,1.3449730349017228,2.323682242306021,0.841005973425875,1.261064233525918,0.941625694433848,1.4620367800479763,0.8707381394339413,4.0,10.413756370544434,,,,,1.3385141846950581,0.9683858964971872,5.0,8.50123643875122
49,18.88231727436717,1.3776702721996972,0.8746809626061931,3.0,6.826178073883057,1.3315626784434136,0.8740687903810711,3.0,7.952840566635132,,,,,30.44703698158264,1.7704333675719204,2.0676298507938937,1.37168120787923,2.3770986629704045,0.841005973425875,1.287780066598419,0.8910668591658274,,,,,1.3606824101617343,0.9577342681690789,5.0,30.44703698158264,,,,
50,26.649296063204975,,,,,1.32251521058016,0.9300504839468617,4.0,7.246822118759155,1.431200081748687,0.989739143608208,7.0,10.67107343673706,10.67107343673706,1.7704333675719204,2.1210436327868307,1.37168120787923,2.4057166507047616,0.9287568695825383,1.3144872842496973,0.9431096017360687,,,,,,,,,1.5878580335126016,0.868325714544363,3.0,5.71903395652771
51,98.57455278703934,1.3563349021614342,0.8652218640343567,4.0,6.95531702041626,,,,,,,,,13.645911931991577,2.519956341330884,2.1553922060966157,1.4060338806671195,2.4324315125554254,0.9287568695825383,1.444217522897656,0.9237760007381439,1.3001385714802254,0.9722071326935532,6.0,10.433523178100586,,,,,1.7299379240483859,0.9890029595140422,7.0,13.645911931991577
52,149.128877155257,1.3758700851038554,0.9816706399743171,7.0,22.460330724716187,,,,,2.0633930853075912,0.9873373963657577,7.0,9.446274518966675,22.460330724716187,2.710731013525775,2.1553922060966157,1.4060338806671195,2.4324315125554254,0.9955258340666147,1.444217522897656,0.9660693804423014,,,,,1.526868357333755,0.8495493192499536,3.0,4.681540250778198,,,,
53,40.502235218453464,,,,,1.3573221602846646,0.990694376467426,7.0,10.015648126602173,,,,,10.015648126602173,2.710731013525775,2.2832399847448825,1.4060338806671195,2.4877541190086423,0.9955258340666147,1.4728540321980752,0.9206334749857584,1.4624837152077224,0.9836642111319512,6.0,9.745717763900757,,,,,1.7455037899874828,0.9232771096904431,4.0,5.601521968841553
54,105.00479244909161,1.307255708584864,0.9219132463196148,4.0,6.516031742095947,,,,,,,,,9.232025623321533,2.7641483020905273,2.309947138813713,1.4327306390062828,2.541168614714515,0.9955258340666147,1.4728540321980752,0.8939814567565918,1.3605222355561675,0.9051479534916651,4.0,9.232025623321533,1.3369382874533549,0.9368787379757398,5.0,5.602677345275879,,,,
55,37.76599879185886,,,,,1.3053946576009936,0.8587896092559982,3.0,8.292028188705444,1.8288391022250838,0.9963351410104636,9.0,12.286131620407104,12.286131620407104,2.7641483020905273,2.3633634211862797,1.4327306390062828,2.5678757942163277,1.094732587471344,1.50909831608897,0.9397790829340616,1.32035054035645,0.8319787643997448,3.0,10.372905731201172,,,,,,,,
56,44.191130678340286,,,,,1.476045409898666,0.9838207351681093,7.0,6.8714330196380615,,,,,10.861620903015137,2.7641483020905273,2.4186983721710873,1.4689742012364304,2.6231975343587384,1.094732587471344,1.50909831608897,0.8432476023832957,1.3640761952971596,0.9112565709503735,4.0,10.861620903015137,1.4645483673313582,0.9490859383849832,6.0,6.357572555541992,,,,
57,105.92739320284151,1.6658606815449253,0.8507066668357354,3.0,4.5408642292022705,1.4860145730905319,0.872441676166733,3.0,6.88227391242981,,,,,8.882473945617676,2.7908584747359075,2.451125175634908,1.4689742012364304,2.651811605414523,1.094732587471344,1.50909831608897,0.843987395366033,1.3131522311380037,0.858007124386374,3.0,8.882473945617676,,,,,,,,
58,113.6992458597023,,,,,1.5768305287425832,0.8636145545411864,4.0,7.068541765213013,,,,,8.178950786590576,2.8175709665509547,2.5350792779128084,1.4956926825177375,2.708956810585548,1.094732587471344,1.50909831608897,0.8775003850460052,1.3543029553521329,0.868986991828319,3.0,8.178950786590576,1.3057661876893345,0.8723283224546889,4.0,5.358890533447266,,,,
59,51.4052082692122,1.3062910527885414,0.8742762514391613,3.0,7.312837600708008,1.3181308945029304,0.8174941215599092,3.0,7.760654449462891,,,,,9.85627031326294,2.8709922878322462,2.588488618672011,1.4956926825177375,2.735673591036474,1.094732587471344,1.535810439125843,0.8407390216986338,1.3609288030509643,0.8664915327035977,3.0,9.85627031326294,,,,,,,,
