,sta0_datasz,sta2_datasz,sta4_datasz,sta1_datasz,sta5_datasz,sta3_datasz,sta7_datasz,sta8_datasz,sta6_datasz,sta10_datasz,sta9_datasz,T,host_consumption_sta4,training_time_sta4,host_consumption_sta0,training_time_sta0,host_consumption_sta2,training_time_sta2,host_consumption_sta7,training_time_sta7,host_consumption_sta5,training_time_sta5,host_consumption_sta1,training_time_sta1,consumption_sta4,consumption_sta8,consumption_sta2,consumption_sta10,consumption_sta9,consumption_sta6,consumption_sta0,consumption_sta5,consumption_sta3,consumption_sta1,consumption_sta7,mean_acc,host_consumption_sta3,training_time_sta3,host_consumption_sta8,training_time_sta8,host_consumption_sta6,training_time_sta6,host_consumption_sta10,training_time_sta10,host_consumption_sta9,training_time_sta9
0,747441792.0,1127121216.0,436739904.0,683362368.0,1134796608.0,1047892992.0,1025018304.0,352007616.0,996387072.0,748451712.0,1101267264.0,1.766874906146573e-08,75075797.0,0.7719755172729492,105772312.0,1.1008169651031494,128246864.0,1.3965470790863037,126779766.0,1.3684422969818115,132760036.0,1.4999053478240967,97928704.0,0.9913451671600342,853.1752658137406,864.6872244766784,768.9268173389212,906.0138989962599,831.4509783949546,813.0999782147401,1060.4998019204832,795.5109147746834,861.5359248757508,868.6365037469577,871.5614846527286,0.5515378302132542,,,,,,,,,,
1,,,,,,,,,,,,6.945842644928013e-08,21542669.0,0.5606119632720947,53034288.0,1.5606212615966797,,,63984212.0,2.067747116088867,,,51534047.0,1.5108637809753418,1384.7619776076363,1131.728950562994,1266.0807504978932,1213.9992083810248,1087.8319555521266,1126.9861095754286,1335.4729826671153,1312.1405171957106,1202.3857878161834,1347.931458055731,1151.9601271233569,0.33885647424242715,72294676.0,2.428831100463867,,,,,,,,
2,,,,,,,,,,,,3.449987881448439e-08,36059784.0,0.44198060035705566,54469526.0,0.7303104400634766,,,,,,,,,1652.4852615647214,1442.8345935855618,1475.9427234650123,1586.207695790752,1427.0201334079231,1421.942730740807,1581.318127171451,1493.9492929124303,1378.6674809569126,1493.8136912905584,1434.2077624209599,0.41687555746598676,69858464.0,0.9931647777557373,68593880.0,1.0224335193634033,93458989.0,1.8993849754333496,,,,
3,,,,,,,,,,,,2.8932503477204984e-08,29682541.0,0.5709488391876221,64407733.0,1.5913710594177246,,,75618520.0,2.037398338317871,,,62348656.0,1.5272216796875,2156.5040685940985,1809.825433225082,1845.2981872124753,1975.2376107264654,1817.5672578761685,1776.1982314180127,1749.0927098367006,1795.5266019523538,1780.2898131308305,1712.7539875350067,1704.8499867336166,0.5379636775363575,75779225.0,2.0127737522125244,26115046.0,0.48013782501220703,,,,,,
4,,,,,,,,,,,,5.6221977047825176e-08,36926969.0,0.4605410099029541,,,,,73536677.0,0.9753727912902832,,,83618622.0,1.3368117809295654,2560.5532821650454,2071.5927960646777,2169.215726612741,2246.5230836468504,2064.7736386930087,2034.0411611174281,2012.1129837213575,2034.2105424122542,2032.553891251282,1932.8360067971087,1859.4850729329767,0.5583480982617899,73737727.0,0.9854834079742432,55164653.0,0.6882085800170898,,,,,,
5,,,,,,,,,,,,5.0289310240361885e-08,43221080.0,0.5054013729095459,66651502.0,0.8282017707824707,,,81034888.0,1.0563910007476807,,,92601509.0,1.3431377410888672,3028.850211787805,2451.6191726914853,2366.8060446059917,2584.8383449282137,2388.301456709629,2246.2857010843613,2243.306010250499,2234.9550638955807,2204.3186851674573,2161.439354552196,2097.79043902361,0.6827216473492709,106486666.0,1.8556241989135742,,,94576601.0,1.44354248046875,,,,
6,,,,,,,,,,,,3.4881303693247565e-08,46618777.0,0.6142361164093018,58068760.0,0.8150923252105713,80601417.0,1.41933012008667,,,,,75670827.0,1.272336483001709,3344.389004876267,2815.1730193494477,2724.3845250073437,2954.143253686577,2778.282029157614,2640.6519419280166,2410.6812811671584,2582.892625166822,2455.8628849371516,2313.084424510909,2465.0389975351577,0.7604368756609884,87991535.0,1.7144460678100586,38028040.0,0.4748721122741699,,,,,,
7,,,,,,,,,,,,6.110289430985909e-08,50186272.0,0.5043790340423584,74923209.0,0.8107597827911377,,,,,95529114.0,1.1495494842529297,69328557.0,0.731395959854126,3788.9239111809607,3090.0040170507086,3176.2178496776173,3234.5562667662484,3046.1579590767797,2939.492525437199,2669.6642515908393,2851.155897852329,2790.4658515303922,2523.3755785769913,2636.6060575173165,0.8032979342070493,115961007.0,1.8185021877288818,,,104170876.0,1.433190107345581,,,,
8,,,,,,,,,,,,7.966107348993854e-08,,,,,96427732.0,1.1377739906311035,90468762.0,1.0263855457305908,96900265.0,1.1342287063598633,102131514.0,1.3034875392913818,4093.3113297804957,3422.5940195798967,3397.49811240809,3656.9738895950454,3469.658344461315,3157.101884874488,3076.8577553961345,3034.371315038294,2965.8401125975483,2768.289514771009,2984.6523641059875,0.7504217258908532,114289869.0,1.755300521850586,,,,,,,,
9,,,,,,,,,,,,1.0324315670199306e-07,50687431.0,0.6393115520477295,60702359.0,0.7999870777130127,,,,,101269150.0,1.8817591667175293,84561307.0,1.2616267204284668,4628.78849562778,3722.7054617308017,3865.9981688203056,4048.884852802904,3812.976260909432,3591.7304644730316,3504.9176509409385,3502.132831088798,3327.1914827524047,3116.2580110288445,3296.610928175936,0.8020405484871431,77594100.0,1.0666062831878662,,,92462349.0,1.568436861038208,,,,
10,,,,,,,,,,,,5.712186665507156e-08,43279857.0,0.5445880889892578,62240441.0,0.8210372924804688,85177943.0,1.3363754749298096,,,,,82131198.0,1.2372920513153076,5047.550388557233,4092.450669580967,4183.408047361299,4475.290830678859,4196.506559566886,3949.3300317680983,3741.0691236067323,3811.6441346613983,3682.0218453883185,3341.712572245018,3557.6438732682095,0.7890074076977643,,,,,71434937.0,0.9494812488555908,,,,
11,,,,,,,,,,,,9.936843825994793e-08,33020973.0,0.6298236846923828,66571546.0,1.5460798740386963,,,76986192.0,1.9293437004089355,,,,,5297.3589738134615,4432.795494399636,4576.9887019597,4863.63142296144,4566.955963714203,4151.552395556132,4129.887272731555,3998.017636134171,3910.2059083872523,3615.9548879905947,3723.982952255875,0.8421877839348533,79671427.0,2.0279712677001953,27274100.0,0.4910006523132324,67997628.0,1.581188678741455,,,,
12,,,,,,,,,,,,9.044227419429823e-08,,,,,71755493.0,1.4075896739959717,,,79134747.0,1.7339286804199219,69442938.0,1.3481700420379639,5677.495953864482,4816.285571300207,4829.7058231498295,5105.80492605142,4817.459551968985,4479.305129046656,4282.6364565795475,4278.462152123601,4092.1099031792373,3752.5584213011016,3977.197702816678,0.7643287940458818,,,,,56046671.0,0.9543728828430176,,,,
13,,,,,,,,,,,,4.473658714953295e-08,31804972.0,0.4443092346191406,66218520.0,1.34010648727417,,,,,,,45861211.0,0.6849269866943359,5890.47965408189,5044.480826362859,5227.109341144081,5497.5425288332535,5197.87450972377,4692.635014884005,4528.921949537932,4469.007140341564,4360.937156540964,3985.1069401325876,4141.645019129889,0.8693857192993164,,,40489764.0,0.5717043876647949,,,62471642.0,1.318164348602295,,
14,,,,,,,,,,,,8.528021531096172e-08,43719676.0,0.47652459144592285,93579717.0,1.4289579391479492,,,79152996.0,1.0152857303619385,101645675.0,1.7531464099884033,63251242.0,0.7460935115814209,6257.917036080616,5422.657974172114,5486.611718002522,5762.599125360512,5581.068609063393,5026.925342246668,4678.85705561128,4766.280220780876,4545.724868003955,4123.323541435607,4427.9599478140535,0.8968135768716986,,,47874694.0,0.4997713565826416,,,,,,
15,,,,,,,,,,,,7.881323100182834e-08,50179132.0,0.5269050598144531,99834034.0,1.2461965084075928,96815182.0,1.1546237468719482,,,,,100989365.0,1.2896759510040283,6540.1967074400945,5638.015664567386,5852.605640728524,6172.388159488868,5853.892441620718,5204.310000522834,4915.184227204194,4964.752573402711,4792.68809160265,4439.760707592003,4622.193836448995,0.8667099611325697,92641731.0,1.0792174339294434,49292232.0,0.4973137378692627,,,,,,
16,,,,,,,,,,,,7.492914217841332e-08,,,,,,,,,86724937.0,1.1067595481872559,56784279.0,0.6893877983093262,6938.10713290995,6025.540012629782,6118.922854391259,6574.231340729069,6254.657223341958,5547.847068856142,5072.8646652075995,5241.241749755004,4974.005065224566,4580.474561089195,4901.235580001394,0.8796394575725902,81049964.0,0.9994080066680908,60622037.0,0.7034683227539062,94229189.0,1.398390293121338,,,,
17,,,,,,,,,,,,6.897845185011782e-08,44789558.0,0.4803781509399414,66786634.0,0.7591867446899414,,,,,107212433.0,1.7629966735839844,,,7297.765686021823,6251.071063057746,6490.809399986075,6859.574116094096,6503.296766580871,5759.339178935635,5307.526490451146,5474.781879216766,5344.126629855626,4915.55424738062,5046.038640182517,0.8337361893870614,87618916.0,1.0291988849639893,,,86249596.0,1.000870943069458,,,,
18,,,,,,,,,,,,1.0640181693813658e-07,,,54568647.0,0.7883715629577637,,,,,87068320.0,1.7516579627990723,78972271.0,1.3827097415924072,7549.864305693277,6606.044248383774,6748.282717325964,7137.261612059908,6888.756093848883,6076.933441959176,5574.707146196694,5783.991570644715,5516.356704280201,5062.48246841857,5349.7221498849485,0.8079916320063851,,,51201041.0,0.6980884075164795,67042736.0,0.9870071411132812,,,,
19,,,,,,,,,,,,9.480795448268054e-08,52811572.0,0.5141348838806152,111972797.0,1.2752273082733154,115205211.0,1.3830509185791016,,,106211398.0,1.1345138549804688,75124563.0,0.7687957286834717,7765.442843941976,6826.3666241523215,7112.083286078153,7489.38941859746,7152.34048858724,6338.173523818245,6013.412851353912,5965.592692717386,5768.971589062756,5346.106248567309,5505.806679080672,0.8624487979845568,102549359.0,1.0871663093566895,,,,,,,,
20,,,,,,,,,,,,9.624684887297808e-08,52917345.0,0.5866141319274902,99951221.0,1.37089204788208,,,88102619.0,1.0399889945983887,,,65546768.0,0.7515299320220947,8231.12396079496,7278.792891159877,7471.276268387955,7860.67645860796,7639.064358240051,6764.438651324067,6241.7073454479805,6368.058052560581,6018.173272166517,5651.385936192492,5865.882713303638,0.9083351980556141,111675495.0,1.8479363918304443,,,86367882.0,1.0094432830810547,,,,
21,,,,,,,,,,,,8.823066861433971e-08,,,,,84737210.0,1.1136691570281982,,,106554476.0,1.8965396881103516,56720619.0,0.7177603244781494,8619.796614285773,7500.63475958353,7851.674076754156,8259.578860379697,7911.105602436642,7021.728912043471,6518.054278841949,6536.254306296068,6285.1386384273765,5973.4886179065425,6018.7725232751445,0.851293989203193,80467995.0,1.0336484909057617,,,97892145.0,1.6007041931152344,,,,
22,,,,,,,,,,,,1.0314788571765719e-07,,,53765365.0,1.3546793460845947,57164160.0,1.4295761585235596,72278563.0,2.0087661743164062,72901974.0,2.017036199569702,,,9025.988926545431,7939.10217162644,8249.637746253149,8609.709494259567,8276.301017033695,7454.714195007139,6839.392396445631,6905.151031362181,6544.21401793442,6293.525741205179,6337.8237137031265,0.8986307328397577,67348644.0,1.7822470664978027,,,,,,,,
23,,,,,,,,,,,,1.0160059729102836e-07,40436542.0,0.5609068870544434,100143665.0,1.6760461330413818,,,78832806.0,1.0547583103179932,83601714.0,1.1425659656524658,97831231.0,1.5797743797302246,9361.875528979192,8179.715333885971,8651.921682500559,8974.663206664358,8626.278146783236,7748.2140514089615,7009.867663660907,7182.87080453182,6807.4397395660535,6509.997520455853,6583.633529650385,0.9104961807077582,,,,,92105171.0,1.4029898643493652,,,,
24,,,,,,,,,,,,5.924946175896087e-08,57114966.0,0.6004204750061035,,,105618016.0,1.1643919944763184,,,106509554.0,1.167914867401123,109082301.0,1.2351312637329102,9625.948691493235,8506.068385942226,8877.271139785735,9363.103153866843,8996.939704819757,7944.195663745172,7251.410138723692,7364.600983570638,6963.4599838338245,6665.931810042423,6750.87216121719,0.8847986459732056,102512677.0,1.1175434589385986,50465447.0,0.49936866760253906,,,,,,
25,,,,,,,,,,,,9.55027245537376e-08,,,73888117.0,0.7940890789031982,,,93415960.0,1.0448567867279053,116291694.0,1.8242542743682861,69509405.0,0.737910270690918,10035.115402324687,8874.275676245416,9224.203607284693,9634.632307289785,9360.855849986732,8222.84468948399,7409.191093759683,7740.122897789475,7315.246128552922,6878.313951299162,6979.16103293534,0.9178515564311635,93513982.0,1.0399739742279053,71111512.0,0.7151944637298584,,,,,,
26,,,,,,,,,,,,6.899041894293431e-08,47358705.0,0.576422929763794,64023579.0,0.8105988502502441,94891114.0,1.4162919521331787,80022683.0,1.0442087650299072,,,90793713.0,1.29539155960083,10277.777577800107,9094.476377101371,9626.25931072649,10052.620013858486,9628.864138392333,8413.182661375198,7791.926921522467,7940.845833069395,7727.487202811175,7263.808281242378,7140.955393805409,0.8945439566265453,102069563.0,1.7323567867279053,,,,,,,,
27,,,,,,,,,,,,9.791113003861768e-08,48731625.0,0.6245310306549072,59851349.0,0.7993505001068115,,,101545212.0,1.9319722652435303,,,82628145.0,1.2222247123718262,10658.558285086145,9445.002270690124,9872.269780989544,10455.794500560833,10045.030330807816,8722.619207615506,8057.4058110390415,8232.883080832778,7893.5635416044215,7422.987460063318,7533.120572003405,0.9125963178547946,77026170.0,1.0747768878936768,,,95411926.0,1.668220043182373,,,,
28,,,,,,,,,,,,9.50731190832681e-08,,,75646901.0,1.3397011756896973,78951458.0,1.439213752746582,63609029.0,1.0119102001190186,,,74982779.0,1.3197555541992188,11091.63463460041,9675.942001385796,10252.499004075959,10717.604087053967,10341.638258621279,8921.062050587745,8335.775179852359,8520.4116276525,8284.706907475591,7640.008263556364,7717.380321385561,0.8747346617958762,,,,,78134261.0,1.4279446601867676,,,,
29,,,,,,,,,,,,5.4633497586332233e-08,46254642.0,0.5766050815582275,91919320.0,1.3920271396636963,,,102559063.0,1.8209264278411865,83431549.0,1.1535487174987793,58354953.0,0.7349681854248047,11348.018567257743,10014.568657245381,10494.150942121654,10981.539046256401,10705.269061076615,9232.26162631803,8508.133753419104,8723.08596351768,8446.896523539788,7774.887539849357,7984.805680726243,0.9225761185992848,105348119.0,1.875159502029419,,,,,,,,
30,,,,,,,,,,,,1.1178903555202176e-07,56117898.0,0.5923078060150146,104750159.0,1.2527427673339844,109074733.0,1.4005703926086426,,,,,70136844.0,0.7666363716125488,11609.345656916184,10221.670211015991,10866.81329612142,11391.52070459491,10969.988137219181,9414.696341422521,8759.374526363874,8951.482775824263,8763.772131844249,7994.901341451376,8139.539710719121,0.903407709165053,98924978.0,1.110306739807129,,,95823974.0,1.053492784500122,,,,
31,,,,,,,,,,,,1.5032234673167606e-07,36768155.0,0.5729498863220215,89372635.0,1.615837574005127,,,95052675.0,1.8392784595489502,73755914.0,1.169891357421875,87479939.0,1.5598673820495605,12008.521002114445,10531.990339167663,11127.408587541091,11771.65502762788,11316.794961114805,9712.904885190566,8995.303761798328,9267.98132930185,8945.362653537244,8202.318507476542,8407.300799628165,0.9421652230349454,104163186.0,2.1919970512390137,47867980.0,0.7214345932006836,,,,,,
32,,,,,,,,,,,,9.629855383035627e-08,,,79195903.0,0.8337223529815674,104143472.0,1.1602838039398193,,,103294840.0,1.1309325695037842,71135804.0,0.742931604385376,12433.693406177421,10835.10380030408,11452.499267835477,12029.84641873539,11524.857372199453,9980.753839868064,9160.144248421213,9636.21402473451,9213.84505886222,8456.138760725338,8652.19496076464,0.9121670939705588,119733764.0,1.7421188354492188,74327202.0,0.7249643802642822,,,,,,
33,,,,,,,,,,,,1.4870682388831506e-07,46984987.0,0.4874293804168701,73766108.0,0.8051221370697021,,,119158692.0,1.8079824447631836,100629686.0,1.167290449142456,,,12689.420716576185,11049.427296484637,11964.473404898572,12449.047209942868,11909.712679802813,10176.253476460251,9543.254599173073,9924.230574568393,9420.229619927179,8824.321367622628,8806.921792445743,0.9426606351679022,122615225.0,1.8627738952636719,,,92743049.0,1.0247459411621094,,,,
34,,,,,,,,,,,,8.29277452836212e-08,,,82031040.0,1.355271816253662,,,92129952.0,1.7680902481079102,93114507.0,1.7626972198486328,51201102.0,0.7165277004241943,13083.80381965301,11402.69950034488,12224.366521604985,12861.63591831308,12296.022843386132,10638.277264240392,9805.562147154473,10382.908786886934,9687.536174166607,8959.93313317503,9125.757057676392,0.8659564635970376,,,,,69310004.0,0.9960122108459473,,,,
35,,,,,,,,,,,,1.0338147950464666e-07,50202142.0,0.5943598747253418,66337355.0,0.820549488067627,,,106036166.0,1.8280436992645264,87969258.0,1.1697421073913574,95417969.0,1.380310297012329,13419.574610775944,11602.367229158734,12555.293779197647,13125.620531825869,12497.99152281159,10908.324475022328,9985.5207097508,10663.433610209866,9931.434008705828,9294.569550584241,9279.034219003282,0.8852572793310339,110810203.0,1.917177438735962,64157306.0,0.7546088695526123,,,,,,
36,,,,,,,,,,,,8.030788572320003e-08,64327838.0,0.6235604286193848,82291232.0,0.8371608257293701,106369417.0,1.1626918315887451,122503471.0,1.8262741565704346,107210663.0,1.176238775253296,77564804.0,0.7773175239562988,13678.109593691854,11942.314691318947,12802.167332942028,13540.601719686545,12894.87559685756,11229.120946175302,10341.18406516369,10867.397101710645,10133.169303387152,9472.070975610464,9522.094273156845,0.9113054383884777,,,,,,,,,,
37,,,,,,,,,,,,1.2844376330669162e-07,42231520.0,0.5004546642303467,,,85059475.0,1.1799228191375732,107495086.0,1.8898820877075195,109776697.0,1.9278748035430908,58896212.0,0.7370593547821045,14143.138357062558,12132.817021017563,13161.828650276184,13819.002038418363,13123.558217484648,11573.957208807224,10502.67322528189,11293.570490618264,10448.244209980605,9702.690369195185,9779.814061487523,0.9356198473410173,103913980.0,1.7309112548828125,,,,,,,,
38,,,,,,,,,,,,8.778943590086095e-08,,,,,,,83509551.0,1.0357105731964111,106018528.0,1.7486422061920166,57678563.0,0.7185065746307373,14424.851474621031,12459.635870642247,13418.789726355106,14233.717708943237,13514.351361890373,11768.082562316657,10687.787875178745,11467.325604919115,10616.048772096847,9925.055659956333,9959.422476139136,0.9050891616127708,108861599.0,1.8294448852539062,,,81148474.0,0.9964284896850586,,,,
39,,,,,,,,,,,,1.0015914864330381e-07,,,91669138.0,1.3059558868408203,84593045.0,1.1308629512786865,101471176.0,1.8133714199066162,84780483.0,1.1144495010375977,89452652.0,1.2337923049926758,14814.652676870808,12672.079144997888,13786.737585893125,14506.849094363959,13760.65293870392,12120.446854991782,10949.96578298876,11742.507218893441,10926.805581120008,10177.504985285685,10164.638313099142,0.8853284933350303,,,,,,,,,,
40,,,,,,,,,,,,1.3320890096007798e-07,51588124.0,0.5022013187408447,78215437.0,0.8144242763519287,110599509.0,1.4384064674377441,,,99376881.0,1.1507749557495117,75414602.0,0.7745418548583984,15081.81279295387,12995.564114367098,14071.42430539852,14866.558309253174,14121.300982912302,12326.505334421363,11234.475634811599,11918.150037439244,11077.231773099693,10388.736439743252,10414.837618774656,0.9422530586069281,117565617.0,1.6996076107025146,,,,,,,,
41,,,,,,,,,,,,9.051124872695514e-08,,,103601847.0,1.2699942588806152,96621884.0,1.129009485244751,93338812.0,1.0569586753845215,100084094.0,1.1716010570526123,,,15568.708049574345,13247.239462677053,14470.915740069739,15146.104751092955,14382.349505402999,12659.245019037746,11395.791323050344,12336.625526102687,11320.605800412848,10550.948661339777,10726.828545039527,0.9486035433682528,,,,,107383636.0,1.4346873760223389,,,,
42,,,,,,,,,,,,1.0606961816786531e-07,47203615.0,0.5800738334655762,,,88458026.0,1.3442590236663818,76926134.0,1.035447597503662,98937918.0,1.764953851699829,57493628.0,0.7285628318786621,15762.953014482173,13588.370097604464,14758.462308821176,15547.324737192497,14752.676055802996,12864.662358944217,11681.651809076993,12568.616815401325,11474.449175500085,10730.488092215459,10885.102877046134,0.9266704429279674,,,57882909.0,0.706571102142334,,,,,,
43,,,,,,,,,,,,1.1547889736843988e-07,43105785.0,0.5157222747802734,,,92622504.0,1.1659719944000244,88428485.0,1.0696971416473389,112651689.0,1.7965850830078125,97619928.0,1.3041050434112549,16148.57578735456,13919.982270686656,15156.973089333918,15818.09732226506,15114.715367386036,13147.208247087538,11842.983137362722,12911.95904991917,11754.103270012087,10955.505629383471,11213.219456640714,0.933184872974049,113866408.0,1.8197007179260254,,,,,,,,
44,,,,,,,,,,,,1.202381016135211e-07,44663520.0,0.49364256858825684,98471000.0,1.258110761642456,95119934.0,1.1523241996765137,,,,,98483086.0,1.257730484008789,16428.1280710905,14141.01401453434,15590.457989278617,16185.360473315179,15365.648633823552,13321.638552412263,12104.333001744406,13102.203144205201,12012.902244636609,11170.486881335144,11441.391317097767,0.9346033334732056,91371043.0,1.0878005027770996,,,105132787.0,1.5575454235076904,,,,
45,,,,,,,,,,,,1.2360770663671315e-07,,,52727221.0,0.7707867622375488,,,65286515.0,0.9831366539001465,,,79486246.0,1.4151313304901123,16823.50390424824,14462.451286506193,15852.990707657897,16434.473049604396,15700.468044255776,13619.644584523976,12265.757644777621,13420.291931059537,12184.425137041904,11307.509600922716,11712.731506040076,0.9307525103742426,,,51097037.0,0.7077233791351318,78109480.0,1.4077537059783936,,,,
46,,,,,,,,,,,,6.166874730815771e-08,32228555.0,0.5157444477081299,87232320.0,1.6230659484863281,,,,,,,84013517.0,1.5351731777191162,17054.39167945263,14689.23746827333,16261.846907630912,16809.493028328565,15947.206524298985,13816.302411600447,12507.498823194202,13579.356810961259,12452.583205818139,11585.546706445832,11941.930685758598,0.8873053409836509,,,,,59601288.0,0.9415531158447266,,,83096528.0,1.510674238204956
47,,,,,,,,,,,,6.576226527958956e-08,51403433.0,0.5742218494415283,,,95709777.0,1.3677608966827393,,,106482333.0,1.7930564880371094,63087118.0,0.7417392730712891,17441.52510055218,15046.062647081086,16502.477710412208,17220.257403294025,16365.574376869326,14141.60437750388,12755.348140784105,13850.681751785212,12651.41559312634,11830.254283997238,12249.999698837413,0.927126640623266,,,48437864.0,0.5091266632080078,82918672.0,1.0414612293243408,,,,
48,,,,,,,,,,,,1.6055171098829475e-07,,,,,,,88310381.0,1.0367627143859863,95213807.0,1.1583435535430908,64223713.0,0.7430419921875,17831.09288765807,15270.234828216546,16888.457300805294,17469.168178541855,16577.42646142511,14396.059134846384,12936.56246418666,14133.020681691338,12932.692044396304,12056.654292026251,12418.441658090029,0.9398047436367382,115084178.0,1.8334434032440186,67763804.0,0.7490231990814209,103334147.0,1.4149274826049805,,,,
49,,,,,,,,,,,,7.268227079931798e-08,39877156.0,0.4673187732696533,58178989.0,0.7330155372619629,,,,,,,,,18081.99523118448,15601.84579263115,17090.338116866802,17847.63207330989,16925.912971337642,14724.44417315775,13082.692529395086,14334.78917889306,13106.872468486694,12265.658481505145,12659.447626923735,0.8887627775018866,71493286.0,0.9664914608001709,51282157.0,0.6054248809814453,,,,,85634424.0,1.6005668640136719
50,,,,,,,,,,,,8.816535500426203e-08,52593859.0,0.5072968006134033,,,98763480.0,1.1074705123901367,116612739.0,1.7988348007202148,100992906.0,1.135831594467163,70856447.0,0.727046012878418,18418.348545744248,15819.376027370623,17477.8865813021,18141.486434089213,17186.084147076137,14931.651006275146,13318.795488381567,14547.64615239298,13503.67190769048,12518.830135238319,12801.546711137691,0.9327790899710222,,,55142436.0,0.5055124759674072,,,,,,
51,,,,,,,,,,,,1.0365501318711538e-07,23180971.0,0.5800707340240479,,,,,61279262.0,1.8657748699188232,,,,,18804.33951574765,16218.98416269511,17731.77615575553,18520.17872945489,17549.432417054362,15237.59833571729,13460.233498471,14806.8412459044,13673.091066596951,12659.489515100793,13079.910872372886,0.9328646443106912,65110612.0,2.0167174339294434,26883476.0,0.6961190700531006,53170152.0,1.5427968502044678,,,,
52,,,,,,,,,,,,8.09594718496244e-08,,,,,85498316.0,1.1495468616485596,104627174.0,1.7996187210083008,86495689.0,1.1427810192108154,90680004.0,1.2422237396240234,19200.310118397585,16433.127509180154,18057.26453726534,18811.11446725518,17810.826793997378,15536.748686614854,13698.349326528853,15073.146056002272,13929.490033068367,12888.732629098413,13245.959774932866,0.893351674079895,104611610.0,1.7494120597839355,,,,,,,,
53,,,,,,,,,,,,1.0447806894949901e-07,43727428.0,0.554642915725708,98535454.0,1.387359380722046,101251206.0,1.4655790328979492,,,88799089.0,1.1386628150939941,97200618.0,1.3468589782714844,19475.807404621148,16767.264812822126,18350.9836047007,19181.24946979697,18138.685568422243,15748.393960822465,13973.767366429824,15260.094628228322,14099.827939893956,13111.528540697498,13489.899136590402,0.952070111578161,,,,,80748511.0,1.0056519508361816,,,,
54,,,,,,,,,,,,1.194369827781107e-07,,,40855914.0,0.7297604084014893,61512233.0,1.281947135925293,76539477.0,1.9159932136535645,,,,,19875.149903006375,17070.343409298133,18753.26652636989,19439.16603810259,18349.93780959997,16159.79187354033,14135.417920047566,15635.211847411949,14337.85838520688,13260.171417563273,13766.752823688317,0.9440135847438466,,,,,68352181.0,1.5452392101287842,,,,
55,,,,,,,,,,,,9.394033949602665e-08,51558279.0,0.5043504238128662,73963556.0,0.7785518169403076,99522938.0,1.1186237335205078,117015509.0,1.8381097316741943,,,,,20106.94420705174,17309.582389693147,19187.7919175877,19844.989291763137,18713.682326960094,16367.176781597664,14518.487002385784,15815.471240044293,14631.24999495238,13540.395911041624,13933.592740673455,0.9351437362757596,,,56132912.0,0.5227773189544678,94771913.0,1.0286362171173096,,,,
56,,,,,,,,,,,,9.704371772446196e-08,37086697.0,0.45862245559692383,,,,,71051576.0,1.0057435035705566,,,53916427.0,0.7055559158325195,20488.67263910726,17734.15317161095,19472.431773949593,20285.985512253224,19127.490380367737,16704.268417969855,14782.8761687739,16081.633636670955,14798.26073481314,13697.187218009396,14246.001721745504,0.9357640851627697,97741632.0,1.8117449283599854,,,,,,,89364517.0,1.605823278427124
57,,,,,,,,,,,,1.2462957735653372e-07,,,103944131.0,1.2587227821350098,100276476.0,1.181753158569336,,,99460743.0,1.1474788188934326,,,20953.545808950108,17965.589993824924,19828.948378509405,20564.91510465227,19388.56032107357,16878.969236368033,15069.282719406656,16335.751342696702,15116.55630908914,13911.546878878144,14472.402933035042,0.9217351512475447,116740363.0,1.7451171875,,,90889355.0,1.0248396396636963,,,,
58,,,,,,,,,,,,1.0161362362454113e-07,53378098.0,0.5885307788848877,70479678.0,0.8146979808807373,,,83120149.0,1.0358779430389404,107135224.0,1.7903194427490234,66653577.0,0.7616331577301025,21205.7456717148,18313.079697459052,20202.244487445256,20939.583917644002,19747.23383827289,17183.9734366595,15319.550180831216,16521.689250049876,15396.399845083537,14122.531833523219,14737.191678687204,0.951222609389912,107941557.0,1.8007049560546875,,,,,,,,
59,,,,,,,,,,,,1.250671902816562e-07,,,49173580.0,0.7413375377655029,,,90879956.0,1.9752311706542969,92787360.0,2.015608549118042,,,21663.707947427698,18623.980427715393,20446.919941386663,21355.903005458415,20072.097714799635,17525.13061439849,15657.210140078185,16876.39721181185,15600.965304582798,14378.12521502307,15106.168298520293,0.9069454995068637,63423727.0,0.9869289398193359,48724851.0,0.7058444023132324,,,,,,
60,,,,,,,,,,,,7.787235253265657e-08,49466853.0,0.6313858032226562,59239960.0,0.7890174388885498,80561622.0,1.1469569206237793,,,101666366.0,1.8509328365325928,86067712.0,1.2930543422698975,22037.830628234795,18865.236646029076,20911.97072682824,21600.335188273355,20291.04025416168,17843.451909223986,15819.741452072434,17185.5046062516,16021.830950067068,14627.571402487329,15297.500915229935,0.9233280311931263,,,,,92946784.0,1.5392966270446777,,,,
61,,,,,,,,,,,,8.020312753585949e-08,,,85804834.0,1.2289769649505615,,,,,,,53620895.0,0.6985340118408203,22316.28150627809,19199.802241351743,21262.15176184199,21971.637039352703,20672.953596958614,18057.70908274519,16208.713493371402,17373.81790624425,16201.494593182479,14855.600061534496,15543.667082180762,0.9531257206743414,76100697.0,1.0140676498413086,,,97793329.0,1.596301794052124,,,87204366.0,1.2958405017852783
62,,,,,,,,,,,,7.795399495875838e-08,,,48600767.0,0.7396838665008545,66094252.0,1.046858549118042,,,,,71719543.0,1.2201659679412842,22681.581884728595,19406.25791312829,21673.2143918609,22202.73660706616,20916.109545950854,18374.54869786513,16368.34085999659,17639.48403815564,16456.67506515915,15000.404444588461,15810.338233116954,0.9425594698299061,,,,,,,62707176.0,1.0083098411560059,,
63,,,,,,,,,,,,1.2585254160834162e-07,,,107528655.0,1.26157808303833,111508992.0,1.3651959896087646,97997491.0,1.0564043521881104,,,67485789.0,0.7399640083312988,22934.867937446023,19715.203660695068,22154.29565269325,22625.807864325918,21294.11615418212,18600.92634928743,16752.594809625163,17843.99578579988,16633.59841003597,15205.651384704592,15991.998742378815,0.9529028209772977,97967401.0,1.0720710754394531,,,113407791.0,1.4932081699371338,,,,
64,,,,,,,,,,,,9.461270357354807e-08,41864455.0,0.6274254322052002,51659780.0,0.805938720703125,,,88978105.0,1.9373600482940674,89858290.0,1.9385850429534912,70849855.0,1.3159124851226807,23287.833216251678,19996.70704164531,22417.848013243594,23013.214159617113,21630.271176419217,18946.197897753624,16989.202531432722,18137.224494310634,16881.540054742367,15502.946367408622,16306.16452908679,0.9549613865939054,87301473.0,1.826390266418457,,,,,,,,
65,,,,,,,,,,,,1.4618544917371282e-07,,,54890607.0,1.3481600284576416,58796542.0,1.4317233562469482,71564026.0,1.9365522861480713,,,,,23732.5850667958,20222.114652921315,22810.459506808973,23298.006760372,21897.97432673553,19253.70916229321,17164.421193770257,18448.2982375107,17211.60887925247,15654.823889943675,16500.295565849658,0.937499772418629,68511177.0,1.7628545761108398,,,63975788.0,1.6051702499389648,,,,
66,,,,,,,,,,,,1.5329639221258975e-07,,,92801643.0,1.2689692974090576,89167924.0,1.1648662090301514,,,87457540.0,1.1255192756652832,93520146.0,1.2915971279144287,23989.240782067114,20540.19941316118,23056.408750410723,23664.584561033917,22267.87254226962,19450.989728946453,17354.594962830888,18634.783102458314,17393.96913217845,15823.04379475923,16751.888907772587,0.9677224267612804,,,,,,,84788113.0,1.0763092041015625,,
67,,,,,,,,,,,,1.626706598302129e-07,45787114.0,0.5735256671905518,,,,,101486435.0,1.7896645069122314,102939861.0,1.8115923404693604,58152500.0,0.7510106563568115,24376.034711214095,20757.475214662554,23500.688431013146,23950.573794634904,22510.154103740508,19624.36899172513,17608.205783554327,18991.83306619738,17658.16202466988,16042.248397503188,16903.494073427617,0.9732264388691295,104305580.0,1.8439891338348389,,,77800033.0,1.045456886291504,,,,
68,,,,,,,,,,,,1.033497917453747e-07,,,79703714.0,1.6114838123321533,,,58448886.0,1.0037436485290527,,,78841839.0,1.5830049514770508,24634.933994483454,21089.79865161756,23712.929113331196,24330.23851390762,22882.468738662585,19917.29811888785,17755.144475025205,19194.378300097138,17836.27700715364,16235.506429958186,17144.142469246704,0.9070557355880737,,,,,74173822.0,1.4279861450195312,,,79207439.0,1.641845464706421
69,,,,,,,,,,,,0.01,,,,,104963476.0,1.1373114585876465,,,105062415.0,1.122969627380371,,,24998.27331482987,21307.956281258994,24025.87142624551,24619.18949827794,23134.528167557593,20221.138040946687,17986.46964091453,19466.645877795912,18081.656935555322,16476.299099082622,17367.901684269025,0.914312400601127,99025138.0,1.0480930805206299,69864079.0,0.7075283527374268,98305656.0,1.0087604522705078,,,,
