,round_time,host_consumption_sta3,training_time_sta3,host_consumption_sta6,training_time_sta6,host_consumption_sta15,training_time_sta15,host_consumption_sta11,training_time_sta11,host_consumption_sta10,training_time_sta10,host_consumption_sta14,training_time_sta14,host_consumption_sta19,training_time_sta19,host_consumption_sta4,training_time_sta4,host_consumption_sta13,training_time_sta13,host_consumption_sta18,training_time_sta18,host_consumption_sta12,training_time_sta12,host_consumption_sta17,training_time_sta17,host_consumption_sta5,training_time_sta5,host_consumption_sta2,training_time_sta2,host_consumption_sta1,training_time_sta1,host_consumption_sta8,training_time_sta8,host_consumption_sta0,training_time_sta0,host_consumption_sta7,training_time_sta7,host_consumption_sta9,training_time_sta9,host_consumption_sta16,training_time_sta16,consumption_sta18,consumption_sta19,consumption_sta17,consumption_sta16,consumption_sta14,consumption_sta15,consumption_sta13,consumption_sta5,consumption_sta6,consumption_sta4,consumption_sta7,consumption_sta9,consumption_sta11,consumption_sta1,consumption_sta3,consumption_sta2,consumption_sta12,consumption_sta10,consumption_sta0,consumption_sta8,mean_acc
0,0.33177971839904785,620035095,14.887948513031006,622282587,14.97793698310852,825978476,21.885722398757935,814470632,21.370307445526123,822516022,21.676827907562256,824985864,21.826651096343994,822579498,21.80492663383484,817388777,21.62818169593811,825835777,21.843600273132324,822697295,21.79755425453186,825362816,21.81269598007202,823459134,21.816396951675415,817443953,21.653129816055298,818763346,21.655155897140503,823133818,21.700955867767334,818339275,21.75232720375061,823553861,21.69457697868347,815029408,21.597628831863403,817668317,21.746967554092407,823326933,21.793362379074097,2.6384501823064612,2.5935253417476942,2.6304273844368065,2.7424902966965776,2.676148436156127,2.6318140078704224,2.6974705021152787,2.7685685313744335,2.8200488666054846,2.711056229781289,2.769081926232539,2.87671162090455,2.801286232469389,2.769225345973351,2.7847361847427834,2.9025064702170784,2.7128689080481996,2.7677960221596063,2.870882156680206,2.813861528592584,0.8950630247592926
1,0.3842899799346924,553971300,12.735020160675049,773155675,20.649100303649902,741254450,18.766364812850952,776860560,20.6327543258667,777156092,20.640300750732422,776263637,20.6293044090271,775347380,20.624327659606934,551216729,12.66967487335205,776957850,20.649945974349976,775589262,20.623769283294678,776874537,20.641710996627808,742311576,18.82210659980774,772650183,20.62487244606018,775695280,20.646098136901855,550230037,12.678625106811523,773943881,20.676403284072876,777091455,20.61193609237671,772439917,20.616348266601562,733379104,18.57736349105835,737988651,18.63373827934265,5.14809565110103,5.14185940706142,5.1950171171176045,5.241539398241912,5.302328518072728,5.050504435415083,5.2159351102840645,5.296950603652339,5.3750972889185,5.222162956672324,5.2232313006951,5.380637939426323,5.316825030874622,5.310808701025177,5.332464703572115,5.3055331432134185,5.1968808727516995,5.251804434194023,5.28545071715106,5.276993194981812,0.11281512752175331
2,0.4422566890716553,768485399,20.61148190498352,767236012,20.60787272453308,710380506,17.397523164749146,770401592,20.609193086624146,770971049,20.628063440322876,769988629,20.612963676452637,705457240,17.24481987953186,767906969,20.6031391620636,770210797,20.614437341690063,705080714,17.216773509979248,770310528,20.609769582748413,770260662,20.642983198165894,533292763,11.801307678222656,768622727,20.604599475860596,770588969,20.58707308769226,702437045,17.21420979499817,528451834,11.746905326843262,766489676,20.592703580856323,701295018,17.18671178817749,705963891,17.23990535736084,7.7546386479335325,7.763126696034354,7.841463441943449,7.875210582552988,8.114808514595936,7.796686820010487,8.008356861148537,8.108438626616348,8.11671123037286,7.914661259176533,8.059799304421825,8.0292724222865,8.041247784665577,8.155028189093803,8.176912307966239,8.135904948713605,7.831365341699227,7.956965891043157,8.056453022363595,8.043450569841259,0.14632353261113168
3,0.40921735763549805,759501473,20.604803800582886,758582408,20.597901582717896,761036626,20.626075983047485,761225346,20.59982919692993,761491031,20.601691961288452,761134160,20.621418237686157,759910530,20.612040281295776,504754812,10.975929498672485,761039311,20.614423751831055,760193183,20.617918014526367,700675757,17.227264881134033,760643805,20.628808975219727,758755809,20.595000982284546,759142344,20.59097146987915,501697446,10.958869695663452,758389416,20.61741328239441,761389164,20.57288670539856,757961683,20.587780952453613,758010694,20.618908166885376,701471776,17.259758472442627,10.622604254043653,10.589063872416512,10.562599754293762,10.538999845672834,10.770578240035963,10.521382986260356,10.788496642370331,10.82305763032095,10.793777679399252,10.639169343787053,10.776195853913663,10.759265017285516,10.819360339788616,10.754545351248174,10.860398197950282,10.900353862243204,10.64807283163207,10.738169346157182,10.81832138039254,10.763510601490168,0.5364845931529999
4,0.4262244701385498,502596491,10.359577417373657,502698176,10.364871740341187,767121144,20.60236167907715,767700184,20.590470790863037,768467943,20.59155774116516,767150074,20.592976093292236,765796318,20.5982346534729,501024108,10.32491660118103,671716664,15.177662372589111,766333732,20.605607509613037,767789233,20.60395646095276,766980702,20.615520477294922,502805903,10.364755868911743,502354733,10.35462498664856,498585272,10.327298402786255,763781309,20.650750160217285,497422799,10.323764085769653,501806149,10.34503436088562,663884592,15.124898433685303,766960744,20.60244584083557,13.159572364506646,13.385614819821074,13.229573730122254,13.269894012711543,13.50701704420176,13.173851465087562,13.522211213785754,13.544287812613119,13.50342363784627,13.428609221067582,13.44942170711529,13.431155211561867,13.550557976297288,13.461648747884206,13.659484264840708,13.64898090758076,13.330617203905707,13.513714911094077,13.627557201905052,13.439248159942492,0.8268207311630249
5,0.381258487701416,486929235,9.82118558883667,508344463,10.351693153381348,652203652,14.378534078598022,650198653,14.32690978050232,650584211,14.339342832565308,651884562,14.364938259124756,651074566,14.357933759689331,508628520,10.356903791427612,770577678,20.590659379959106,651360027,14.361782550811768,770904155,20.591070652008057,655595734,14.493807315826416,508423930,10.353842735290527,508295024,10.350642919540405,484492412,9.821193933486938,647360403,14.296114206314087,505749133,10.320760488510132,487109532,9.825112581253052,765422479,20.611755847930908,770398297,20.612773656845093,16.052212002904675,16.232256304669527,16.017043847117314,16.20622905834344,16.313818441745674,15.973243603559494,16.263215673002403,16.450034817745948,16.414337767290107,16.229820807747195,16.414121097394165,16.252091892555622,16.357815499991602,16.31124544460809,16.65468982050495,16.52083164901797,16.15228893451714,16.400173059474533,16.562178681584445,16.215168842226877,0.8728641480207443
6,0.4114539623260498,517396625,10.35086464881897,517549029,10.35561203956604,768328783,20.600292921066284,768682176,20.57399606704712,641682622,13.647965431213379,641623236,13.642282962799072,641312201,13.668525218963623,517187458,10.344298601150513,768519639,20.58305811882019,768147508,20.628364324569702,768585252,20.581608057022095,767947985,20.6131489276886,480243644,9.376107931137085,480809378,9.391935348510742,516685384,10.328060865402222,636833269,13.630534410476685,515522545,10.310231447219849,516819478,10.342263460159302,635903523,13.61682415008545,768330370,20.61152219772339,19.232659481964234,19.323463611871823,19.02808949370218,19.234907030770373,19.28218984853524,18.994237647112705,19.339400756625214,19.470664052255465,19.426346536899995,19.206414991910673,19.419250410239957,19.33293670781409,19.44154777526227,19.538806898251295,19.70403831845589,19.617926708061002,19.274540025284672,19.54105519256159,19.67572867537543,19.27796213576615,0.8950630247592926
7,0.4371809959411621,516156149,10.336574077606201,516254904,10.35449481010437,758581005,20.59589147567749,620128478,13.032738447189331,759410165,20.58249020576477,758578259,20.580743074417114,757529432,20.608699560165405,517275898,10.36959433555603,620428588,13.035474061965942,757842603,20.60694670677185,758866465,20.576911687850952,623319388,13.157207489013672,515612511,10.334880828857422,516766255,10.349563598632812,515852317,10.326802492141724,752715298,20.61067533493042,514651270,10.308817386627197,464107271,8.96825909614563,613491899,13.003640174865723,758618846,20.608504056930542,22.533285449066614,22.56717556592943,22.308050018697003,22.675050140438408,22.686921375437812,22.328706959831763,22.63771255959443,22.738271579658907,22.844983460155827,22.627434672040742,22.798275546905835,22.6996721654659,22.81545029214913,22.73685731852626,22.950195917193973,22.871435821884596,22.600643509667165,22.91903698423229,22.98976354736585,22.600777218779164,0.9120798349380493
8,0.38605546951293945,526946161,10.331909656524658,527854911,10.36208701133728,771432168,20.606201171875,630988130,13.064872026443481,771918251,20.586482286453247,631016024,13.063665390014648,769691389,20.59535813331604,462185523,8.638420820236206,771701149,20.6028573513031,770214215,20.598469972610474,631536103,13.078103303909302,632567045,13.143266439437866,527354607,10.346369981765747,527611931,10.346431255340576,526811151,10.339866161346436,625303453,13.028896808624268,525098265,10.310886144638062,527046807,10.348303318023682,764750972,20.61151146888733,770880533,20.598846673965454,25.569836171152563,25.991153924767715,25.705189782658156,26.011757699851973,25.90934703342994,25.78868976640137,26.101296628130534,26.239042858147464,26.19991170556114,26.026706574723573,26.237548653217857,26.1567436050242,26.045290462712725,26.095442436693535,26.2773208726212,26.17461972344348,25.962211630006777,26.320392947771396,26.313024650099717,25.992989392572284,0.9240196019411087
9,0.41948676109313965,550130794,10.340564489364624,469586139,8.413499593734741,781235732,20.586864948272705,782016186,20.571104764938354,782149426,20.571541786193848,621436824,12.099602937698364,620191406,12.093918800354004,468393882,8.382720232009888,781662062,20.577749729156494,620003295,12.07724666595459,781816480,20.577101230621338,781144118,20.60718870162964,549789486,10.344551086425781,549972103,10.33756399154663,548344604,10.325086116790771,776397609,20.623981714248657,547004642,10.30985951423645,468101097,8.385875701904297,775210723,20.6123526096344,781086867,20.59428644180298,29.072555078467232,29.511340441243885,29.15605548980238,29.538932526237133,29.009619979606214,29.07186679055837,29.69764620066671,29.65673756269644,29.518233431531296,29.3686494013434,29.53925889492447,29.479492346114675,29.641822896769565,29.531857502590405,29.80885519116022,29.674282764694055,29.33545755165415,29.772945207866613,29.78470317550992,29.475381353228432,0.932983186841011
10,0.40990543365478516,468919392,8.159755229949951,557837500,10.340760707855225,781162306,20.596802949905396,781433974,20.57060694694519,781593153,20.56661033630371,781033523,20.584287405014038,779743182,20.6029691696167,557871435,10.332584142684937,781202957,20.579350471496582,780874404,20.634685277938843,781101150,20.56823205947876,780882461,20.61366891860962,558119115,10.344580173492432,558087194,10.335374355316162,555828594,10.31766128540039,776211270,20.619808673858643,554591414,10.305586814880371,557807898,10.344184637069702,775247405,20.615296363830566,780936477,20.603617191314697,32.7967848996165,33.16938251139198,32.612866869215104,33.20034351697281,32.87549960818752,32.65796002363128,33.224672318841236,33.370983097766604,33.179535238493365,32.99591083499952,33.09203515759486,33.10264634591188,33.18395026514379,33.04562801474005,33.40060041236986,33.29136648811682,32.93425545522907,33.37107996562073,33.41447768461842,33.10380498336401,0.9407913148403168
11,0.42502260208129883,559981721,10.341146230697632,456977529,7.900589942932129,784228034,20.600708484649658,784731390,20.571449995040894,784832646,20.572240352630615,617343634,11.734688758850098,783066965,20.609702110290527,453231017,7.836299419403076,784279304,20.573665380477905,783638863,20.619743585586548,784527288,20.57200026512146,618441898,11.775843381881714,452804138,7.826444387435913,559470370,10.331561088562012,558353001,10.320748329162598,612439716,11.702516317367554,447239151,7.821181535720825,455332697,7.869314908981323,777246728,20.611459970474243,783926155,20.604148864746094,36.308694913142745,36.79198703011476,36.09297742023435,36.88701773148651,36.79279444132291,36.25623111009409,36.91892793712659,36.82664219161339,36.79395473986637,36.76539460261913,36.806779600263155,36.77355728981438,36.74791744178495,36.691378156645115,36.956737520657356,36.82691631937482,36.51562601481503,37.02780088635737,37.0916796567842,36.63307597352376,0.9467086791992188
12,0.42636871337890625,585220365,10.335959911346436,474223334,7.791335105895996,803754778,20.62294030189514,803832842,20.579904556274414,803724993,20.561475038528442,803572283,20.601057052612305,801005274,20.611324071884155,584674529,10.32588791847229,803651812,20.59649419784546,620256896,11.108605861663818,803690996,20.58213782310486,803090290,20.636409997940063,472052503,7.742347002029419,585673062,10.342861413955688,470041399,7.757842302322388,796104652,20.629976511001587,583565278,10.307514667510986,585973415,10.358886241912842,795302957,20.637959718704224,621734797,11.129140853881836,39.84803255725929,40.38702750370226,39.90914437230172,40.38622852193668,40.36009319658198,40.04909432215632,40.533904102800726,40.493864299859034,40.55005158463855,40.36782004837444,40.5094117986764,40.509317432791526,40.65613565366867,40.42855997446792,40.598590685005036,40.599957753657854,40.149931984335744,40.75487491238186,40.72568876623003,40.5089428829173,0.9517857164144516
13,0.4102895259857178,470248735,7.545071601867676,591341626,10.343692064285278,809534732,20.58854651451111,810096437,20.57277512550354,810202333,20.570369958877563,809349735,20.571818590164185,808861516,20.59986448287964,470725662,7.550297021865845,809312992,20.56378984451294,626145125,11.135528802871704,809697634,20.567522764205933,809545352,20.604058504104614,590880811,10.331449508666992,469375080,7.5353453159332275,590285110,10.315685749053955,804884597,20.628150701522827,464181856,7.535885810852051,590757826,10.33811902999878,803823748,20.623225450515747,809560733,20.59637141227722,43.76571347730339,44.24869488753366,43.65021764077792,44.221064303370284,44.250284092583094,43.914628513675225,44.35363108044026,44.37707059916592,44.35240090479028,44.34257267228377,44.42198867773174,44.31855412254258,44.51234025959108,44.28255551803783,44.483490019493146,44.411387975749356,43.91674501906328,44.40043510173414,44.7161813991133,44.430699719002625,0.9558473318815232
14,0.4042351245880127,617207343,10.340081930160522,616914498,10.342494487762451,818712260,20.589136362075806,626785383,10.553457975387573,627489360,10.570093631744385,818331218,20.561506509780884,817110274,20.59234595298767,480729909,7.396018743515015,818710978,20.562828063964844,817596112,20.595683336257935,819321633,20.560441970825195,818098492,20.602408409118652,616826546,10.338028907775879,616069468,10.321987628936768,614893323,10.313749313354492,622185358,10.536138772964478,477167052,7.423750877380371,616630745,10.34328818321228,810709716,20.604403018951416,628813698,10.592283248901367,48.443964784268786,48.87915857027474,48.21189798453778,48.92348981943823,49.14352304070405,48.55186278413993,48.85248505608772,48.9598189890716,48.95190716800045,48.911969505487185,49.08921507177234,48.910208063543585,49.05564673294446,48.73966110806522,49.04274440210775,49.01304085699334,48.62168691846026,49.18364334060993,49.373154661424955,48.99176932318194,0.9597338914871216
15,0.409562349319458,627219952,10.334447145462036,626262557,10.341704845428467,831056039,20.59218716621399,831843940,20.569499254226685,831910163,20.5679988861084,830999643,20.57327127456665,628876991,10.364989757537842,626834638,10.330141544342041,831250680,20.565619945526123,829747448,20.589666604995728,629381568,10.360865116119385,632353423,10.438125610351562,486789342,7.307251214981079,626922895,10.320379972457886,483522261,7.312808513641357,625623948,10.373018264770508,481173329,7.299894094467163,625273546,10.333393573760986,624728381,10.371129989624023,630097142,10.383140802383423,53.45366958745635,54.01354514217798,53.32659794381179,53.8998549866714,53.70950200596458,53.44476773685934,53.92338744862486,53.815563752787895,53.79366399422368,53.70034488933828,53.88148635227924,53.826573879615275,53.832855896656675,53.756441853665855,53.91434176818018,53.85041892081337,53.41746534302029,54.01760738958322,54.21174446993381,54.03893537188886,0.9629901826381684
16,0.41611814498901367,634568505,10.327762603759766,633336818,10.339300155639648,638083876,10.381086111068726,635781637,10.327829360961914,842440653,20.566304206848145,636490619,10.338050127029419,839188098,20.598899602890015,633797267,10.32338833808899,841638836,20.56265163421631,636726397,10.361624002456665,842125469,20.573568105697632,840394883,20.604233980178833,484281170,7.127104759216309,486751012,7.17354941368103,634784935,10.311386346817017,629782385,10.28192949295044,477039734,7.100221395492554,632221098,10.33177900314331,630888155,10.3699209690094,638370620,10.392133235931396,58.407244964299295,58.931092901846824,58.33954253164227,58.903334510611906,58.860347127277755,58.56662714296026,58.9880444205861,58.749456015625654,58.808855617432044,58.659559278730605,58.74166159635909,58.70074492156787,58.77726374206886,58.57842460165974,58.85365160339848,58.807756755425544,58.59338857895144,58.97778122216661,59.24257097490248,59.03186941996866,0.9663515329360962
17,0.3999907970428467,653095313,10.333142280578613,651506511,10.337884426116943,655890899,10.345308303833008,646066828,10.048164367675781,646944938,10.066610336303711,655741486,10.333259105682373,654576327,10.352712154388428,652101175,10.319302797317505,655878875,10.330147743225098,647119926,10.074373006820679,656389922,10.340739488601685,655992095,10.372573375701904,652114602,10.338388681411743,506347886,7.204076290130615,500604432,7.186849594116211,650792158,10.37548279762268,496390819,7.152374505996704,650783185,10.341438055038452,649719406,10.373669147491455,655594452,10.345864534378052,63.30816024955016,63.90070293824864,63.376106535187645,64.14069820970342,63.65068496579143,63.57481482928438,63.697228693274305,63.6565532852476,63.77588620307815,63.59212088817104,63.7120755834945,63.72830572568924,63.73983605546498,63.572922278750696,63.72555602340119,63.7742126622745,63.563323892012114,63.96954613533274,64.2820530104889,63.993649586712,0.9689425677061081
18,0.41335558891296387,504187247,7.072299242019653,660157368,10.341310977935791,664462227,10.347001075744629,657927698,10.135420322418213,659665365,10.171636581420898,664493355,10.33855390548706,655896636,10.106568574905396,660908465,10.322873592376709,665072455,10.341855764389038,663973093,10.363160133361816,665641363,10.346058130264282,664206613,10.36177659034729,660643023,10.338015794754028,661671096,10.317922115325928,503151667,7.118107557296753,648164234,10.026060581207275,499139469,7.0884552001953125,658965049,10.334909915924072,657665309,10.37155294418335,657768091,10.135215997695923,68.47557421356053,69.02149046673249,68.2534787879037,69.08591891374965,69.03703999065065,68.68450263691838,69.05563302338493,68.78907987513482,68.94111800964734,68.75863211658299,68.80014340803633,68.91129960761577,68.98684831261245,68.76827479326278,68.90434959500271,68.9359132190964,,69.2211219779225,69.47509159453324,69.15653683197093,0.9708683431148529
19,0.4121558666229248,664024851,10.333470582962036,662189833,10.340760231018066,666902467,10.338345766067505,668270690,10.33186936378479,668038024,10.323752403259277,656025237,9.936815977096558,654998629,9.927779197692871,502850519,6.941454172134399,655667206,9.928414583206177,654939180,9.91871690750122,655497163,9.928237438201904,666585878,10.354410171508789,662769116,10.336708307266235,506488144,7.003409147262573,667726990,10.309974193572998,660781694,10.378107070922852,498922917,6.982477188110352,661105852,10.339297533035278,659318503,10.375287055969238,666677737,10.341078042984009,73.41534883485818,74.07689293283718,73.26448133103621,73.84735470518974,73.91208994227017,73.70196452535072,74.27928548147553,73.59913144736937,73.89562207644252,73.45553058560708,73.73131019985559,73.81669801154635,73.92896883680997,73.5824168959634,73.67778228737495,73.68907889603267,73.70526899559349,74.22309940317297,74.31916845037007,74.04858446126333,0.9720238000154495
20,0.39918994903564453,519816601,6.946439504623413,678464022,10.342708110809326,684921648,10.351632118225098,667032472,9.669756174087524,685942031,10.327376127243042,685106888,10.3357675075531,682327233,10.34252643585205,679715484,10.318532705307007,669257930,9.703397035598755,667522339,9.675086736679077,668439695,9.692846775054932,683913349,10.358430624008179,520901133,6.95534873008728,520442455,6.959523916244507,513601164,6.921386480331421,676957191,10.376423358917236,685133561,10.280001401901245,677134070,10.334716081619263,675686930,10.374925136566162,669174251,9.705115795135498,78.63257103502775,79.21367896790193,78.37556537259026,79.18892844911244,79.30343397634924,78.85194679474334,79.24718005716797,78.70210403646196,79.02356161419675,78.72922009717885,79.02324523749056,79.0101370743858,79.08456458722132,78.80712997916802,78.83497169996511,79.10001366359384,78.92991887625877,79.29137248042232,79.6730878401639,79.2356078774274,0.9739495724439621
21,0.4218320846557617,686647534,10.326442241668701,521358285,6.851539611816406,674150618,9.704253911972046,690898194,10.325786590576172,673380112,9.694213628768921,690350893,10.333808183670044,688625679,10.354198932647705,685664871,10.31453275680542,690583132,10.326168775558472,689574102,10.370940923690796,674416914,9.711005926132202,689955692,10.365787982940674,518530655,6.8095221519470215,687071483,10.31856369972229,690428896,10.30724549293518,683374593,10.396718502044678,689753056,10.277620553970337,683507528,10.35019326210022,681491054,10.388113260269165,689963688,10.346901178359985,84.09672107860068,84.54015304800687,83.9194613620424,84.80218472941543,84.75025868442796,84.39883600247708,84.61958163642068,83.95413219502414,84.54552593941405,84.02157807092826,84.22033093154968,84.47238365190903,84.5416750241587,84.13738422157384,84.14654156073878,84.50314202341855,84.55717741123175,84.78383277746724,85.06099660537464,84.67444088739961,0.9750700175762177
22,0.41988062858581543,716278928,10.32697868347168,713525090,10.340389728546143,720134753,10.356079339981079,720777269,10.339861392974854,697504806,9.505191326141357,720536120,10.35545825958252,718707449,10.35985517501831,542415786,6.798109769821167,720766405,10.346084594726562,697786361,9.52055835723877,720854967,10.345266342163086,699258342,9.551340103149414,714739259,10.337566614151001,716768490,10.322307586669922,541582232,6.850910663604736,687205089,9.405281782150269,719303945,10.28005599975586,712429145,10.344284534454346,710706066,10.389329671859741,719458974,10.350724458694458,89.29621995691288,89.97488496328988,89.33905604105166,89.76993714429953,89.89780263542727,89.22602233136608,89.9533792044696,89.04740791135079,89.75865623891589,89.23569402230477,89.45640227930836,89.7741200568783,89.88328931937487,89.32936927948408,89.34718133064283,89.59892641529238,89.3581721029741,90.22045625934554,90.46899115380076,89.92195546811202,0.976050415635109
23,0.40901851654052734,550056148,6.776320219039917,723874855,10.343315839767456,730332115,10.3610258102417,708318621,9.516510486602783,730714805,10.326397180557251,709351456,9.530665159225464,728210600,10.35906171798706,547422488,6.7392578125,730599204,10.333964824676514,729318140,10.376206874847412,709307754,9.53345537185669,729714501,10.370910882949829,724246681,10.330547332763672,550500056,6.787603378295898,730255638,10.308715581893921,698774334,9.436637163162231,539947836,6.736099004745483,722615948,10.340638637542725,721690169,10.39596939086914,730120995,10.36845850944519,94.89673854040262,95.44049070149543,94.6973497695002,95.43503264776216,95.5921603662051,95.08920489824142,95.53507633052476,94.78495533367416,95.08998198380246,94.69582420729866,94.87547046865518,95.33523298329433,94.96252573948892,94.89846661268979,94.62276270446827,95.078400608451,95.03040525879123,95.34367423312649,95.94607948090359,95.42583604007953,0.9772408932447434
24,0.4187507629394531,749014989,10.327791929244995,566507949,6.759229421615601,753429407,10.346360921859741,727707548,9.42819595336914,754172202,10.330681800842285,729324122,9.449070453643799,751371917,10.36121416091919,748244240,10.33148717880249,753751855,10.333571910858154,727314056,9.420038223266602,754146079,10.33583402633667,752766384,10.361553430557251,566554763,6.759841203689575,749693515,10.32231593132019,559674104,6.7339818477630615,716892574,9.353479146957397,555035200,6.702471494674683,744372057,10.348694324493408,715798582,9.366550922393799,753074427,10.349388837814331,100.70594802549161,101.17758276383687,100.39243015131916,101.2270324792563,101.07278818810877,100.88883098138437,101.10289372845953,100.27784861921792,100.42935395192075,100.25205576639415,100.43772806822892,100.90288242502294,100.9334932630073,100.50094087454318,100.36596899295932,100.66154231333786,100.64961538647549,101.17573628037391,101.63721145014667,101.05617509520945,0.977485990524292
25,0.41837024688720703,591852000,6.7448859214782715,592648263,6.7523579597473145,786852844,10.340828895568848,788016781,10.335910081863403,788148495,10.340296506881714,757557692,9.293849468231201,755845233,9.271922826766968,780528336,10.324260234832764,757727674,9.302699089050293,784706731,10.347972869873047,758222424,9.315376043319702,759344370,9.331645727157593,590477675,6.722691535949707,592461740,6.757022380828857,787281615,10.308952331542969,775192779,10.387609004974365,578764814,6.677592754364014,590317031,6.722837209701538,772681493,10.3777437210083,758683788,9.310257196426392,105.50857235594934,106.40189497562488,105.75006741964091,106.33220461717816,106.26477090459551,106.06766643156293,106.24156435830454,105.29902768041305,105.72601895118044,105.34003078758965,105.21269244102352,106.00052919756057,105.87001275085996,105.49892834562773,105.52664436552166,105.64090533878151,105.7094195300964,106.24383761826176,106.70163453090687,106.12108846337792,0.979096633195877
26,0.41410231590270996,787365782,10.325642108917236,785211857,10.341836929321289,764399593,9.321032762527466,791767871,10.318472862243652,762102542,9.285305500030518,763213439,9.296370506286621,761015142,9.268766164779663,786228334,10.313995122909546,791589038,10.335630893707275,790948109,10.370285987854004,792367783,10.33675217628479,791318287,10.364812135696411,786193239,10.338537693023682,595311647,6.663763523101807,791472095,10.308157444000244,782901133,10.387552976608276,790866627,10.270520687103271,592747017,6.626949787139893,779920732,10.382180452346802,791379932,10.356303453445435,110.4659536237293,111.04643951842246,110.3070663040543,110.94909604855233,110.97702012451045,110.85829208236969,110.67678340219969,109.8320534304357,110.21251391751643,109.85589192264202,109.9477477030015,110.70354476348167,110.48328290133503,109.85617597721256,110.09704191804958,110.20465147298225,110.63207428415855,110.88475055278172,111.65213627992983,110.71947821409493,0.9790966272354126
27,0.4126746654510498,603535076,6.529488563537598,608187591,6.580369472503662,784342047,9.20280909538269,781716932,9.166463613510132,816441391,10.327223062515259,816003343,10.332647562026978,814264517,10.369929790496826,605698462,6.54993200302124,783186898,9.181810855865479,815268176,10.381279945373535,783711190,9.192980527877808,784083931,9.214714765548706,809134159,10.32741665840149,812016049,10.321326494216919,815661425,10.311641693115234,770732769,9.072468280792236,814716725,10.270948648452759,806543650,10.33047890663147,804546341,10.378590106964111,815566454,10.349741458892822,115.45621598041173,116.12797570442515,115.30118781309783,115.97310789521555,115.97740658506727,115.5911955793149,115.90465148126799,114.93196954784143,115.05051776452335,114.91879467562526,115.05086590860834,115.64225454891789,115.45368827940746,114.93617594777506,115.07977785070008,115.05664260417261,115.71622822933973,115.53675769078485,116.59998375914515,115.79485246645044,0.9797969132661819
28,0.41460657119750977,827955766,10.32117486000061,629233496,6.604012727737427,832345952,10.350635766983032,833353152,10.331835269927979,833236026,10.326560020446777,832487126,10.332113265991211,830766245,10.364277839660645,827271137,10.319453239440918,832876102,10.334438800811768,802191489,9.151048421859741,803906328,9.177513599395752,831480354,10.360041856765747,628232034,6.590662240982056,828402055,10.317436218261719,832737126,10.308207511901855,821793489,10.387526750564575,832232184,10.271310329437256,822963165,10.333560228347778,788656245,9.079417705535889,831543099,10.343698024749756,120.03672795797637,120.4872840430345,119.9888585714971,120.61237041863546,120.7159383491288,120.1997107452943,120.24859608863048,119.39135907331834,119.77840349390915,119.21274655918687,119.4898947219696,120.18912491683518,120.2743659532214,119.50688800450611,119.63860864548025,119.53381198265834,120.17297324809336,120.29059983247451,121.06929310287114,120.38792432775378,0.9800420105457306
29,0.4170677661895752,858189027,10.325114727020264,647911427,6.588219881057739,831361763,9.163710117340088,864271470,10.341273546218872,828780410,9.13590693473816,830718577,9.153538703918457,861101860,10.357079267501831,645429684,6.561703443527222,864023179,10.337966918945312,828585586,9.123891592025757,864005845,10.335661888122559,831520393,9.177516460418701,856045599,10.335210084915161,859032225,10.31987738609314,863098315,10.302327632904053,851687822,10.38544487953186,630605075,6.502622127532959,852431960,10.336296081542969,815174793,9.06335997581482,862995594,10.35332989692688,125.33880351488341,125.84682280317108,125.31483397131117,125.97508174087565,126.07966685218821,125.84014460550824,125.78666466439216,124.56224556709905,125.02947157981404,124.402527739893,124.69466776404838,125.78852564465275,125.3389148747661,124.65051212323837,124.88965214882259,124.78397282973816,125.62289438465665,125.7830110406932,126.27520321364739,125.62513594399643,0.9802520930767059
