,sta0_datasz,sta10_datasz,sta2_datasz,sta3_datasz,sta5_datasz,sta4_datasz,sta6_datasz,sta7_datasz,sta8_datasz,sta9_datasz,sta1_datasz,host_consumption_sta8,training_time_sta8,host_consumption_sta4,training_time_sta4,host_consumption_sta6,training_time_sta6,host_consumption_sta5,training_time_sta5,host_consumption_sta7,training_time_sta7,consumption_sta4,consumption_sta8,consumption_sta10,consumption_sta9,consumption_sta2,consumption_sta6,consumption_sta0,consumption_sta1,consumption_sta3,consumption_sta5,consumption_sta7,mean_acc,host_consumption_sta1,training_time_sta1,host_consumption_sta0,training_time_sta0,host_consumption_sta3,training_time_sta3,host_consumption_sta2,training_time_sta2
0,747088320.0,748350720.0,1128383616.0,1047438528.0,1135301568.0,436285440.0,995528640.0,1026684672.0,352361088.0,1102428672.0,684321792.0,184940566.0,4.80214262008667,204327602.0,5.459362030029297,350020772.0,10.35891842842102,406701169.0,12.629090785980225,407160884,12.653973579406738,651.9495083604295,562.9617076563397,632.7782998417337,642.1069461126647,577.7268989545316,512.8719270491454,428.381780243762,368.75707084412454,432.2841550680207,466.07976885924495,419.24379311165876,0.4827251569791274,,,,,,,,
1,,,,,,,,,,,,,,,,452214968.0,10.959723711013794,515738914.0,13.127830743789673,513279692,13.043925762176514,1056.5675037350697,966.1729847377514,1065.8620499249803,1047.916534061938,874.2171674147135,929.242249833457,750.7834035219746,703.9236183195167,710.1227866701595,855.5961529810786,778.8102950382255,0.6293040270155127,434993149.0,10.505702018737793,447438002.0,10.824674129486084,537582120.0,14.167815923690796,,
2,,,,,,,,,,,,,,,,,,563042932.0,13.749396800994873,553597643,13.32332730293274,1352.9957879558972,1351.3466363717423,1501.8872175520396,1459.7663319171727,1285.225984195078,1287.3484724415525,1108.6132704791632,1056.8528974266278,1080.850199208708,1235.3269867541617,1118.1160664413128,0.9196423617276278,408653007.0,8.755588293075562,427034613.0,9.170352220535278,512115327.0,11.706244707107544,461954140.0,10.045611143112183
3,,,,,,,,,,,,,,,,,,467413721.0,13.633437871932983,455822685,13.186133623123169,1627.7149674885002,1757.8557779672317,1914.1052314452616,1858.5111499372833,1726.2787171404198,1578.6217617883506,1437.6063270452978,1313.9527428049405,1456.984401767998,1602.8023025209031,1459.51141545315,0.936752135103399,356962343.0,9.820233821868896,368648104.0,10.157932043075562,464846711.0,13.517592430114746,,
4,,,,,,,,,,,,,,,,455475641.0,11.052598476409912,516281821.0,13.140229940414429,511727206,12.979410409927368,1923.888839345031,2144.7021575460276,2382.455016062121,2337.575602372231,2008.7493245307103,1933.6970417733712,1707.0362435991883,1609.073220459671,1807.8768362743128,1982.1488333225998,1804.8728763092788,0.953740038655021,416058323.0,9.994037866592407,426893133.0,10.274869918823242,528728810.0,13.730234146118164,,
5,,,,,,,,,,,,,,175044107.0,3.679739236831665,425317027.0,10.298359870910645,,,485877235,12.781967878341675,2337.0335469853394,2523.159440692664,2837.288901361888,2765.9844897223584,2288.627666184139,2371.084331637604,2029.502125362303,1909.3278690079258,2157.254854816058,2346.488457970344,2170.4294884364176,0.9626167795874856,410902879.0,9.881423711776733,421754597.0,10.187285900115967,500208375.0,13.452638626098633,,
6,,,,,,,,,,,,,,188724126.0,3.69122052192688,,,,,527507866,13.620616436004639,2860.236758796476,2959.9586207798384,3289.002664409729,3202.855679958856,2701.551888329377,2723.208871284695,2385.625553246118,2229.5046796450656,2546.9812840249615,2663.705003711645,2510.608918159044,0.9684607657519254,401015209.0,8.613438844680786,415042822.0,8.969189882278442,483097518.0,11.481499910354614,437005046.0,9.597472667694092
7,,,,,,,,,,,,,,,,561217191.0,11.20306134223938,620784483.0,13.360309839248657,616844063,13.193128824234009,3261.049399929491,3376.6619566706013,3740.9742300985604,3620.952801022065,3243.1697266102155,3046.3172687349424,2747.8988261482627,2564.119182302632,2961.9958849455134,2993.7591657220974,2837.3736859647197,0.9717392704703591,471797743.0,8.995013236999512,492695760.0,9.402320623397827,587683432.0,12.06671953201294,517635515.0,9.959611654281616
8,,,,,,,,,,,,,,,,641825689.0,20.6224045753479,517069600.0,13.112859010696411,514420681,13.021878957748413,3707.9980185494874,3907.4985971239525,4295.020927385861,4084.1568264002863,3781.8777595325373,3655.2793001395053,3236.058325539706,3023.49061574708,3493.404395475825,3559.199623399034,3267.3036906656453,0.9740037538788535,423464919.0,10.076775074005127,432678580.0,10.326159954071045,527362175.0,13.589941263198853,,
9,,,,,,,,,,,,,,,,,,461279398.0,13.489649057388306,456164604,13.239429950714111,3957.533754382465,4322.132790157222,4683.589120082211,4450.206950421114,4048.1010911071226,3936.99596964045,3549.122107228477,3313.6723436150905,3836.28943417853,3853.991673038845,3587.481694793123,0.9764938842166554,354000009.0,9.814570903778076,364709516.0,10.12919545173645,458472398.0,13.33471941947937,,
10,,,,,,,,,,,,,,195836962.0,3.7772672176361084,481539661.0,10.568762063980103,548714843.0,12.842467546463013,682207543,20.62502121925354,4624.238559908824,4921.576855596062,5274.445023048316,5025.464043670314,4456.412395934244,4501.850882333083,4025.912635581965,3749.9457180665113,4273.177445392774,4407.174472671408,4123.445952590004,0.9779982675205577,460957255.0,10.041374206542969,477565428.0,10.464939594268799,566427566.0,13.724312543869019,,
11,,,,,,,,,,,,,,,,,,562473658.0,13.724910497665405,555554303,13.384825944900513,5030.5981095988955,5347.751313314986,5678.946139215189,5423.153778027428,4828.397474852681,4854.9433738503985,4381.548739716751,4102.242190981709,4631.67740640107,4775.185705753017,4456.25959701153,0.9797603217038241,413906106.0,8.671075582504272,431406855.0,9.088000297546387,512937225.0,11.676648139953613,451727054.0,9.601430654525757
12,,,,,,,,,,,,,,,,557597267.0,11.220940589904785,616120799.0,13.390864849090576,613193682,13.264634132385254,5326.863896262948,5762.791410096492,6103.509383766994,5854.450027831465,5359.9190381301605,5206.749882118047,4778.564572536797,4451.835135362271,5056.6933312545,5158.6512183738205,4808.155940478649,0.9815864942290566,468915304.0,9.018946647644043,489970364.0,9.440367698669434,586184962.0,12.169976949691772,512605316.0,9.91994047164917
13,,,,,,,,,,,,,,,,452838745.0,10.993040084838867,515305748.0,13.096285104751587,513790249,13.045445680618286,5627.946858281532,6175.480250311326,6510.031361420198,6258.073145833584,5838.804334231255,5616.399139482639,5106.9591735141175,4680.429062492788,5424.586966320512,5546.758580371039,5160.815795058611,0.9827455444769426,417157867.0,9.99876594543457,430704158.0,10.335731744766235,525713925.0,13.589045524597168,,
14,,,,,,,,,,,,,,199764503.0,3.837636947631836,487511386.0,10.589959383010864,553492724.0,12.791388750076294,554848494,12.837357759475708,6058.876095280952,6580.740519807676,6937.022986936286,6654.038871463247,6113.678277290885,6057.599010679966,5428.916939483604,4977.425091361086,5772.283966028231,5951.635702790332,5515.21246265052,0.9827457720583136,469442768.0,10.133128643035889,481645983.0,10.429872274398804,573502011.0,13.70439338684082,,
15,,,,,,,,,,,,,,,,,,463372715.0,13.54704475402832,454886897,13.192270755767822,6468.883385161583,6993.758632423308,7277.085387694855,7017.663628167323,6443.7487587526975,6424.07979419238,5695.587961442049,5275.683277767354,6124.191733699149,6329.512183696831,5854.147574259446,0.9837340279058977,353408946.0,9.744615077972412,363375473.0,10.032942771911621,462075904.0,13.494283676147461,,
16,,,,,,,,,,,,,,,,,,463079931.0,13.551210403442383,452187441,13.087908029556274,6755.316236998921,7399.601708030758,7716.551799976464,7334.749797820956,6718.844508375281,6694.452596998594,6005.078791104782,5582.734068949085,6472.077326329,6701.19855038926,6174.756941760074,0.9847620725631714,355422185.0,9.768028259277344,363690597.0,10.020450353622437,457713916.0,13.292580604553223,,
17,,,,,,,,,,,,,,,,,,,,408114556,14.248682737350464,7033.456078130616,7829.424612972267,8132.427221247263,7748.93707613522,6996.7619099647845,6978.673551824904,6328.065643502797,5889.598292808956,6824.778659453311,7019.005927755427,6483.206079034871,0.985243640162728,301775168.0,9.61202359199524,309649720.0,9.882247686386108,383468073.0,12.963330268859863,,
18,,,,,,,,,,,,,,,,564109701.0,11.237138032913208,620278869.0,13.351886510848999,743012014,20.64302921295166,7465.743432860033,8340.876203476328,8752.571919286896,8361.57525246853,7650.622132007626,7405.762300110707,6879.082928365304,6393.343182391936,7414.353244485017,7527.298061351223,6891.998761822801,0.9855862097306685,473736397.0,9.025398254394531,490689845.0,9.382224321365356,588733966.0,12.114607334136963,520713328.0,10.027538299560547
19,,,,,,,,,,,,,,196721298.0,3.8113343715667725,478509334.0,10.506673812866211,549322019.0,12.875659465789795,545279122,12.729856014251709,7931.558404397611,8710.17342519387,9164.127637499527,8737.218762777704,8038.752678453363,7935.148001093844,7198.979748009204,6688.193154712662,7758.879481899177,7947.302150047536,7229.528906798624,0.9854145104234869,461316385.0,10.091341972351074,476476136.0,10.460680723190308,565879288.0,13.644126415252686,,
20,,,,,,,,,,,,,,171232777.0,3.6669740676879883,415535130.0,10.230092525482178,,,477952084,12.790149927139282,8454.415354424364,9105.77125895624,9583.511407571763,9129.588369152134,8324.94306407717,8362.456221463262,7524.376712973959,6998.608453313378,8103.57926966734,8298.256875601055,7595.621772933134,0.9855416362935846,403424565.0,9.87842845916748,413140971.0,10.1599600315094,490585475.0,13.384907722473145,,
21,,,,,,,,,,,,,,,,,,463676181.0,13.548115968704224,452790833,13.075605630874634,8857.224718231804,9506.869938831602,9993.820471593135,9525.413591627039,8594.828627000594,8637.069025918014,7851.554132271354,7306.651990574971,8452.500385461894,8657.62561206761,7927.680538476919,0.9860746643759988,357170350.0,9.817277193069458,366658546.0,10.099039077758789,458797104.0,13.31852912902832,,
22,,,,,,,,,,,,,,,,558119055.0,11.157830715179443,736926580.0,20.67884087562561,614677260,13.228675127029419,9303.364644603156,10109.228927299475,10594.972867669701,10106.671672654174,9124.471441143494,9191.12217121766,8394.377827016404,7817.930010409064,8924.720873686252,9133.283750316918,8435.068036940549,0.9868360649455677,472701244.0,8.997402429580688,488555939.0,9.362708568572998,586287989.0,12.107687711715698,517716693.0,10.013611316680908
23,,,,,,,,,,,,,,,,553783433.0,11.153492450714111,732817582.0,20.63174057006836,610152491,13.15672254562378,9728.005301384414,10728.78369759174,11098.835975301048,10695.850750261065,9890.730917937208,9803.56660414967,8832.516309825323,8268.58392510462,9504.092716292187,9696.484051044923,8945.615390678948,0.9869137785651467,466069303.0,9.004440546035767,486213416.0,9.414132833480835,585062467.0,12.185602903366089,510519384.0,9.931796550750732
24,,,,,,,,,,,,,,172810592.0,3.681295394897461,,,621211178.0,20.621248245239258,487552585,12.814570426940918,10368.205495711296,11220.182746935314,11772.589317871783,11204.34370739998,10407.069236581914,10245.574460745343,9304.202190925193,8717.767541685838,10037.726294551372,10284.023120781847,9386.930807773331,0.9867680668830872,401672739.0,9.88395643234253,409984546.0,10.135689973831177,501248900.0,13.425854444503784,,
25,,,,,,,,,,,,,,,,391018957.0,10.677022457122803,,,570755558,20.604533910751343,10847.831850209857,11826.856583436902,12359.237044705798,11800.493538477009,10742.683014475897,10778.989110888537,9775.313372891786,9079.084717312451,10477.310677149228,10690.392011425249,9884.23483414655,0.9874092557213523,362326220.0,9.798656702041626,372531090.0,10.091724634170532,453288390.0,13.286444187164307,,
26,,,,,,,,,,,,,,,,,,557886877.0,13.725243330001831,548942686,13.343335151672363,11098.601484593373,12195.096948898869,12711.963145008955,12218.326762945666,11135.572546328509,11123.216096355118,10029.598452671511,9369.582417538826,10867.687480381444,10994.732287177427,10201.059398698993,0.9870842099189758,407575495.0,8.671919107437134,427792911.0,9.12056016921997,508240216.0,11.72131633758545,447641921.0,9.62497329711914
27,,,,,,,,,,,,,,,,,,461703713.0,13.575809478759766,453388732,13.21291995048523,11457.23137995125,12711.593200439074,13379.579724535422,12762.895748418927,11696.170515733547,11478.405098954718,10533.904815492326,9830.754260783595,11410.663322081879,11458.629226488769,10613.039577588292,0.9874168851158835,355860173.0,9.846097230911255,363194565.0,10.049666404724121,574267634.0,20.60914373397827,,
28,,,,,,,,,,,,,,192578548.0,3.748384952545166,478875117.0,10.550586938858032,549520200.0,12.94234013557434,548114258,12.891178131103516,12123.182891904611,13314.536508951554,14039.973939881958,13365.025156875829,12103.95393865408,12005.678439362136,11014.626129283875,10270.761613710247,11837.660905950195,12043.505066665153,11155.895211802293,0.987340428612449,459761885.0,10.053398847579956,473269235.0,10.408594369888306,680908657.0,20.654040813446045,,
29,,,,,,,,,,,,,,,,556811258.0,11.194229125976562,614925184.0,13.357433080673218,611946066,13.219901084899902,12552.259695079916,13704.710338517103,14457.854058393796,13750.951646497957,12491.944678840864,12411.653353130374,11371.377974566012,10522.087508169036,12217.165206905447,12417.362080262817,11503.217996121011,0.987754144451835,469681781.0,9.028789043426514,491825951.0,9.467487812042236,585381863.0,12.15178894996643,513854153.0,9.946115732192993
30,,,,,,,,,,,,,,,,450305427.0,10.935694694519043,516519674.0,13.167908668518066,639659129,20.646395683288574,13008.375686025398,14214.966662643725,15045.360251035107,14222.007017597594,13085.907434156257,13037.091805825896,11779.572439522013,11008.226044934403,12759.293763693515,12996.37464812769,12019.653258798324,0.9880684397437356,416579317.0,9.982272148132324,428210940.0,10.27783203125,525570126.0,13.611399173736572,,
31,,,,,,,,,,,,,,171047475.0,3.701956272125244,,,486289100.0,12.99989104270935,481381824,12.810076475143433,13394.409224218969,14609.003917431228,15447.69744012802,14638.825008535163,13349.387993597824,13408.549124409512,12099.22918966869,11301.565589163903,13100.384035732197,13391.599394201876,12378.75487450323,0.987955245104703,395504908.0,9.88309907913208,404282657.0,10.149718523025513,493345234.0,13.346656560897827,,
32,,,,,,,,,,,,,,,,,,,,502004269,14.308355569839478,13777.528241675793,15135.856570047566,15822.729254313093,15052.58229694498,13761.549035375157,13699.177636183678,12471.58484117441,11647.980738150143,13480.51213027188,13698.432256092052,12725.609370086873,0.9881093935533003,359412287.0,8.451404333114624,373450582.0,8.819153308868408,440997467.0,11.264628887176514,396583091.0,9.49656057357788
33,,,,,,,,,,,,,,,,450110847.0,10.921649932861328,514891626.0,13.161202430725098,510293066,13.00327730178833,14071.349640327611,15462.44418064286,16235.647668155294,15483.533366968124,14175.115373055223,14025.4384879711,12818.699342715376,11975.191682544742,13838.029203600641,14020.122533493592,13064.849415099048,0.988144040107727,417027496.0,10.025906801223755,429530089.0,10.342545747756958,523895082.0,13.594184875488281,,
34,,,,,,,,,,,,,,194262259.0,3.774486780166626,482120226.0,10.561871767044067,551601554.0,12.935860633850098,549493405,12.865679740905762,14486.839682389083,15885.096985021151,16681.918080478838,15911.478709872632,14455.298646786487,14454.092561381176,13144.738762566245,12281.459577440448,14186.887718494754,14418.641472323763,13416.062498633435,0.9883688254789873,464675507.0,10.117853164672852,474732732.0,10.377004146575928,567454541.0,13.679323196411133,,
35,,,,,,,,,,,,,,,,557318031.0,11.189138412475586,615332287.0,13.36237621307373,611141441,13.192468881607056,14917.16590163745,16337.784786885279,17142.298705979745,16375.586258816003,14868.334640724657,14870.217167198636,13516.773769492882,12638.887225684799,14565.995426720445,14803.612917130731,13755.719006820545,0.9884889450940219,469537189.0,8.998037815093994,490685573.0,9.430422067642212,583235202.0,12.06547236442566,514683375.0,9.975364923477173
36,,,,,,,,,,,,,,,,563907858.0,11.190492153167725,621111020.0,13.345347166061401,618288701,13.219902992248535,15201.212699399746,16788.213235358853,17591.73228970701,16795.776223179008,15403.419984493368,15286.923988779163,13903.818876523363,12998.32614189153,14989.716237674245,15184.991637352743,14114.155357489075,0.9883213476701216,478030392.0,9.073836088180542,496312512.0,9.448853015899658,591947703.0,12.142518281936646,518989882.0,9.940393686294556
37,,,,,,,,,,,,,,197918256.0,3.7821154594421387,483072983.0,10.516963481903076,553296313.0,12.842703104019165,551055597,12.772207021713257,15606.817141283645,17243.276067913073,18055.54807514583,17222.306210292954,15790.67201502744,15726.645019799313,14243.369929139264,13320.349806179225,15359.359946167066,15588.965873343566,14483.53686096078,0.9884835264899514,467424341.0,10.111327409744263,481433216.0,10.475953340530396,568128795.0,13.534876585006714,,
38,,,,,,,,,,,,,,172169481.0,3.6793081760406494,,,619976867.0,20.609498262405396,489064544,12.841033935546875,16246.087622366602,17888.120583536493,18727.152377827417,17838.928168288592,16204.757028428414,16177.448809169884,14723.035907326841,13775.577907535946,15884.12061193607,16097.78565402281,14927.399340979762,0.9887173988602378,400796703.0,9.868910789489746,410777086.0,10.178213596343994,501363951.0,13.371521472930908,,
39,,,,,,,,,,,,,,,,555197981.0,11.14816927909851,734573803.0,20.62948250770569,611342063,13.198440313339233,16819.622647694814,18457.760176063784,19321.59301295203,18436.554792762585,16797.780569709485,16712.664147438543,15267.183290236073,14245.657970874592,16379.41790280318,16662.21495616974,15459.026015044095,0.9886617823080583,470292742.0,9.030778646469116,490152615.0,9.435876846313477,584754850.0,12.146225214004517,511591952.0,9.919448614120483
40,,,,,,,,,,,,,,,,449569955.0,10.89730715751648,514015652.0,13.08574914932251,638787549,20.62034797668457,17248.262133421806,18932.384144925225,19875.61351620962,18923.057074649572,17380.529941320652,17329.53974806619,15662.676596693815,14614.537995951234,16906.229616273835,17236.747121003384,15959.837772805038,0.9888837500052019,416325473.0,9.974747657775879,428270266.0,10.279013872146606,638905591.0,20.614290952682495,,
41,,,,,,,,,,,,,,167776670.0,3.6519205570220947,,,489407438.0,12.988601207733154,617359565,20.613104343414307,17754.732236482898,19551.464529532226,20518.013268567694,19517.550408272557,17788.238445932053,17750.59878499518,16142.919142137462,15057.680116643634,17430.66654820967,17712.604223077262,16400.736885724753,0.9891329136761752,396569419.0,9.864529848098755,411357650.0,10.331852912902832,498751104.0,13.426542043685913,,
42,,,,,,,,,,,,,,195264698.0,3.8038105964660645,475086248.0,10.48060393333435,680403166.0,20.62607979774475,544926889,12.833975315093994,18560.996947263448,20148.38979309772,21077.116092618242,20092.952675216522,18195.493895712898,18298.02706354695,16622.51481521779,15498.387089361875,17897.361546027234,18286.633225198035,16916.473723570296,0.9889556169509888,459751020.0,10.097123146057129,476055117.0,10.51256513595581,562761621.0,13.680114030838013,,
43,,,,,,,,,,,,,,,,553844591.0,11.095151424407959,615285534.0,13.347458124160767,613341997,13.25834059715271,18938.51778317586,20543.85147514738,21480.636434191783,20491.693997388025,18697.481821173187,18717.708663953206,16981.45010177376,15829.293878642704,18276.64063647277,18669.06664737475,17248.60668196187,0.9886004870588129,470344865.0,9.016743659973145,490798243.0,9.433280944824219,584170075.0,12.06663203239441,514113552.0,9.939193487167358
44,,,,,,,,,,,,,,,,,,560752959.0,13.698110818862915,553882249,13.3909752368927,19286.968435246265,20928.422090805074,21898.593271024307,20901.037953505052,19101.345518436472,19065.42317772884,17350.93433390333,16172.992980180452,18672.731457951664,19044.45461791599,17590.19169634566,0.9889263131401755,408859488.0,8.690386295318604,425019420.0,9.063321352005005,509985816.0,11.665178298950195,451616581.0,9.730738878250122
45,,,,,,,,,,,,,,,,454435910.0,10.93164348602295,519024673.0,13.139400243759155,642834292,20.633182525634766,19773.788264780684,21542.684727285516,22429.230057599358,21488.986633577297,19698.634137231405,19612.486543029754,17758.342548602774,16570.288538408025,19220.012667755454,19614.296469968252,18102.86729071928,0.988966930996288,419528589.0,9.958275556564331,430241880.0,10.246673583984375,529648974.0,13.650246858596802,,
46,,,,,,,,,,,,,,,,455644219.0,10.956826210021973,519384046.0,13.149917364120483,515921836,13.021326780319214,20048.757261715193,21846.90580753577,22861.036150329113,21825.662999338656,19961.222081572763,20028.111450925375,18077.231911096504,16854.85479381735,19568.08723906216,19997.793356635353,18441.974879041496,0.9890060316432606,419258204.0,10.001432657241821,431417414.0,10.304492473602295,528829822.0,13.621761322021484,,
47,,,,,,,,,,,,,,,,,,,,507786419,20.57813596725464,20381.078820182105,22535.534515638457,23477.89431459392,22446.433845845117,20308.985257603665,20423.388409038067,18559.024693495812,17297.376578161562,20003.35326659078,20381.270106786713,18837.803906585927,0.9890484755689447,301143639.0,9.641696691513062,319040016.0,10.334991216659546,384925101.0,13.12356686592102,,
48,,,,,,,,,,,,,,212929509.0,3.791851758956909,,,592001597.0,13.276006698608398,586694055,13.075738191604614,20754.902703684314,22924.895568875883,23939.442247214,22861.887670013508,20671.796523464684,20704.66093007467,18919.352759652822,17633.83421853896,20370.55716251003,20706.573787551722,19183.338070432896,0.9892437674782493,455266291.0,8.834739685058594,473579049.0,9.246314287185669,556909890.0,11.874967098236084,495608045.0,9.805326461791992
49,,,,,,,,,,,,,,245338971.0,4.031847953796387,587400290.0,10.848974466323853,654009312.0,13.191706418991089,651435344,13.07637882232666,21525.23147294433,23496.20302747207,24562.066006677782,23448.32372552096,21401.29041985158,21279.01670362051,19438.13017551214,18136.847225993362,20953.119346809992,21283.788210285573,19718.79995458581,0.9887820265509866,518964797.0,9.200080871582031,534775975.0,9.532447814941406,782306285.0,20.64902138710022,571393739.0,10.41558313369751
50,,,,,,,,,,,,,,,,639464733.0,20.602915048599243,513240751.0,13.046119689941406,510293677,12.93575644493103,22074.47745163469,23991.694945954765,25094.616344681424,23941.93698490936,21941.57081043298,21911.058485073143,19869.92830883917,18517.265718925675,21465.36955428499,21851.673850906544,20235.344944508903,0.9889387325807051,421218221.0,10.058622121810913,429433654.0,10.266363859176636,525678830.0,13.66486930847168,,
51,,,,,,,,,,,,,,,,,,461399820.0,13.529476642608643,452716675,13.19176959991455,22371.558146258914,24414.666247789566,25515.38684263145,24333.284817686894,22212.26306867941,22266.424749797257,20186.479067903183,18807.457420396,21808.506255028788,22220.692924412633,20591.089123386868,0.9886952042579651,355089362.0,9.837771654129028,363452439.0,10.066407680511475,459176436.0,13.44411301612854,,
52,,,,,,,,,,,,,,,,,,555017256.0,13.630754709243774,549035093,13.369530200958252,22652.461503456096,24844.81454374687,25928.614460924095,24758.363197243616,22625.83301060196,22518.18391604115,20556.93434445745,19140.624901435684,22176.27318626663,22585.916647380756,20854.43881120036,0.9890265302224592,406396054.0,8.650203466415405,427976016.0,9.144395351409912,505896715.0,11.61478328704834,447433242.0,9.63713526725769
53,,,,,,,,,,,,,,,,449687875.0,10.918245792388916,513209624.0,13.091712474822998,510221961,12.98991060256958,23019.143926454235,25275.685377987473,26352.218367381232,25152.070354630807,23024.777334462182,22989.502796400382,20905.060125218086,19464.18757486502,22534.205390454386,22991.02187930035,21187.115325579372,0.9891116402365945,419045925.0,10.05768871307373,427619755.0,10.29384469985962,522180487.0,13.514781475067139,,
54,,,,,,,,,,,,,,,,389722086.0,10.633979320526123,,,447125931,12.986113548278809,23300.233919825012,25700.737527940353,26767.07487510112,25554.705991098235,23289.651376039812,23303.54657496644,21232.34483665313,19771.679164176305,22884.54243620511,23283.54851044159,21511.691675715076,0.9888682853091847,363509018.0,9.82173228263855,370961148.0,10.03202223777771,454447018.0,13.309085369110107,,
55,,,,,,,,,,,,,,242688283.0,3.98742938041687,592675424.0,10.890329599380493,658566674.0,13.282471179962158,654846651,13.126495361328125,23815.452524347245,26128.827701928374,27182.042301608,25962.870096528135,23767.066355020826,23727.935336244704,21602.95373020507,20112.800940678037,23268.235046475016,23729.75998220292,21869.61268500665,0.9892687472430143,520749034.0,9.195313692092896,539998374.0,9.586163759231567,631014376.0,12.180415630340576,568375254.0,10.23088002204895
56,,,,,,,,,,,,,,,,450920232.0,10.93527340888977,514239712.0,13.156960248947144,511027561,13.037496089935303,24137.42458331572,26528.02407970135,27611.755132995997,26360.349723000916,24163.305707847354,24140.588439787785,21944.49671067408,20438.537659242233,23635.213055678716,24020.12898403965,22220.054216597116,0.9892895546826449,418248563.0,10.04327392578125,431332026.0,10.374320268630981,520582896.0,13.478510856628418,,
57,,,,,,,,,,,,,,,,,,463451389.0,13.576012372970581,455838616,13.262074708938599,24500.68527031628,26912.96374952783,28043.30727983966,26759.300966460603,24510.605622431798,24524.745243423564,22262.74969428762,20737.650123799733,23897.867250767475,24392.29427601251,22563.014440037154,0.9889986135742881,355765020.0,9.844360589981079,365000713.0,10.137514352798462,458962204.0,13.37374210357666,,
58,,,,,,,,,,,,,,,,,,574759576.0,20.61064386367798,452646730,13.16663408279419,24985.876689100216,27395.3024035898,28542.0920297777,27244.261941927914,24929.78092206035,24944.45210467707,22659.794078083334,21103.285304397938,24424.443610742142,24945.422698433973,23066.63872392753,0.9893523725596342,354091134.0,9.802807807922363,371205287.0,10.356977701187134,458709702.0,13.391178131103516,,
59,,,,,,,,,,,,,,,,,,,,499491886,14.318640232086182,25229.348758386142,27918.059565858173,28986.508952115844,27754.001956804455,25327.757486376784,25222.065354097613,23018.179498599966,21435.175778749086,24809.199255417316,25258.459324493397,23383.391610302893,0.9894714788957075,359169125.0,8.468523025512695,372291467.0,8.814794778823853,438356910.0,11.267348527908325,392880708.0,9.428005933761597
60,,,,,,,,,,,,,,196868088.0,3.790928363800049,478453732.0,10.503735065460205,682152856.0,20.643504858016968,548464234,12.822046756744385,25899.46026839901,28392.56834695196,29630.886729568283,28284.114296743915,25873.70435055075,25773.765158777587,23518.426680621724,21918.194079863068,25344.405456045664,25784.521484918918,23815.868099620693,0.9890122522007335,461182901.0,10.059664487838745,474803472.0,10.406309604644775,567116469.0,13.679643392562866,,
61,,,,,,,,,,,,,,,,446868424.0,10.87898588180542,509066690.0,13.056990623474121,509330666,13.06584095954895,26324.24410231747,28817.224051596597,30028.57019203366,28686.81489637394,26140.154154654385,26105.047701791118,23839.730825888306,22218.489035780356,25692.825018707175,26162.41584863106,24151.192505972867,0.9891710172999989,415334691.0,10.028334617614746,425783089.0,10.299787044525146,521300118.0,13.624679565429688,,
62,,,,,,,,,,,,,,,,557512550.0,11.084559917449951,617993596.0,13.3396737575531,615803050,13.252651929855347,26687.06617168375,29239.074131759688,30424.487722792102,29099.218198431063,26539.4916490859,26625.098603700368,24199.779827784398,22577.7550872108,26087.96676229308,26548.950231013943,24491.236418031207,0.989152583208951,469349385.0,8.975688457489014,490325833.0,9.404459953308105,587235069.0,12.118786573410034,518602798.0,10.022518396377563
63,,,,,,,,,,,,,,,,,,554799300.0,13.670560121536255,546677556,13.30928111076355,27052.441017320423,29638.414490110306,30837.527211725355,29497.650908514264,27064.578824913868,26908.483214823595,24572.630886406132,22962.071548327585,26492.878058117596,26923.250915558285,24828.47851647333,0.9891447099772367,408578605.0,8.704897403717041,426330634.0,9.131832599639893,505780688.0,11.650773763656616,448377026.0,9.687361001968384
64,,,,,,,,,,,,,,,,451842959.0,10.96885085105896,514096157.0,13.14243745803833,512047517,13.060260534286499,27421.65189036478,30032.62869254048,31228.872293206437,29891.616771362682,27484.34085600255,27258.69711216276,24914.80256141264,23293.803178607548,26851.812760448174,27309.00001897775,25164.109011558303,0.9891273867000233,417803251.0,10.030059814453125,428144717.0,10.305198669433594,523830934.0,13.625178813934326,,
65,,,,,,,,,,,,,,,,451742496.0,10.942718267440796,514142177.0,13.091383457183838,512805877,13.03498387336731,27690.588946176456,30407.340141447665,31631.13824763585,30290.251594895533,27751.79748988636,27651.576296646625,25231.08420251549,23603.635759924786,27202.71470549634,27603.631321623623,25500.109273432216,0.9891308654438365,416231722.0,9.981346845626831,429032715.0,10.299745082855225,524581848.0,13.62483549118042,,
66,,,,,,,,,,,,,,,,452754274.0,10.932340621948242,516776387.0,13.114383697509766,514909083,13.047752380371094,28062.48867498743,30797.15479505419,32022.221417686975,30680.08175548798,28084.122755752276,28055.242645009268,25556.23815613523,23904.154228000487,27552.553041444447,27980.46088177169,25856.73688069832,0.9891720143231478,418204434.0,9.975801706314087,431044795.0,10.316468000411987,524489625.0,13.488908290863037,,
67,,,,,,,,,,,,,,,,,,465241546.0,13.647153615951538,454266659,13.171698331832886,28420.83632831238,31190.4382937988,32410.19360757212,31086.35005152283,28434.443031355448,28415.82004041197,25876.517624775657,24203.157248596126,27819.245670375196,28358.961553304875,26194.71828794975,0.9892391941764138,356146000.0,9.799211740493774,361140494.0,9.967279434204102,459996504.0,13.395822763442993,,
68,,,,,,,,,,,,,,,,,,462483619.0,13.64096713066101,452462098,13.203445196151733,28772.516150140855,31571.256829594502,32814.54064052014,31475.130133706476,28711.970868207478,28708.761151277202,26190.84808798459,24498.227662786718,28169.165694444655,28729.148143107937,26526.94822991405,0.9891573895107616,355684332.0,9.87100100517273,363296739.0,10.094582796096802,457388661.0,13.395169973373413,,
69,,,,,,,,,,,,,,,,548987425.0,11.12746286392212,609945338.0,13.315157651901245,607394746,13.198904514312744,29218.31470858925,32146.645347624577,33343.269926808825,31963.453342306657,29387.062567775036,29260.479917310942,26640.574491337276,24910.38205897708,28758.31686728199,29287.839823973394,27044.827654312474,0.9893162142146718,463097447.0,8.968462705612183,483121444.0,9.3800208568573,732039019.0,20.63319730758667,510159216.0,9.968802213668823
