,sta0_datasz,sta1_datasz,sta2_datasz,sta4_datasz,sta3_datasz,sta10_datasz,sta5_datasz,sta6_datasz,sta8_datasz,sta9_datasz,sta7_datasz,host_consumption_sta1,training_time_sta1,host_consumption_sta0,training_time_sta0,host_consumption_sta6,training_time_sta6,host_consumption_sta5,training_time_sta5,host_consumption_sta7,training_time_sta7,host_consumption_sta3,training_time_sta3,consumption_sta8,consumption_sta4,consumption_sta10,consumption_sta2,consumption_sta9,consumption_sta7,consumption_sta5,consumption_sta0,consumption_sta3,consumption_sta1,consumption_sta6,mean_acc,host_consumption_sta2,training_time_sta2,host_consumption_sta4,training_time_sta4
0,747441792.0,683362368.0,1127121216.0,436739904.0,1047892992.0,748451712.0,1134796608.0,996387072.0,352007616.0,1101267264.0,1025018304.0,443509668,10.5327889919281,454842219,10.834317922592163,476455506.0,11.440182209014893,535311557.0,13.453433752059937,538301234,13.5634183883667,549368955,14.084429502487183,746.201075220046,816.3508218756942,785.4128039762387,804.9983752128937,749.2754399602452,537.434135485569,563.2129407695336,581.4645664974439,600.8440974323498,556.9496969812669,626.2520470207942,0.5752333494072611,,,,
1,,,,,,,,,,,,413553446,9.906271934509277,429044373,10.305942058563232,456728018.0,11.096299648284912,512865814.0,13.000559568405151,511618625,12.955749750137329,526121456,13.64706039428711,1146.4876245829003,1195.7560255718918,1196.1111496923315,1150.604509845364,1145.3613889986855,894.7217372245253,939.9769469411808,906.6123266399018,953.1017096813753,860.45330037178,1043.84547954052,0.5842427272688259,,,,
2,,,,,,,,,,,,355568914,9.754868268966675,367795690,10.143057823181152,,,577781724.0,20.604857683181763,457608569,13.204550981521606,578019761,20.601027965545654,1752.0777587324933,1621.3634825518766,1805.4993631388518,1571.9066452627687,1768.2910997152023,1408.5804484229661,1510.4414038152022,1314.949109208413,1396.3726133537716,1234.194728253228,1563.4498434032284,0.6053915362466465,,,,
3,,,,,,,,,,,,357430908,9.78147006034851,369341462,10.134704828262329,,,464774018.0,13.418306827545166,459095261,13.214887857437134,583850556,20.651436805725098,2254.029065243389,2018.7238358540317,2334.1698350869237,1977.004334407434,2299.1162755307837,1817.5721655782165,1969.6915635841801,1790.8922868175894,1916.4570384621736,1681.8109846644975,1915.6763277523066,0.6609031006863172,,,,
4,,,,,,,,,,,,535528658,10.378094911575317,491685265,9.40556001663208,742021599.0,20.62520933151245,617039619.0,13.206612348556519,616713937,13.193870067596436,586507226,11.986338138580322,2879.8117798085723,2451.8450918715776,2914.7806732484755,2683.6929944794724,2899.9284222476167,2325.548302878733,2535.689091332924,2338.7505205802745,2395.3238208173193,2178.7210027923056,2447.034939117938,0.7706689705902879,530534286.0,10.25046682357788,,
5,,,,,,,,,,,,464843415,9.9422287940979,482163195,10.406309366226196,493565875.0,10.717687129974365,552746571.0,12.659104347229004,552437978,12.647114038467407,574498407,13.70527720451355,3266.1119155818674,2855.793798794298,3312.3178484110067,3074.766922134019,3300.790519338754,2687.4622677017965,2920.534139938103,2663.993495314438,2754.0594145733417,2507.8522704025236,2873.9176159130257,0.8161707364700057,,,216239436.0,4.12285590171814
6,,,,,,,,,,,,478141537,10.37822675704956,476249696,10.342546224594116,486471533.0,10.595437288284302,550252986.0,12.729416131973267,549891415,12.717515230178833,570959842,13.668999195098877,3679.913247004842,3349.1277044502826,3733.89697084832,3415.6285301311095,3696.683777369953,3063.231921403914,3334.5199788360533,2987.0608766618006,3201.17465194226,2837.7563217212232,3314.100408757532,0.826319853013212,,,197317122.0,3.8029990196228027
7,,,,,,,,,,,,363194749,9.662966012954712,375578262,10.020961999893188,394657437.0,10.664746046066284,,,453151366,13.030081748962402,460976359,13.371725797653198,4072.297275547019,3821.510151654394,4139.622695188425,3700.5355609473704,4121.862946070245,3423.983204430102,3695.34298730836,3307.7225109631504,3469.500358504624,3137.2448650469914,3731.5500415423357,0.7874164080077951,,,,
8,,,,,,,,,,,,305241955,9.251367807388306,316956402,9.634915828704834,,,,,419687585,13.976504564285278,397284383,12.852370262145996,4440.086478488489,4089.311349919181,4542.066931350558,4032.4941637604006,4511.379230771215,3752.415636403104,3979.3859065563393,3532.5573465605303,3822.0437445184793,3384.4822087027787,4076.383543933562,0.7741412601687692,,,,
9,,,,,,,,,,,,364106672,9.579649448394775,390449012,10.342345237731934,,,482587143.0,13.28973388671875,479114313,13.170443534851074,485101419,13.390405893325806,4807.876793340232,4368.402107720054,4980.8995897755685,4314.995227948858,4937.636985110101,4080.184448642845,4301.517950178348,3867.8727669218056,4179.696954917449,3689.649835183559,4357.84256236767,0.8269697238098491,,,,
10,,,,,,,,,,,,416330783,8.794420719146729,428142642,9.077918291091919,,,554389267.0,13.433323621749878,554785322,13.451117277145386,507982648,11.605590105056763,5199.607933123398,4665.307813232706,5356.712727617949,4733.05345324912,5359.057032188876,4407.25277838447,4676.769190387979,4215.804281294622,4587.076913462483,4041.034783533572,4629.012020721801,0.8762364848093553,471770216.0,10.38436484336853,,
11,,,,,,,,,,,,462850744,9.997913122177124,479090143,10.40032148361206,484261943.0,10.543684720993042,547822694.0,12.701323509216309,547011661,12.66751766204834,568705697,13.674480199813843,5619.243452543889,5082.6127378015535,5795.434786785142,5135.379162516016,5703.568544848459,4780.275974565712,5068.573512655491,4561.19955418361,4970.00843660581,4360.513209075877,4993.609749349889,0.9090915809978138,,,200462316.0,3.8456244468688965
12,,,,,,,,,,,,466386929,10.025510787963867,482294542,10.424223899841309,688208810.0,20.60554265975952,550566645.0,12.696817398071289,550957269,12.711490631103516,573004637,13.706454277038574,6139.502004445722,5903.212277511096,6410.777148157199,5562.26059252,6387.375662729627,5241.345308095845,5668.691441033977,5049.628745999197,5501.7100476570795,4824.160168230073,5637.159112808222,0.8912970369512384,,,200495825.0,3.804611921310425
13,,,,,,,,,,,,484133466,10.376927137374878,443354822,9.199493885040283,498018928.0,10.834156513214111,,,549922298,13.214462757110596,675316813,20.61335039138794,6708.65790256714,6381.663539558488,7003.125107186782,6218.944351125513,6975.397050786214,5760.987660314184,6065.725892140369,5607.695222311807,6077.569743864986,5349.983991060099,6157.138657915488,0.9042766310951926,459875348.0,9.599529027938843,,
14,,,,,,,,,,,,415370885,9.928184032440186,637614945,20.571550369262695,637710770.0,20.600489139556885,511440829.0,12.963242530822754,510559301,12.93205189704895,523039677,13.504690647125244,7299.802162174349,6835.626270367364,7544.574665860143,6666.039434946742,7607.503507482536,6266.378328859057,6569.194746035313,6008.736962945642,6521.687775517084,5724.875624963691,6768.93841083878,0.8985169909217141,,,,
15,,,,,,,,,,,,418895167,8.792840242385864,433509388,9.132129669189453,,,556642557.0,13.449284315109253,554719893,13.389403581619263,511055272,11.602030038833618,7711.91503662051,7101.375597731838,7985.818148491685,7070.588195545197,8056.6581529244795,6594.693350476414,6936.578073505498,6350.759453326088,6913.130472866692,6069.766415664824,7109.647098013528,0.9122601747512817,450849859.0,9.577696800231934,,
16,,,,,,,,,,,,416581209,8.808590173721313,430449520,9.13713550567627,,,554691207.0,13.438539743423462,553082996,13.380188226699829,509338174,11.619382858276367,8125.271214631223,7393.667768830413,8438.721698864287,7600.930259269895,8544.442465164422,6923.135560875291,7311.260457261438,6725.647738911205,7326.007735603373,6443.775036912083,7374.864718181004,0.9325107173486189,448135144.0,9.573349237442017,,
17,,,,,,,,,,,,464577607,10.040387153625488,476290712,10.330897808074951,483733259.0,10.538951873779297,547439883.0,12.678207874298096,549109922,12.7294282913208,570161932,13.687602043151855,8553.109221069048,7822.751844738243,8871.70207082369,8010.848205932478,8987.913428767377,7294.050132452041,7721.393291168417,7063.9203492675315,7707.802737622563,6769.860990954782,7739.071402712248,0.926664715463465,,,198155560.0,3.789907932281494
18,,,,,,,,,,,,463533543,9.980125427246094,482968918,10.459351539611816,484871745.0,10.501139402389526,549287412.0,12.71151089668274,548016542,12.668187856674194,570890079,13.698460817337036,8977.250862989818,8378.017711483044,9292.194142433571,8296.93965733752,9423.734343885753,7672.212849511345,8131.813078435142,7387.909443626019,8064.248317364195,7081.228618677783,8178.667779603814,0.9091220552271063,,,200439306.0,3.860304832458496
19,,,,,,,,,,,,415770176,9.952259063720703,429815428,10.320293664932251,637301408.0,20.62213683128357,509852088.0,12.94737458229065,510453710,12.967199802398682,524553161,13.63131308555603,9514.508873097235,8916.385939770147,9939.555433807182,8717.367666486916,9958.259000232973,8115.337757859302,8618.8052657323,7868.080642615929,8596.249346792707,7545.862473290229,8705.72186024786,0.9059736078435724,,,,
20,,,,,,,,,,,,471278701,9.011590719223022,487401828,9.380233764648438,555676495.0,11.122670412063599,610619653.0,13.182302474975586,610619531,13.179455280303955,581251015,11.986124038696289,9937.158189674656,9275.134628886643,10339.438378259058,9114.6046211892,10407.198654778731,8457.112360877105,9005.437475105546,8241.139881272014,8971.785517806615,7896.332974328598,9126.750200888722,0.9288398623466492,514763514.0,9.980501890182495,,
21,,,,,,,,,,,,470262712,9.033640146255493,486470373,9.391861915588379,553494067.0,11.150303840637207,610888573.0,13.264936923980713,609748928,13.204636573791504,579514081,11.98363208770752,10345.338263433641,9576.777249691257,10789.39479245959,9608.41164767566,10809.6920172731,8806.91302181057,9387.58853676269,8614.732098918168,9372.574539313458,8262.819082562597,9542.874510154108,0.9435147805647417,510055518.0,9.927438020706177,,
22,,,,,,,,,,,,410415941,9.876008749008179,427691654,10.334996223449707,632772062.0,20.62314248085022,508671977.0,12.998732089996338,508188397,12.980462789535522,520750803,13.591312885284424,10958.90696527506,10102.445437218104,11447.195111471014,10082.377413176484,11380.487658662594,9330.240762936166,9961.630604114653,9037.92058185138,9848.57922127972,8646.573404055469,10156.524580285099,0.922796525738456,,,,
23,,,,,,,,,,,,415895603,8.817404508590698,430359189,9.14026427268982,,,553542406.0,13.447441339492798,551980154,13.392170190811157,507845685,11.628764152526855,11382.735931811501,10360.884890924886,11789.724585647293,10479.380193609502,11834.844445833503,9650.370048124514,10333.740751247158,9374.43854203901,10229.2240599601,8964.22256695011,10498.9936689196,0.9289745580066334,449772347.0,9.62837553024292,,
24,,,,,,,,,,,,399002885,9.760578632354736,411300522,10.149230003356934,,,490824854.0,12.84104609489441,490199733,12.821314334869385,504624440,13.478837013244629,11831.138756976445,10758.49658744109,12364.02941800219,10874.5677168466,12273.354686443608,10007.447646715,10731.848830699191,9707.139830742595,10603.526688105607,9288.410245680312,10801.528202603624,0.9474367607723583,,,173653608.0,3.687049627304077
25,,,,,,,,,,,,468929281,10.115479469299316,482362596,10.445499420166016,488193819.0,10.603434801101685,550244929.0,12.703224182128906,549697873,12.687093496322632,571229739,13.667037963867188,12280.209023437526,11273.630595123836,12821.829795333866,11159.224389870595,12727.868564811071,10370.949891910355,11130.48929074717,10022.935116915933,10953.089795247071,9595.748964978478,11167.244843827977,0.9233156280084089,,,199465371.0,3.8145065307617188
26,,,,,,,,,,,,472715770,9.05785584449768,490735926,9.40968132019043,556323283.0,11.101150751113892,614167800.0,13.241387367248535,613171648,13.195998907089233,584840971,12.053481101989746,12681.488996882064,11678.909383878039,13291.015049041087,11568.720142084056,13132.315368387133,10718.342498379627,11506.957136560823,10368.28947489362,11358.444208781102,9936.012937429552,11591.631802734548,0.94158766486428,514375942.0,9.92753291130066,,
27,,,,,,,,,,,,472421093,9.028973579406738,488718780,9.376832485198975,556985452.0,11.156388521194458,614371474.0,13.260780334472656,613563615,13.225993156433105,581966162,11.972322463989258,13084.719588291711,11986.427962163669,13729.66064249682,12110.372470278831,13595.960394077261,11064.558748542257,11895.481818786413,10833.349757404949,11789.011812533005,10266.597720958312,12006.023154974875,0.9562451351772655,514803126.0,9.945231676101685,,
28,,,,,,,,,,,,458787094,9.957364797592163,476173585,10.408148527145386,483338729.0,10.60007119178772,546139532.0,12.682422876358032,547603396,12.73028564453125,569861212,13.765928030014038,13470.768037926793,12408.431864436683,14195.051796198586,12558.729633465844,14030.664189815261,11423.500321461957,12306.028583490815,11171.208083276651,12158.55542905395,10587.57199199125,12435.727532530658,0.9537042054263029,,,198337627.0,3.811410665512085
29,,,,,,,,,,,,400883800,9.770153284072876,411660750,10.087727785110474,,,622439508.0,20.627211570739746,487813204,12.686378955841064,504124136,13.43076229095459,13969.786324909399,13166.393545944738,14726.521744798298,13045.702758427995,14558.697386526735,11952.161012114355,12887.856231601465,11599.24682714908,12683.827515053876,11034.87590588713,12935.15604428113,0.9178906895897605,,,173858502.0,3.7078192234039307
30,,,,,,,,,,,,412202375,9.954095602035522,425597605,10.302199602127075,447753614.0,10.937233686447144,507037642.0,12.986092805862427,506731002,12.976540327072144,519794690,13.590965032577515,14380.677207945204,13596.470317721314,15120.281157933336,13315.327692229312,14955.816188516754,12302.41676922092,13249.356045125736,11907.640386678699,13030.189717014402,11329.075944516704,13307.810931442402,0.9222699078646573,,,,
31,,,,,,,,,,,,470556046,8.988199472427368,484369671,9.290697574615479,555865032.0,11.098461389541626,612591388.0,13.177785634994507,610994102,13.114867687225342,584408965,12.02112865447998,14765.352550375932,13890.117881921826,15509.387781132138,13727.292451418534,15375.800143479857,12653.874758581838,13637.718329108991,12265.512072523497,13425.872711582326,11678.994835398305,13747.576120196414,0.9397692680358887,516864033.0,10.00336766242981,,
32,,,,,,,,,,,,354524361,9.778195142745972,373017539,10.337553024291992,,,576118948.0,20.593793392181396,455673699,13.223718404769897,576197011,20.5942280292511,15352.827520350085,14241.746041708178,16134.035768274094,14249.42442326433,15997.793095470905,13099.93196475715,14100.20180842478,12779.706922036481,13880.229169149023,12147.120931836234,14165.279575501505,0.9435653253035112,,,,
33,,,,,,,,,,,,411249862,9.89179539680481,428831788,10.347902536392212,451654789.0,10.95722508430481,510904149.0,12.964463710784912,510041296,12.934476375579834,525542722,13.658393621444702,15733.408633461984,14571.801106350948,16533.32575505811,14516.033006569023,16396.18230276583,13436.513640420517,14479.053500026337,13112.338563375588,14230.5787094995,12444.669126641242,14500.213384709656,0.9125130718404596,,,,
34,,,,,,,,,,,,467947410,8.977116584777832,482277452,9.289206743240356,554716597.0,11.14170241355896,612633746.0,13.212743997573853,611836019,13.178523540496826,579483868,11.960233449935913,16112.077478174162,14884.79101592056,16927.523948417387,14919.920132443296,16797.87806037231,13793.506733286842,14865.48879831282,13470.06254383822,14594.401543945416,12792.371456031133,14922.129190946616,0.9397738142447039,515612938.0,10.018235445022583,,
35,,,,,,,,,,,,400170484,9.741601943969727,412316694,10.090372323989868,,,625004870.0,20.608116626739502,491782127,12.7721688747406,506810043,13.47896695137024,16720.69925080296,15557.86369058812,17457.700836770437,15504.887381665705,17397.16890148918,14323.614123712716,15452.459672385474,13893.874663881927,15137.587978446998,13183.041028002854,15428.534752035817,0.9511366107247092,,,174922160.0,3.7049105167388916
36,,,,,,,,,,,,418635464,9.926475286483765,431928399,10.26061725616455,455483270.0,10.933173418045044,515306543.0,12.99453353881836,514997095,12.983180046081543,528191702,13.591787815093994,17120.654178139375,15955.122865446187,17894.971943885936,15770.224847011317,17726.34736441488,14667.520924183771,15861.641494310814,14218.147310659464,15490.683931935726,13480.469423716067,15755.971613163076,0.9265467687086626,,,,
37,,,,,,,,,,,,422510088,8.801258325576782,437399881,9.145988464355469,493292927.0,10.827033758163452,,,545710761,13.20589280128479,514958215,11.685720920562744,17546.797651145585,16245.566614261737,18319.057599611257,16194.951780592663,18157.450806232293,15012.018513969508,16211.834157539328,14594.18915633026,15888.496373519505,13837.104275042302,16158.906094544289,0.9434103532270952,455509881.0,9.593809366226196,,
38,,,,,,,,,,,,423095535,8.842294692993164,434930405,9.116656303405762,491235376.0,10.814462900161743,,,542331254,13.210842370986938,512424103,11.68541145324707,17891.528641301258,16543.41408774823,18752.851566169033,16742.405535152837,18585.165183904966,15355.494556759331,16508.103028205067,14989.010869229089,16309.043233016124,14228.63561073789,16556.42369497201,0.9606944701888345,453363646.0,9.561424732208252,,
39,,,,,,,,,,,,476961060,10.380692720413208,478843867,10.427235841751099,483205367.0,10.546073913574219,545944281.0,12.7041015625,544331554,12.650408506393433,566493545,13.681825876235962,18347.31865879358,16951.251669118254,19168.095284147865,17159.411794515523,18995.513317411416,15734.171081185197,16854.36428694473,15335.583191351092,16691.71839376992,14556.82114489419,17000.35192858818,0.9715657830238342,,,202140718.0,3.839972972869873
40,,,,,,,,,,,,398676957,9.76894474029541,413014811,10.191710948944092,,,491295129.0,12.872502565383911,487119969,12.716715812683105,505231616,13.524915218353271,18790.81130890337,17500.875433703517,19622.47718064299,17441.31487300503,19370.81124653239,16088.050051847658,17258.705587800974,15659.43047825253,17048.830489026896,14869.430543012479,17380.671714754037,0.9340744885531339,,,171692858.0,3.680776357650757
41,,,,,,,,,,,,352723950,9.739184141159058,363277268,10.054640531539917,,,457568714.0,13.2973792552948,454611201,13.194278001785278,459753278,13.390758037567139,19193.338016098198,17922.514248945598,20073.438885987143,17726.305765472815,19808.01737071417,16350.124988865891,17632.728146939437,15986.60242416032,17403.466159493728,15175.331929836155,17705.390702966994,0.9305212877013467,,,,
42,,,,,,,,,,,,416595857,9.94727110862732,431498041,10.326047897338867,452902893.0,10.940208911895752,513648404.0,12.97027325630188,513333097,12.956155776977539,527423332,13.626414775848389,19590.651815026256,18280.707183314236,20529.69047906309,17993.017000529424,20198.487531085626,16687.037303321646,18038.90803282503,16312.772711021413,17757.422148292608,15482.794967895792,17994.26619918486,0.9235980185595426,,,,
43,,,,,,,,,,,,467112207,9.014589548110962,484384746,9.359483480453491,552660024.0,11.125967264175415,731448750.0,20.626440286636353,607967682,13.16234827041626,581351966,12.062433004379272,20207.26011905421,18730.211971611796,21152.08471032927,18637.379129084602,20842.02453176027,17202.621767766366,18541.619911888578,16853.576112914947,18326.535986375344,16008.904150077877,18603.43859130773,0.9514660997824236,511350253.0,9.952577829360962,,
44,,,,,,,,,,,,474988835,9.023158550262451,494984512,9.4270601272583,560451934.0,11.148132801055908,617397711.0,13.202653884887695,616734078,13.173234462738037,589153399,12.060667753219604,20605.00201365491,19061.49881858998,21572.559324941416,19170.90206937379,21230.22206682562,17536.540258326884,18914.76062395435,17219.80930674901,18741.152983526823,16335.773801902651,19016.949253725856,0.970911827954379,518128435.0,9.955116748809814,,
45,,,,,,,,,,,,415986728,9.945446252822876,638790540,20.570539951324463,451324162.0,10.923429489135742,513571256.0,13.022023439407349,512791595,12.994158506393433,526211299,13.624714851379395,21182.30376800179,19568.976466994696,22165.0916633349,19635.91335034331,21853.610507617814,18055.719988695368,19487.828933170516,17649.410097262396,19194.880150337125,16758.39715736826,19630.680798480775,0.9607226848602295,,,,
46,,,,,,,,,,,,353830515,9.738789558410645,365143963,10.086379766464233,,,460050336.0,13.418632507324219,455614984,13.235316276550293,575728385,20.60191583633423,21690.20061279411,19927.654030241338,22706.429611975786,20037.862117626748,22350.370428789476,18469.383002092178,19947.66413729469,18123.38084659645,19722.100375432612,17201.83687768894,20049.729668026,0.925513977354223,,,,
47,,,,,,,,,,,,397253073,9.815730571746826,409375600,10.174596071243286,,,488260774.0,12.817822933197021,488242280,12.82197880744934,501450437,13.461950778961182,22075.711652661754,20332.091893785862,23115.090081272137,20367.807753922043,22736.015005652418,18818.38501408753,20314.932797250574,18443.30163747012,20071.10712017885,17503.533983035195,20345.193241048793,0.9312465786933899,,,172048632.0,3.6943984031677246
48,,,,,,,,,,,,518663590,9.159493207931519,534492284,9.495657920837402,781957410.0,20.6415376663208,650587262.0,12.987859010696411,653248083,13.098987579345703,631599885,12.226280689239502,22672.53822043792,21124.5716577326,23703.359239252073,21073.185023863858,23306.88310221123,19369.166720429148,20911.217558315428,18984.25222757291,20640.994026171866,18007.41931053251,20931.712582483575,0.9594041271643206,563356163.0,10.107704401016235,310223449.0,5.252885341644287
49,,,,,,,,,,,,417759734,9.876676082611084,436285016,10.337751626968384,457617053.0,10.945635080337524,518867141.0,13.035556077957153,517380389,12.986333131790161,529410693,13.55755066871643,23080.14304766348,21602.388779068366,24110.097212532266,21462.076451108092,23699.691311249077,19704.099813874785,21300.62091102051,19311.643518858906,21014.999826297077,18299.5246374554,21361.814749790956,0.9600627205588601,,,,
50,,,,,,,,,,,,351463090,9.688277006149292,364939191,10.114801168441772,,,461069926.0,13.469853162765503,455338068,13.233703374862671,459616194,13.391981601715088,23471.549283773136,21976.253048981893,24527.28636578498,21802.582933634883,24093.67357773121,20033.305604555262,21682.489424242285,19638.66106630325,21279.244672169232,18598.844849240282,21762.429243783576,0.9270797859538685,,,,
51,,,,,,,,,,,,358874386,9.74723505973816,368611483,10.032272100448608,,,463997347.0,13.305319786071777,462323279,13.250089645385742,465370391,13.357288599014282,23877.84902090723,22330.6533631204,24930.552491024544,22085.587032467098,24510.13661955027,20366.390898482394,22054.885817444734,19956.56898591359,21655.88124566761,18906.494992703458,22038.541432782957,0.9304053729230707,,,,
52,,,,,,,,,,,,415194677,9.88633918762207,431329890,10.300232887268066,452293337.0,10.916467428207397,514580287.0,13.038431167602539,511436374,12.92201018333435,529704821,13.72571587562561,24282.888677977662,22629.30479670734,25344.40832960511,22428.95094095124,24909.67398820348,20716.28533013716,22441.341976157124,20278.75048674913,22015.11534198086,19237.93678148334,22394.670771621684,0.9296402064236727,,,,
53,,,,,,,,,,,,361473440,9.670026063919067,373881306,10.027143955230713,391737339.0,10.628806591033936,,,448845530,12.972584962844849,458662033,13.41245985031128,24683.305357256377,22934.782494231506,25742.684341618125,22765.61734257254,25310.475272795833,21060.895532755825,22798.328656576883,20599.641123433714,22367.31645178213,19483.63571177872,22808.08299544671,0.9238831834359602,,,,
54,,,,,,,,,,,,356900515,8.418828248977661,371801783,8.80474066734314,,,,,500449219,14.424262762069702,437093730,11.264578580856323,25068.817891446157,23208.21974073983,26175.269499834503,23152.942874493332,25709.495906367698,21382.992935158007,23075.84173481689,20978.869348907378,22766.350345426228,19888.02111632004,23140.927118043768,0.9486783797090704,388287397.0,9.28788447380066,,
55,,,,,,,,,,,,359416804,9.734946250915527,377637888,10.328153848648071,,,464525789.0,13.338680505752563,460380474,13.196401834487915,466224880,13.40505576133728,25477.454768500887,23483.519614712226,26612.629577197175,23625.390017611553,26095.567302306295,21707.879820672835,23387.93154072687,21226.25055619446,23137.11047771857,20141.2185829985,23421.758670632666,0.9713612361387773,,,,
56,,,,,,,,,,,,410930771,9.87769341468811,428363893,10.334114074707031,638391432.0,20.59746551513672,509452981.0,12.963053464889526,507551985,12.895880699157715,522731511,13.584306478500366,25973.283299428986,23931.101879068843,27165.378786723944,24047.96388949529,26611.492598545272,22135.533122584227,23955.716594728878,21724.012986704416,23666.765168680824,20596.40845060342,23885.226406777983,0.9387574250047858,,,,
57,,,,,,,,,,,,463505893,10.044965028762817,475004460,10.34516453742981,481910448.0,10.52278757095337,546576359.0,12.701294898986816,547447573,12.73347020149231,568204112,13.72210693359375,26332.893731150834,24410.738252354062,27637.781568868442,24318.990124944765,27004.48808099707,22479.14434970675,24354.031381938763,22049.204734529554,24022.78946047063,20899.1420826727,24302.374843539656,0.9337883537465875,,,198494731.0,3.837533712387085
58,,,,,,,,,,,,421060141,8.751644134521484,436037825,9.100680828094482,493266437.0,10.814852952957153,,,543523328,13.144611597061157,513440824,11.609046936035156,26718.96440906378,24822.47862516329,28059.56142427675,24726.96216008454,27410.606604958244,22830.19438904906,24724.656447400717,22424.0577204021,24409.212893713782,21252.33432778413,24722.626898571987,0.9554591287266124,455995598.0,9.60325813293457,,
59,,,,,,,,,,,,463982821,8.992378950119019,523551578,10.393506288528442,551600516.0,11.184184789657593,606755465.0,13.230117559432983,608167815,13.291304349899292,577882065,12.04841923713684,27081.62012451023,25172.302128672814,28461.786330448333,25255.120012326443,27803.097599324163,23166.583661003544,25095.173825929793,22825.01902889904,24825.34412707256,21615.524991761893,25137.601537879324,0.9781689698045904,508442790.0,9.963629961013794,,
60,,,,,,,,,,,,352824232,9.691014766693115,374568439,10.354009866714478,,,459927778.0,13.261130094528198,457984972,13.190677165985107,461912941,13.344679355621338,27489.308212180265,25443.43485966159,28872.68583819706,25657.469380813345,28187.881530181858,23509.496438489845,25386.822104551815,23178.064172004328,25178.118580130576,21932.21823735865,25528.55487462565,0.9685957919467579,,,,
61,,,,,,,,,,,,395044948,9.721479654312134,409697499,10.152897834777832,,,486286902.0,12.734923124313354,484643596,12.677725553512573,502765681,13.501414060592651,27860.159227291955,25859.813889301895,29316.65300574192,25997.188853753596,28582.488922425255,23884.974496760227,25778.14643665659,23505.31746227884,25532.776236246023,22229.220521534553,25852.049824288584,0.9447436495260759,,,171826526.0,3.6582353115081787
62,,,,,,,,,,,,416872285,9.921225309371948,430181699,10.266765356063843,453108031.0,10.900500059127808,515257225.0,13.032628774642944,513867458,12.972717523574829,526645930,13.574362516403198,28223.682187411658,26325.053540291337,29706.152388488877,26324.99281869388,28961.387600439757,24248.902721656432,26169.321383352668,23824.634140383932,25885.322059793543,22525.925677196446,26217.953576217107,0.9393139427358453,,,,
63,,,,,,,,,,,,410266894,9.882268905639648,428180911,10.329317092895508,450386725.0,10.952361345291138,514659388.0,13.094116926193237,512368561,13.005886316299438,526321956,13.641138553619385,28628.00929305205,26675.920642764213,30098.059163451915,26654.829881372218,29374.367869001995,24607.78295578489,26556.883010439,24149.899730839086,26269.78037369425,22829.924079890203,26632.558349361327,0.9321710684082725,,,,
64,,,,,,,,,,,,355103767,9.762300491333008,364002425,10.044715642929077,,,461704690.0,13.413071870803833,458862900,13.307367086410522,460700176,13.368294715881348,29048.4556589699,27010.68713008511,30496.74547200718,26925.895592147594,29769.007714664946,24948.017646751432,26932.463732191718,24470.901763723523,26548.19910727943,23133.236039472704,26987.099869871097,0.9293092597614635,,,,
65,,,,,,,,,,,,412857342,8.748380422592163,428738221,9.108114004135132,,,555339460.0,13.503884315490723,552072195,13.3678560256958,507486616,11.630557298660278,29441.849920805642,27353.90237593231,30904.17924564879,27309.64886828327,30186.88738956725,25284.29923169046,27305.809105660082,24827.792225278426,26922.90966080297,23466.201384554293,27281.262764961095,0.9586440108039163,448056775.0,9.587305068969727,,
66,,,,,,,,,,,,360970207,9.688618659973145,371546778,10.002886533737183,572827879.0,20.578720092773438,,,448477977,13.01826286315918,456092583,13.37682056427002,30065.346429346457,27826.137238812003,31399.577928519266,27909.96698971363,30675.739303843762,25783.814403771492,27795.712151197138,25235.441430858835,27466.987125251944,23877.275469253844,27833.664424673843,0.9662514328956604,,,,
67,,,,,,,,,,,,356194096,9.709187269210815,368028660,10.051718473434448,,,460337750.0,13.251741409301758,458689560,13.192294120788574,464913909,13.44425892829895,30391.953065277445,28092.984059381695,31806.85905131538,28186.226170411705,31091.68548656736,26101.70918227369,28100.973065612503,25556.062802080174,27814.172440078844,24172.59114483971,28178.358630742165,0.9424573562361978,,,,
68,,,,,,,,,,,,392467928,9.69761872291565,407966118,10.148335933685303,,,484280987.0,12.725315809249878,485039225,12.753129005432129,499657534,13.421640157699585,30799.37023342713,28484.735280535548,32207.417221817923,28474.04894038159,31563.27756063525,26449.74308765774,28484.996891170977,25884.487572189177,28169.514982463763,24478.72998813163,28521.32950534302,0.936964977871288,,,172295945.0,3.6398727893829346
69,,,,,,,,,,,,453961851,8.895829439163208,510093665,10.415252923965454,,,582774021.0,13.050603151321411,580865884,12.980099201202393,551916190,11.808245658874512,31207.421236296905,28942.408451796928,32598.609167431012,28893.76244430685,31974.547671200813,26819.29355926216,28875.005916885824,26264.663311160806,28573.64987438471,24841.073460264954,28885.846888683664,0.9617953517220237,491379846.0,9.793713092803955,216221187.0,3.8772635459899902
