,sta0_datasz,sta1_datasz,sta3_datasz,sta4_datasz,sta2_datasz,sta5_datasz,sta6_datasz,sta7_datasz,sta8_datasz,sta10_datasz,sta9_datasz,T,host_consumption_sta4,training_time_sta4,host_consumption_sta8,training_time_sta8,host_consumption_sta0,training_time_sta0,host_consumption_sta3,training_time_sta3,host_consumption_sta6,training_time_sta6,host_consumption_sta2,training_time_sta2,host_consumption_sta1,training_time_sta1,host_consumption_sta7,training_time_sta7,host_consumption_sta5,training_time_sta5,consumption_sta4,consumption_sta8,consumption_sta10,consumption_sta2,consumption_sta9,consumption_sta3,consumption_sta1,consumption_sta5,consumption_sta7,consumption_sta0,consumption_sta6,mean_acc,host_consumption_sta10,training_time_sta10,host_consumption_sta9,training_time_sta9
0,747088320.0,684321792.0,1047438528.0,436285440.0,1128383616.0,1135301568.0,995528640.0,1026684672.0,352361088.0,748350720.0,1102428672.0,4.4238784663424124e-08,91128612.0,0.8912801742553711,99437246.0,0.9295790195465088,133212244.0,1.2802865505218506,166165102.0,1.5642445087432861,171855395.0,1.6061649322509766,178437776.0,1.6955974102020264,137561050.0,1.2928898334503174,177196996.0,1.6640429496765137,182721883.0,1.7515933513641357,843.1140759537932,862.318636060631,752.9175977332706,880.2536938282486,868.4962255309656,708.9193940691987,1133.3419722459719,754.9376796596589,824.9007402046029,1166.6443363338626,1074.5143829921326,0.6415740265087648,,,,
1,,,,,,,,,,,,6.21374432992029e-08,56682594.0,0.6857364177703857,56356057.0,0.6383898258209229,129275304.0,1.5855529308319092,151524515.0,2.0764074325561523,115397959.0,1.323822259902954,139275217.0,1.760605812072754,127652811.0,1.550689458847046,149155258.0,2.0152547359466553,148509690.0,1.9944205284118652,1522.9244982130017,1452.7452481980988,1118.0249494102222,1451.5587584410255,1250.4960237312287,1232.8478337514744,1459.2199585048875,1342.5345004554101,1409.3321053908803,1503.9730618149188,1446.3900798480497,0.11250001056627794,123015920.0,1.4147660732269287,,
2,,,,,,,,,,,,3.5260313437449044e-08,61306789.0,0.6168668270111084,80009317.0,0.7508232593536377,144999751.0,1.4874041080474854,139006236.0,1.3687589168548584,136796158.0,1.3207483291625977,152200294.0,1.6325602531433105,144823238.0,1.4767744541168213,164666631.0,2.0688822269439697,163457284.0,1.9984607696533203,1907.51555670006,1723.9304754854147,1524.9736673725145,1855.942166510892,1652.9736209259145,1493.6009754083564,1680.6146567047294,1612.5586016137456,1697.5480701208737,1771.5305178837052,1807.2727160087684,0.2065193233164874,137569472.0,1.3327178955078125,,
3,,,,,,,,,,,,6.837275513931313e-08,70411319.0,0.6587264537811279,76528734.0,0.6703920364379883,147402881.0,1.4318311214447021,141024602.0,1.3051629066467285,137813307.0,1.2475898265838623,,,94763429.0,0.8935041427612305,140241402.0,1.2726950645446777,161314223.0,1.9358665943145752,2302.6498090716714,2093.981896289032,1942.1146758208035,2253.234743298368,2047.406509929771,1861.8503153223455,1918.7396311962748,1897.3217198899818,1966.2529225831343,2038.1546421060411,2094.3934152731326,0.3874230113896457,127919289.0,1.125246524810791,,
4,,,,,,,,,,,,4.26632796898701e-08,67722300.0,0.6420495510101318,78132673.0,0.6858253479003906,166666444.0,1.5368926525115967,160038470.0,1.431321382522583,152911169.0,1.3380517959594727,175875222.0,1.6888742446899414,163682809.0,1.4933412075042725,161658216.0,1.4167616367340088,168437740.0,1.5171926021575928,2663.9625071931214,2556.9789126777664,2402.1795936760814,2568.484461047238,2564.114623236141,2185.9336558094033,2226.293172254958,2180.772102891544,2244.961812153463,2324.451894530489,2392.713748944157,0.5233465297655626,147069692.0,1.2512459754943848,,
5,,,,,,,,,,,,3.525592610011977e-08,61265712.0,0.5720748901367188,79095561.0,0.6972427368164062,136793168.0,1.3964715003967285,127545999.0,1.2411346435546875,142631227.0,1.594611406326294,,,89217789.0,0.8511092662811279,127920632.0,1.2241737842559814,151118143.0,1.890629768371582,3103.5831275358646,2857.1856877227888,2976.4594715559183,3096.8946015758097,2968.076910813521,2642.3857433091757,2537.272174419116,2564.110035037888,2595.5291098234375,2637.4118150854197,2785.1269587904903,0.6755904501134699,125994307.0,1.2211081981658936,,
6,,,,,,,,,,,,5.371710640843751e-08,75634511.0,0.7206459045410156,75814991.0,0.6853892803192139,161780714.0,1.500054121017456,161858228.0,1.471268653869629,145568842.0,1.2967126369476318,168905940.0,1.564267635345459,109060573.0,1.0298173427581787,156817896.0,1.3870701789855957,165618533.0,1.4985923767089844,3479.755627385562,3193.5038263356,3408.023978592412,3358.1472366702915,3360.1923516471484,2830.8910794364306,2787.730656183703,2847.404391266882,2946.880155378687,2876.01970541162,3120.1461080205618,0.7806219025091692,,,182787801.0,2.104349136352539
7,,,,,,,,,,,,5.7410006576874606e-08,66491773.0,0.6099927425384521,95517944.0,0.809776782989502,105101721.0,0.9700767993927002,146856558.0,1.344310998916626,137005813.0,1.2123382091522217,157553613.0,1.5881502628326416,149454451.0,1.3923768997192383,142125125.0,1.262925624847412,167554381.0,1.9551842212677002,3872.5844179847604,3578.761831904146,3774.6328109095853,3807.1192504498845,3761.23742858086,3188.0518553959078,3032.1482746210413,3226.352836344787,3256.4796885607016,3028.6907219776845,3509.2720651574996,0.8229719454591925,,,,
8,,,,,,,,,,,,5.107063894493286e-08,61592006.0,0.5622272491455078,72227598.0,0.6144649982452393,142991638.0,1.4422330856323242,161096268.0,1.8830125331878662,,,151165079.0,1.611715316772461,97431208.0,0.90523362159729,129553319.0,1.211686372756958,137207534.0,1.3186039924621582,4379.541320857117,3826.260295475716,4058.786631798172,4250.35921624575,4022.6101905232604,3582.2529326823546,3336.2529621186127,3523.1601906311025,3605.6074817976823,3267.7421714625925,3902.9790223618993,0.8510589762167498,,,153438694.0,1.7693452835083008
9,,,,,,,,,,,,6.80619071454615e-08,81453954.0,0.7553832530975342,79311809.0,0.7073214054107666,113681716.0,1.077406883239746,156270901.0,1.451432704925537,146163322.0,1.328488826751709,157321741.0,1.4712257385253906,106106601.0,0.9996159076690674,174219037.0,2.008561611175537,160436052.0,1.5114469528198242,4847.960935784408,4165.478025045303,4475.696313304443,4619.666760434164,4399.664499109865,3838.0267687374967,3657.5890145272842,3946.9412767127938,3784.5129767072085,3554.226435776424,4091.7438777059556,0.8710166649384932,136697892.0,1.22127366065979,,
10,,,,,,,,,,,,6.360477888597973e-08,74966910.0,0.6823899745941162,72207701.0,0.6190128326416016,102817181.0,0.9531118869781494,143994260.0,1.3131203651428223,139494089.0,1.2409038543701172,159925067.0,1.5727858543395996,151414773.0,1.4100425243377686,,,151102396.0,1.3988258838653564,5149.210615247097,4600.7940119066125,4905.573054562927,4960.172699657035,4789.8155628116065,4033.9095250850414,3922.632218194925,4200.46292301949,4120.4039762760285,3941.135566751844,4526.349256323696,0.8805056160146539,,,162564953.0,1.7779474258422852
11,,,,,,,,,,,,7.755037399554481e-08,70388308.0,0.647843599319458,79597452.0,0.6897857189178467,112895219.0,1.0395152568817139,149461409.0,1.3624398708343506,148438402.0,1.330845594406128,,,104155068.0,0.9545369148254395,152531714.0,1.3883447647094727,176942296.0,1.9435555934906006,5622.171745139087,4988.696234629447,5287.136442659776,5427.702483802281,5188.536303826684,4448.2254308387055,4178.376380633144,4628.107303750718,4370.085602209408,4263.206276770546,4963.717134150669,0.8904494859955527,141117742.0,1.2427113056182861,163063731.0,1.6470959186553955
12,,,,,,,,,,,,7.138231150378489e-08,71551819.0,0.7089889049530029,65442765.0,0.617417573928833,148920395.0,1.4840126037597656,141888125.0,1.375321865081787,167283385.0,1.7275159358978271,164255867.0,1.669523000717163,152114967.0,1.5112648010253906,176069740.0,2.0368409156799316,155453947.0,1.5082919597625732,6133.595236173604,5405.3850048948325,5705.456984557883,5794.362439430297,5567.171493013831,4803.532144466091,4635.303437065733,4963.049075473525,4782.083329794716,4589.068063521954,5383.793145077854,0.8973218094218861,,,161833326.0,1.6278917789459229
13,,,,,,,,,,,,8.879547220562821e-08,61593593.0,0.577031135559082,75171560.0,0.6539850234985352,101946394.0,0.9651679992675781,134471824.0,1.2625396251678467,156880763.0,1.6322972774505615,153539036.0,1.5592551231384277,146227348.0,1.4406087398529053,135791401.0,1.256005048751831,,,6514.406226539327,5752.815755695588,5963.701695316738,6203.767201552233,5816.9042532376725,5137.625715811549,4930.323110648339,5290.806452846642,5014.6070545306575,4776.759299736234,5677.370193270393,0.9017786112698641,,,150977274.0,1.5398056507110596
14,,,,,,,,,,,,8.486368106918372e-08,74407891.0,0.710909366607666,86634300.0,0.7862627506256104,114010024.0,1.0923256874084473,155492522.0,1.4463720321655273,148334399.0,1.354475736618042,157466272.0,1.4758496284484863,112743974.0,1.0714774131774902,180619227.0,2.0290439128875732,161121292.0,1.5080292224884033,7001.084924045094,6095.140467014313,6540.71314638991,6677.813301502918,6316.379256314654,5541.164924433647,5114.0901094261235,5559.560048359387,5276.464360891989,5165.109335226181,6061.859218784953,0.9066055037758567,,,166163638.0,1.6657483577728271
15,,,,,,,,,,,,7.59694599087576e-08,67106517.0,0.6145534515380859,71837218.0,0.6198301315307617,104418861.0,0.9777779579162598,,,147950488.0,1.6051177978515625,136364397.0,1.3220388889312744,96994442.0,0.8999745845794678,136904190.0,1.3069603443145752,158423911.0,1.9160144329071045,7519.743188172264,6316.639453172296,6792.628643883987,7144.553773280418,6572.085092242055,5937.919589201315,5324.209123387816,5983.39938409111,5456.012049596125,5408.899598271893,6349.385383442361,0.9092006791721691,129801181.0,1.2189834117889404,,
16,,,,,,,,,,,,6.262768732236715e-08,74960258.0,0.6883318424224854,75621694.0,0.6547398567199707,101447250.0,0.9400899410247803,137654494.0,1.2895281314849854,158453818.0,1.6428618431091309,161100173.0,1.6785662174224854,104935278.0,0.9462451934814453,139225047.0,1.2919738292694092,,,7768.551379537265,6736.397455747406,7232.464262827533,7611.847573208254,7014.804559400047,6190.473656081743,5668.557468769428,6166.693963652119,5763.817836219546,5804.734186589186,6685.194906918129,0.9150063774802468,,,152987829.0,1.5588700771331787
17,,,,,,,,,,,,8.200834516720658e-08,71065614.0,0.6571395397186279,79647379.0,0.6909608840942383,160079668.0,1.4880638122558594,183720233.0,1.9777894020080566,169487054.0,1.6223413944244385,165186467.0,1.5233104228973389,114269117.0,1.0488512516021729,149491195.0,1.3205487728118896,163747689.0,1.4835152626037598,8138.574389509409,7171.792233662389,7702.470120635384,7873.331151525584,7510.5046836855645,6374.595365923605,5929.015415241173,6496.347457583557,6146.494042439003,6196.660886813909,7074.761646676276,0.9192335117946971,,,174259014.0,1.8190250396728516
18,,,,,,,,,,,,7.932863832725797e-08,82949433.0,0.7387003898620605,78459272.0,0.6603598594665527,114636914.0,1.0411677360534668,156978358.0,1.3948776721954346,172754867.0,1.669631004333496,165131596.0,1.4928503036499023,161627943.0,1.46091890335083,184230974.0,2.0339784622192383,165176030.0,1.4707200527191162,8596.18733088619,7496.346804948427,8053.214833265048,8316.005365933961,7887.8099549681665,6685.489685532926,6278.833552173098,6848.485224597733,6493.817893088602,6496.480368518856,7410.459026962885,0.9227577447891235,138149976.0,1.159843921661377,,
19,,,,,,,,,,,,8.173303280472493e-08,78007491.0,0.7286114692687988,79201763.0,0.7001941204071045,161971754.0,1.5056781768798828,182474997.0,1.9853463172912598,146344169.0,1.3010828495025635,169512627.0,1.5937156677246094,112733415.0,1.0519111156463623,158281699.0,1.4119980335235596,160952652.0,1.4542040824890137,9027.530527590581,7902.9604631591565,8375.662567655778,8806.01810581832,8263.80254906797,7069.979737903804,6472.536688040277,7187.833418242589,6751.518790520082,6762.851276474034,7734.191580389432,0.9261367646130648,147637378.0,1.289384365081787,,
20,,,,,,,,,,,,8.839492062103628e-08,76077747.0,0.7133865356445312,83516632.0,0.7419581413269043,112840592.0,1.067194938659668,162799143.0,1.4787936210632324,151325601.0,1.3434090614318848,172292283.0,1.678070068359375,157228174.0,1.4463579654693604,154507234.0,1.366856336593628,164169685.0,1.4884109497070312,9308.84113422316,8111.377022648275,8738.848419402017,9244.406583456901,8526.206842689307,7378.552281024338,6809.4215542185875,7443.361563697886,6954.295077483953,7047.849099984553,7984.759364465813,0.9294282360510393,150459881.0,1.3127853870391846,,
21,,,,,,,,,,,,8.477345267257235e-08,71910155.0,0.6449356079101562,78145246.0,0.6558797359466553,111527424.0,1.0274686813354492,182242392.0,1.9651269912719727,142233157.0,1.2751593589782715,171494251.0,1.7007339000701904,158080223.0,1.4960718154907227,179954800.0,1.964930534362793,156520595.0,1.4444940090179443,9737.052575152024,8521.45728429379,9047.461377863328,9532.226981477737,8946.709466860073,7574.862657902912,6975.498423407107,7759.844780704791,7349.9692031313425,7295.378728226138,8391.652875943375,0.9316145994446494,,,163723030.0,1.5856125354766846
22,,,,,,,,,,,,1.013076781301236e-07,77407883.0,0.7115585803985596,79499613.0,0.6893248558044434,112178057.0,1.037362813949585,143771177.0,1.343522310256958,167748411.0,1.8381009101867676,151554543.0,1.455848217010498,111549397.0,1.0041062831878662,176402808.0,2.1076600551605225,178270417.0,2.110626697540283,10281.822863550417,8758.960318263196,9475.683773976072,9992.694556902528,9197.509593938748,7944.06704072857,7257.164283983309,8174.2115324471315,7526.6262408372295,7561.991224249191,8876.042772004237,0.9349749142473395,131558623.0,1.1840415000915527,,
23,,,,,,,,,,,,9.072690888075916e-08,75125296.0,0.6785800457000732,76599108.0,0.6543235778808594,162044873.0,1.4770872592926025,157140649.0,1.395601749420166,173789044.0,1.7360661029815674,162878062.0,1.4640076160430908,162007337.0,1.4654467105865479,160033526.0,1.3973493576049805,,,10582.338360756072,9165.942595666138,9921.808163941896,10330.008710299686,9601.331580487124,8224.429996816561,7625.1617541534615,8387.457454714564,7803.130911733524,7970.676662871432,9106.817700315876,0.9375640045512806,142522523.0,1.2093300819396973,172733383.0,1.7705326080322266
24,,,,,,,,,,,,8.795772038469868e-08,79233989.0,0.7212207317352295,90159315.0,0.7689967155456543,166710938.0,1.4938392639160156,161446181.0,1.4095675945281982,157198084.0,1.3447978496551514,167466491.0,1.4822821617126465,166025881.0,1.4764292240142822,187412179.0,2.0515670776367188,168718257.0,1.47706937789917,11024.606740058422,9544.207073866653,10344.040537880977,10679.899125524436,9962.287676647293,8537.679192830572,7876.597594072086,8691.636924714814,8143.481159688018,8227.983865777991,9451.916725456678,0.93950862234289,,,180960657.0,1.8906867504119873
25,,,,,,,,,,,,8.379745878702122e-08,72211852.0,0.6353776454925537,95270814.0,0.7897040843963623,119118897.0,1.0586082935333252,180041776.0,1.8846099376678467,148541978.0,1.3019459247589111,161512343.0,1.470066785812378,112679033.0,0.9929025173187256,182468405.0,2.0289955139160156,161002701.0,1.4524810314178467,11458.078724423325,9887.712551735198,10706.037908853334,11122.06171220135,10333.500638806585,8907.249545792896,8058.028350918264,9080.089227107055,8380.222990047445,8591.875508695231,9806.988724742121,0.9422140284018083,,,175318521.0,1.8898718357086182
26,,,,,,,,,,,,8.717312725316602e-08,66639905.0,0.6191480159759521,70507937.0,0.6061062812805176,155857878.0,1.4931895732879639,146805166.0,1.3573720455169678,165958804.0,1.65411376953125,165907717.0,1.6567933559417725,155640410.0,1.4805397987365723,175115518.0,1.9861814975738525,154929107.0,1.4342594146728516,11968.389254391363,10200.030737413075,10982.285852928282,11610.035407386064,10587.223800786647,9196.54886514329,8446.004440799721,9459.82378132837,8621.82742596153,8845.5117392109,10192.814520688251,0.9448085698214445,131980741.0,1.1483268737792969,,
27,,,,,,,,,,,,9.062154990969414e-08,50699455.0,0.5535745620727539,62962363.0,0.6417641639709473,141312260.0,1.6936793327331543,154934479.0,2.140833616256714,115998971.0,1.2290573120117188,,,137307327.0,1.610572338104248,149839339.0,1.9919226169586182,121032283.0,1.298560380935669,12400.791875616223,10436.251614715891,11423.326095339973,11999.587954941997,10972.424059873094,9565.044754647723,8716.574830839148,9856.975895005753,8780.38938775716,9139.635864253474,10399.524455824538,0.9464179114861921,,,134078758.0,1.5360286235809326
28,,,,,,,,,,,,1.1369920659311237e-07,73911615.0,0.649627685546875,79409892.0,0.6666877269744873,110267479.0,1.0004081726074219,,,168439510.0,1.7067816257476807,155979704.0,1.4416022300720215,158291465.0,1.4771099090576172,178018282.0,2.0157477855682373,155974698.0,1.4225432872772217,12679.037848192804,10827.456795280981,11814.840299629557,12194.281313440493,11392.98019362557,9740.99542198498,8928.510969181407,10121.77479285461,9065.377198895338,9383.959491285714,10806.640863009834,0.9480829726565968,142785706.0,1.2680165767669678,168128964.0,1.7847304344177246
29,,,,,,,,,,,,1.0048234370447628e-07,71683655.0,0.6484086513519287,71924559.0,0.6160011291503906,104812110.0,0.9830796718597412,,,130176303.0,1.2043235301971436,152005409.0,1.6087961196899414,145021601.0,1.4460031986236572,,,139703011.0,1.3334484100341797,13152.029629876288,11231.462486655713,12117.503916499163,12550.907185853306,11833.117016374628,10003.690697199283,9076.24102990316,10568.1189786725,9395.162998495302,9560.424119410838,11186.159351122351,0.9506432034752585,131355194.0,1.2158939838409424,150975504.0,1.6934833526611328
30,,,,,,,,,,,,9.462150672666216e-08,70589663.0,0.6634294986724854,68899176.0,0.6154985427856445,96213865.0,0.9391946792602539,124727097.0,1.2266430854797363,126330182.0,1.2345716953277588,,,133272303.0,1.373521327972412,154098483.0,1.9636178016662598,155018097.0,1.9583008289337158,13482.991447620458,11486.737135901527,12537.668240796624,13011.064896622836,12082.16053555503,10195.60252800152,9383.648630219981,10862.211224234836,9581.427522656357,9946.312539260007,11475.060778428013,0.9524342580275102,,,144822933.0,1.740823745727539
31,,,,,,,,,,,,1.2112292908646454e-07,72463254.0,0.657646656036377,77962813.0,0.6713857650756836,104809302.0,0.9634191989898682,,,136778946.0,1.231842279434204,,,101132371.0,0.9250342845916748,140853948.0,1.2711341381072998,145838372.0,1.3353238105773926,13867.15176719675,11919.401012997916,12966.605200010075,13269.866416491695,12503.541352501232,10457.075247014955,9528.741003506046,11201.133240326448,9895.277521631991,10124.139083233516,11942.708907321194,0.9545689550313082,139824715.0,1.2680532932281494,157403955.0,1.731273889541626
32,,,,,,,,,,,,9.834431385358981e-08,,,59789092.0,0.6528356075286865,76697802.0,0.8973231315612793,129037023.0,1.8911151885986328,,,,,113056046.0,1.440896987915039,130671724.0,2.007915496826172,103882913.0,1.2428467273712158,14325.5870633142,12144.792857258419,13230.01572578005,13667.545748456087,12758.876664417865,10776.420924536122,9749.408003743732,11611.801596170639,10102.365448975796,10365.669796505206,12198.064274905779,0.9553817348046736,100344531.0,1.2074756622314453,120433957.0,1.7277047634124756
33,,,,,,,,,,,,8.623741734032893e-08,82056736.0,0.7484512329101562,85453151.0,0.7398195266723633,113847120.0,1.0505950450897217,158783041.0,1.4497625827789307,152531104.0,1.3618144989013672,169391900.0,1.6269738674163818,109187221.0,1.002774715423584,154014376.0,1.3736011981964111,182509604.0,1.9723296165466309,14735.927337635823,12469.520253870354,13699.219109879226,14003.235248340185,13168.930266403824,11064.416125408508,9976.81914434237,11958.701609675361,10365.454039656977,10757.334945577742,12537.973795309374,0.9565769921649586,,,167604612.0,1.6481783390045166
34,,,,,,,,,,,,9.785873390367969e-08,83853301.0,0.7533400058746338,91722361.0,0.7751955986022949,113248184.0,1.0321071147918701,179283538.0,1.9704177379608154,156822841.0,1.3965942859649658,162027845.0,1.4810681343078613,118643068.0,1.048689603805542,150188520.0,1.3198771476745605,180056302.0,2.0175793170928955,15023.790289437144,12846.462214809517,14118.4786006054,14334.452499467086,13580.066398419052,11297.402939506957,10240.32538738213,12176.53364104922,10749.208616787982,11035.387490731773,12980.015257824265,0.9580303430557251,153294834.0,1.3506486415863037,,
35,,,,,,,,,,,,9.468750785556447e-08,65671706.0,0.6314082145690918,76883226.0,0.6940195560455322,103958719.0,1.019562005996704,173106552.0,1.9802014827728271,161444594.0,1.6804530620574951,162297558.0,1.7022616863250732,148084216.0,1.5042974948883057,171534473.0,1.9928302764892578,146404227.0,1.45186185836792,15518.458228838754,13187.6655776483,14391.721187738098,14857.237218629069,13987.18220241067,11624.530764096544,10583.065233218435,12498.230391074369,11128.519922277339,11318.600067222453,13379.289782055976,0.9600400274450128,,,158447897.0,1.6453752517700195
36,,,,,,,,,,,,8.956921627905547e-08,72879208.0,0.6631960868835449,77817183.0,0.6673116683959961,114010328.0,1.0492632389068604,147497242.0,1.371086597442627,162040540.0,1.6455140113830566,162186413.0,1.6240997314453125,104671119.0,0.9566659927368164,146224662.0,1.3367068767547607,173879743.0,1.9941375255584717,16016.304299860913,13409.266622872798,14874.766422306042,15252.112038707839,14270.81755206995,11918.330450913976,10849.716760559086,12853.204569142661,11286.247512056934,11673.093274098885,13723.739937841952,0.9611345854672518,141457829.0,1.290060043334961,,
37,,,,,,,,,,,,1.0495570094083368e-07,,,59050813.0,0.6019961833953857,137520217.0,1.4547967910766602,159756549.0,1.9389467239379883,,,137681838.0,1.4356000423431396,135686665.0,1.4249505996704102,132861110.0,1.331162929534912,161180678.0,1.9990732669830322,16286.906952489688,13736.292628349296,15372.947963123637,15524.979653900475,14730.14211426914,12179.888294816166,11120.090410277171,13041.115914200367,11520.719427868977,12063.055900568153,13948.473455994477,0.962083019993522,115995309.0,1.136704444885254,146079521.0,1.6011219024658203
38,,,,,,,,,,,,6.796621062777054e-08,32803871.0,0.46444129943847656,,,,,99192373.0,1.806835651397705,,,89577834.0,1.4525258541107178,84393216.0,1.3509337902069092,,,,,16670.227424759272,13984.953917561963,15649.432260433223,15906.85400465318,15019.917473092355,12516.355185518889,11365.61708620325,13353.702448162361,11838.069151587712,12220.530155849037,14274.60323741146,0.9630623134699735,64065876.0,0.9452996253967285,83572357.0,1.312485694885254
39,,,,,,,,,,,,1.0228365814134452e-07,67137584.0,0.6245250701904297,76893907.0,0.6652615070343018,102303205.0,0.9618930816650391,137888136.0,1.2780051231384277,142550050.0,1.3064353466033936,144040220.0,1.3531105518341064,,,168314877.0,1.9779791831970215,169216974.0,1.9619908332824707,16955.61719489212,14320.893799884447,16062.50906297422,16304.4852394407,15420.905378764055,12772.125212604773,11599.15277541187,13639.425682686006,12004.886515846716,12451.686762266487,14479.795598346456,0.963871565732089,,,161274855.0,1.8169572353363037
40,,,,,,,,,,,,9.849048143684871e-08,78853009.0,0.727006196975708,78580304.0,0.6891543865203857,122876944.0,1.143143892288208,175064249.0,1.9196109771728516,151305949.0,1.3487029075622559,161797010.0,1.4944710731506348,110553916.0,1.027510643005371,155352751.0,1.3861966133117676,158885213.0,1.4369480609893799,17336.26859659308,14708.06188230092,16498.663458562572,16686.18970220986,15867.042107660487,13052.691603495357,11832.49802638701,13829.234419642453,12319.068836904187,12831.148887049656,14912.489483947933,0.9642354141582142,140029915.0,1.2250123023986816,,
41,,,,,,,,,,,,1.331587234699096e-07,85104091.0,0.7597923278808594,94551455.0,0.7967617511749268,115535410.0,1.0480670928955078,147591541.0,1.3534274101257324,168324337.0,1.7540724277496338,164022590.0,1.6470074653625488,112263934.0,1.0116610527038574,145901421.0,1.310387372970581,179272674.0,2.0254464149475098,17717.287881478533,15159.495547781526,16986.95773568927,16959.616309515615,16296.847610103503,13232.310198163854,11986.468842242833,14105.886917605701,12704.215147951792,13083.840682905771,15334.20241576515,0.965041615746238,,,170376823.0,1.8812854290008545
42,,,,,,,,,,,,1.02396011390665e-07,71657227.0,0.6660976409912109,78463666.0,0.6859979629516602,160643876.0,1.471541404724121,158253440.0,1.4167146682739258,149370467.0,1.3044142723083496,167883481.0,1.5323131084442139,109452417.0,1.0103082656860352,185347121.0,2.010831594467163,164125068.0,1.4633595943450928,18189.312952041128,15364.813483176931,17264.901203012523,17391.81116364023,16536.25777428571,13662.089069489006,12194.77000172962,14471.782899030055,13047.167567067021,13348.38243621287,15662.79516706503,0.9662612459876321,,,170723257.0,1.6490254402160645
43,,,,,,,,,,,,1.0567329053068994e-07,45548712.0,0.5416703224182129,,,,,140094917.0,1.9439637660980225,103465677.0,1.1718337535858154,129417699.0,1.6341722011566162,118424807.0,1.4486503601074219,141971195.0,2.043050527572632,,,18634.3744157978,15821.52916865862,17831.444153940854,17935.503416546486,17051.07263020839,14032.335379862066,12595.015346899721,14746.226357492247,13287.10663354329,13709.716763955257,15988.688050524064,0.9665290821682323,100340747.0,1.1042876243591309,124538500.0,1.5153768062591553
44,,,,,,,,,,,,9.92610919823656e-08,,,,,71226625.0,0.8992338180541992,131210846.0,1.9103543758392334,124823228.0,1.7680490016937256,101976301.0,1.294903039932251,106401033.0,1.3787059783935547,135802082.0,2.080315589904785,138101453.0,2.127617597579956,19081.087725206362,16133.705402136768,18260.405989233772,18192.623730415326,17470.63172324859,14313.86963329079,12843.150390723353,15047.388064959741,13527.738361483101,13943.47731895438,16333.343287189762,0.9660479914058339,,,126820476.0,1.8380701541900635
45,,,,,,,,,,,,1.069288514563203e-07,67550242.0,0.6394932270050049,73807429.0,0.6609597206115723,99905567.0,0.975783109664917,135981158.0,1.3408434391021729,,,153869235.0,1.6148011684417725,146074089.0,1.4795660972595215,173149092.0,2.1902272701263428,173368697.0,2.1488797664642334,19446.495757503322,16492.857977968237,18649.277838694936,18878.391405871334,17879.5295346786,14658.314403858638,13085.463659460198,15351.792424403317,13783.168788245352,14183.211859192837,16680.480061646573,0.9685465639287775,135297566.0,1.3188931941986084,152501136.0,1.6267435550689697
46,,,,,,,,,,,,1.192556282396454e-07,58762240.0,0.6929709911346436,52598620.0,0.5945999622344971,109321864.0,1.4894680976867676,130175448.0,1.9804167747497559,,,,,72430235.0,0.8797104358673096,133119349.0,2.0895020961761475,134219444.0,2.0988926887512207,19935.377351552917,16828.827008449847,19080.23118194056,19267.69851758219,18262.529448116416,15072.43120854304,13292.710490132078,15659.003392912695,14018.384978911366,14433.385517257366,16986.914568651897,0.969689585945823,88786882.0,1.0961048603057861,110749839.0,1.510146141052246
47,,,,,,,,,,,,1.0857632775303156e-07,72110533.0,0.6658072471618652,74657890.0,0.6415228843688965,,,169086360.0,1.910841703414917,159924579.0,1.6290662288665771,148469408.0,1.384793758392334,96969723.0,0.900479793548584,142372805.0,1.2772080898284912,151642434.0,1.4112987518310547,20339.04056193391,17187.762216060783,19508.46373711573,19490.83567392888,18688.779697114212,15367.951784545006,13428.872044952524,15948.232422687024,14259.703243608008,14605.86954831223,17262.830290395763,0.9707099632783369,140033333.0,1.2373671531677246,,
48,,,,,,,,,,,,1.1301994550355177e-07,,,58687960.0,0.605388879776001,81962620.0,0.9144165515899658,145459283.0,2.0020503997802734,112985245.0,1.2468514442443848,,,125280563.0,1.5048840045928955,143724608.0,1.9757201671600342,146608816.0,2.0352585315704346,20770.26237638548,17433.919835007513,19778.42475888525,19881.020326978054,18937.46028578856,15672.953913309211,13628.866587527962,16331.682927816106,14568.565600729555,14853.73653809614,17608.31363555946,0.9710131070830605,110206078.0,1.2017598152160645,133550683.0,1.737513780593872
49,,,,,,,,,,,,1.3019581116884264e-07,74415398.0,0.6804494857788086,,,105242895.0,0.979870080947876,141662723.0,1.2876477241516113,142656251.0,1.2761921882629395,150618023.0,1.3980894088745117,148855270.0,1.3832712173461914,169506647.0,2.0124547481536865,170157645.0,1.9775819778442383,21006.63442010911,17773.040672693456,20241.695190133643,20098.736090830516,19367.603070257646,15868.879428656664,13890.412949160498,16535.26699311763,14734.854995672962,15238.467808136174,17828.222362027067,0.971899384802038,141399419.0,1.2670042514801025,,
50,,,,,,,,,,,,9.803969113870218e-08,69367437.0,0.6545352935791016,82487093.0,0.7305843830108643,117505437.0,1.103769302368164,176067359.0,1.9467356204986572,146768546.0,1.3321385383605957,166451112.0,1.6567425727844238,111660908.0,1.0430381298065186,150651897.0,1.365873098373413,158042991.0,1.4751901626586914,21401.474052871185,18124.014194906187,20512.39281410576,20465.75554371311,19750.922017241537,16125.860914658211,14048.566109210647,16910.400705864362,15068.98863898753,15426.634071867216,18277.868631690777,0.9721162210811268,143969358.0,1.2905821800231934,,
51,,,,,,,,,,,,1.6101680651786973e-07,72620664.0,0.6541774272918701,85271327.0,0.7278656959533691,114618420.0,1.0469729900360107,156394680.0,1.3931896686553955,150700053.0,1.3153913021087646,169117975.0,1.6085913181304932,162169628.0,1.467050552368164,176134437.0,1.9575831890106201,161313552.0,1.4480226039886475,21887.633128446043,18376.193340369784,20917.995283173805,20931.382865684227,19997.939585095133,16436.59263651256,14421.769315163496,17341.2355189101,15330.92016649889,15662.59631674871,18575.98083984409,0.9722926833412864,142151125.0,1.2183620929718018,,
52,,,,,,,,,,,,9.247429405171037e-08,61371181.0,0.5654659271240234,74146905.0,0.6380245685577393,139616586.0,1.3869411945343018,155180755.0,1.8552865982055664,130322908.0,1.2131633758544922,139476572.0,1.3705172538757324,95800109.0,0.9008848667144775,156917323.0,1.9917705059051514,,,22142.514010816976,18740.58859726609,21422.75575185552,21227.98868296948,20454.045068723528,16710.375866202907,14705.537391533502,17541.74724691864,15600.20955553822,16065.288937611422,18908.944828849573,0.971779384396293,121969231.0,1.1090936660766602,,
53,,,,,,,,,,,,1.0806488108012651e-07,74614738.0,0.676206111907959,80405190.0,0.6865160465240479,112203693.0,1.044684648513794,182803853.0,1.993544340133667,146549490.0,1.3205516338348389,171966906.0,1.712437629699707,155437041.0,1.4622149467468262,180470852.0,1.9806358814239502,155268401.0,1.4266738891601562,22580.06824473268,19062.50770769825,21690.442807403397,21599.815293211213,20809.649625014772,16994.372784873507,14852.551115027438,17846.574229550562,15842.174443124895,16223.791582686272,19304.679117100848,0.9733397256244313,,,166711854.0,1.62441086769104
54,,,,,,,,,,,,9.209051797486844e-08,73300288.0,0.6857156753540039,76482714.0,0.670457124710083,148743577.0,1.4103634357452393,171186634.0,1.9275577068328857,,,151219401.0,1.42037034034729,98351738.0,0.9277462959289551,142429872.0,1.2823238372802734,151162760.0,1.395472526550293,23071.489549840735,19280.375875724814,22095.422072712037,22029.595105291606,21063.737548204284,17304.481477929454,15154.01884873159,18224.860043237637,16005.548103127587,16600.768111074813,19582.947305886566,0.9737973213195801,,,156233059.0,1.5520212650299072
55,,,,,,,,,,,,1.0200296009846381e-07,77154282.0,0.6938316822052002,80952491.0,0.6926167011260986,121579645.0,1.090778112411499,157403589.0,1.3715705871582031,156234219.0,1.3375446796417236,,,165165227.0,1.4673564434051514,159500935.0,1.3673648834228516,165265263.0,1.442779541015625,23423.58926703423,19669.598116130197,22544.868551360527,22422.385909751018,21481.71966857833,17562.95405715104,15468.884318518976,18530.521926606565,16361.84954001295,16835.495312924573,20031.621731805633,0.9737942598082803,159144063.0,1.3720862865447998,176022071.0,1.8461418151855469
56,,,,,,,,,,,,1.1495448376028768e-07,70077946.0,0.7365171909332275,60992886.0,0.6171414852142334,86552329.0,0.9590530395507812,,,127509500.0,1.7715041637420654,116685431.0,1.5286762714385986,81669286.0,0.8950610160827637,138519848.0,2.102464199066162,138911754.0,2.075697183609009,23954.959400884138,20020.42554740015,22994.453213049892,22798.325198500184,21848.890485084175,18004.3420083233,15786.20152284191,18771.967576012772,16539.376013482473,17229.326700187743,20232.184816996913,0.9745877818627791,,,124363756.0,1.7376439571380615
57,,,,,,,,,,,,1.0025354367790515e-07,,,66357130.0,0.602283239364624,145838799.0,1.446232795715332,164476508.0,1.935835599899292,155282562.0,1.6387073993682861,157480676.0,1.6846232414245605,102300337.0,0.9634866714477539,136626786.0,1.2833905220031738,143401489.0,1.378633737564087,24233.37723220231,20426.211729806168,23382.348133096795,23215.386815677517,22252.682549602247,18305.75351102006,16147.23446048324,19094.82739210751,16820.114793621386,17637.079497331048,20573.893830800454,0.9748266772790388,130575167.0,1.195185899734497,,
58,,,,,,,,,,,,9.867515287495003e-08,66395093.0,0.6589319705963135,76912584.0,0.7143173217773438,94582827.0,0.9514439105987549,132207852.0,1.320887565612793,127516398.0,1.2417926788330078,143124939.0,1.571805477142334,135693683.0,1.3868002891540527,153470372.0,2.0198886394500732,,,24609.868475127445,20796.66138661449,23776.804118454333,23481.870620572256,22595.105460356586,18528.31175819062,16287.02714037666,19467.96184317936,17142.526368148017,17799.152018466975,20881.826482271943,0.9749032909219916,127869912.0,1.2532432079315186,,
59,,,,,,,,,,,,1.1436732246214328e-07,75349111.0,0.6624934673309326,77960676.0,0.6498682498931885,111260946.0,1.0022625923156738,,,,,156244412.0,1.5288364887237549,100998521.0,0.9030172824859619,140984685.0,1.2561612129211426,145928338.0,1.3221471309661865,25081.80504589687,21132.297641916684,24061.8366601246,23934.658112457033,22837.928743173386,18932.8899474891,16567.38892477241,19749.50272091261,17367.738253656706,18034.77486857482,21245.19709104908,0.9754679853265936,132569302.0,1.1633758544921875,153489902.0,1.530921220779419
60,,,,,,,,,,,,9.89394816328269e-08,55361186.0,0.6101987361907959,59295259.0,0.6102347373962402,141185002.0,1.7848291397094727,,,112206805.0,1.1807563304901123,,,138273084.0,1.698840856552124,115474558.0,1.2127113342285156,142417543.0,1.8651657104492188,25355.147849756766,21381.218566772302,24491.628176496168,24384.872798206594,23212.985398152465,19233.786049450297,16947.013065326035,20036.745935233324,17555.57009033499,18422.981695471768,21486.113546100052,0.9753025553443215,110261864.0,1.128643274307251,132001981.0,1.5418164730072021
61,,,,,,,,,,,,1.2723865795086962e-07,65318070.0,0.5951840877532959,,,102639569.0,0.9621469974517822,157538659.0,1.7762398719787598,123661060.0,1.1442229747772217,148024890.0,1.5205779075622559,99160696.0,0.9182572364807129,,,135488118.0,1.3006079196929932,25865.316488200056,21768.41514544094,24903.49754685697,24752.570574272526,23630.728843184417,19530.092893156532,17159.27019223196,20443.01353472253,17907.950996463045,18658.101268307775,21937.163235664193,0.9762885624712164,,,142527467.0,1.4586541652679443
62,,,,,,,,,,,,1.3164222545165886e-07,69731511.0,0.6505520343780518,83408661.0,0.7302839756011963,114141736.0,1.0599875450134277,161006424.0,1.446899175643921,173552046.0,1.6962158679962158,173914472.0,1.687692642211914,158076317.0,1.4466650485992432,158030968.0,1.3954663276672363,164801702.0,1.482140064239502,26133.647128303972,22157.189298968955,25346.48762629925,24983.411966021587,24074.933911067183,19707.29751028525,17411.0074457485,20629.533468532158,18147.183952081337,19047.342777899965,22155.50575435219,0.9766030040654269,149962324.0,1.3006396293640137,,
63,,,,,,,,,,,,1.1877129524608672e-07,68527169.0,0.7239677906036377,77979293.0,0.7795705795288086,93798222.0,1.009657382965088,157648950.0,1.9860517978668213,147179188.0,1.718376874923706,145620355.0,1.677335500717163,135638142.0,1.5111942291259766,156235990.0,1.9898686408996582,133821252.0,1.4531965255737305,26641.19510411305,22474.635061006167,25785.455151854043,25370.786126271523,24396.3800853459,20043.957779179058,17800.44090081181,21047.342319403906,18532.422556962058,19362.93539214886,22548.22123571749,0.9767589894208041,,,151192179.0,1.8823392391204834
64,,,,,,,,,,,,1.2317069764392757e-07,65828567.0,0.5719609260559082,74597038.0,0.6180667877197266,104290016.0,0.9431412220001221,,,157885277.0,1.5738122463226318,145634943.0,1.3338351249694824,147931261.0,1.3696484565734863,,,146735403.0,1.3275113105773926,27054.814102025346,22808.88363620077,26245.9757878958,25810.384210761124,24779.75051978973,20364.087911723538,17973.687992265484,21464.056466087855,18786.337374338706,19611.81429756498,22880.820271067692,0.9773314649408514,131200775.0,1.1519982814788818,153076024.0,1.5249409675598145
65,,,,,,,,,,,,1.0936204314905827e-07,76711290.0,0.6786839962005615,73012753.0,0.6159799098968506,104703711.0,0.9529132843017578,139405344.0,1.267120599746704,138039198.0,1.2342476844787598,144763118.0,1.3322207927703857,148405504.0,1.4018738269805908,165550662.0,2.023988723754883,,,27546.828729262117,23080.594185627593,26511.399646817306,26294.512393587498,25077.779617097494,20682.66163299839,18205.029131327035,21874.321808287757,19061.82509929528,19855.641386693555,23187.030690623924,0.9770075353709134,,,154290560.0,1.7249033451080322
66,,,,,,,,,,,,1.7808338074889271e-07,55580607.0,0.5998117923736572,63004905.0,0.6476092338562012,82115696.0,0.9368314743041992,137907911.0,1.9071955680847168,,,125008896.0,1.5936534404754639,115195750.0,1.4334499835968018,142014896.0,2.0634217262268066,142391115.0,2.041476011276245,27977.147691325237,23647.550596192472,27121.054415992992,26712.966246207117,25700.0549192534,20998.829362423232,18415.44257496756,22147.037408690827,19359.525277790726,20160.943228520533,23528.67512668098,0.9775523543357849,,,121381708.0,1.525115966796875
67,,,,,,,,,,,,1.2660032034975537e-07,56477699.0,0.5869219303131104,67818247.0,0.6510248184204102,159893390.0,1.7848420143127441,174359478.0,2.2330408096313477,155208831.0,1.6551694869995117,,,156671718.0,1.716644525527954,134840902.0,1.3311100006103516,141065557.0,1.4205195903778076,28481.796155270174,23955.20649013156,27551.53332440654,27136.29692087162,26117.292390807364,21277.15450698244,18756.39221555748,22446.072172202552,19588.90318819004,20638.777052730456,23808.15827275462,0.9779936454512856,122220817.0,1.1767163276672363,152598486.0,1.6058995723724365
68,,,,,,,,,,,,1.285352967435378e-07,,,,,128110756.0,1.4339978694915771,117277349.0,1.236320972442627,119278503.0,1.2311797142028809,,,129482029.0,1.451993703842163,145445185.0,1.9556398391723633,146305534.0,1.9539475440979004,28940.115553013075,24177.232192239935,27850.37393308842,27455.812694680473,26373.60453051935,21535.827820539715,18910.014691898243,22781.97592609177,19821.418402398787,20805.384948509607,24011.26358060182,0.9783209508115595,111794147.0,1.1133036613464355,134922262.0,1.6511566638946533
69,,,,,,,,,,,,1.1028214226227956e-07,84490811.0,0.7691311836242676,81118505.0,0.7040431499481201,158887471.0,1.5062177181243896,145842766.0,1.3383114337921143,173938459.0,1.7284431457519531,169867119.0,1.6412577629089355,103709635.0,0.9643259048461914,182804098.0,2.0544545650482178,163676400.0,1.5243911743164062,29351.894655761167,24573.68449105268,28290.44132602712,27768.702714191648,26782.855343082807,21798.465986407493,19127.28027295305,23135.955003791216,20128.940728239588,21040.179401193673,24411.257875151307,0.9780324968424711,,,168503414.0,1.644991159439087
